{"timestamp":"2026-09-09T06:54:17.038Z","level":"INFO","event":"socket_connected","socketId":"tUJsefYi9TpcERGCAAAB"}
{"timestamp":"2026-09-09T06:54:17.978Z","level":"INFO","event":"timer_broadcast","game":"wingo10","payload":{"minute":0,"secondtime1":1,"secondtime2":3}}
{"timestamp":"2026-09-09T06:54:17.979Z","level":"INFO","event":"timer_broadcast","game":"wingo","payload":{"minute":0,"secondtime1":4,"secondtime2":3}}
{"timestamp":"2026-09-09T06:54:17.979Z","level":"INFO","event":"timer_broadcast","game":"wingo3","payload":{"minute":2,"secondtime1":4,"secondtime2":3}}
{"timestamp":"2026-09-09T06:54:17.980Z","level":"INFO","event":"timer_broadcast","game":"wingo5","payload":{"minute":0,"secondtime1":4,"secondtime2":3}}
{"timestamp":"2026-09-09T06:54:17.984Z","level":"INFO","event":"timer_broadcast","game":"wingo10","payload":{"minute":0,"secondtime1":1,"secondtime2":3}}
{"timestamp":"2026-09-09T06:54:17.985Z","level":"INFO","event":"timer_broadcast","game":"wingo","payload":{"minute":0,"secondtime1":4,"secondtime2":3}}
{"timestamp":"2026-09-09T06:54:17.986Z","level":"INFO","event":"timer_broadcast","game":"wingo3","payload":{"minute":2,"secondtime1":4,"secondtime2":3}}
{"timestamp":"2026-09-09T06:54:17.986Z","level":"INFO","event":"timer_broadcast","game":"wingo5","payload":{"minute":0,"secondtime1":4,"secondtime2":3}}
{"timestamp":"2026-09-09T06:54:18.988Z","level":"INFO","event":"timer_broadcast","game":"wingo10","payload":{"minute":0,"secondtime1":1,"secondtime2":2}}
{"timestamp":"2026-09-09T06:54:18.988Z","level":"INFO","event":"timer_broadcast","game":"wingo","payload":{"minute":0,"secondtime1":4,"secondtime2":2}}
{"timestamp":"2026-09-09T06:54:18.989Z","level":"INFO","event":"timer_broadcast","game":"wingo3","payload":{"minute":2,"secondtime1":4,"secondtime2":2}}
{"timestamp":"2026-09-09T06:54:18.989Z","level":"INFO","event":"timer_broadcast","game":"wingo5","payload":{"minute":0,"secondtime1":4,"secondtime2":2}}
{"timestamp":"2026-09-09T06:54:20.000Z","level":"INFO","event":"timer_broadcast","game":"wingo10","payload":{"minute":0,"secondtime1":1,"secondtime2":0}}
{"timestamp":"2026-09-09T06:54:20.001Z","level":"INFO","event":"timer_broadcast","game":"wingo","payload":{"minute":0,"secondtime1":4,"secondtime2":0}}
{"timestamp":"2026-09-09T06:54:20.002Z","level":"INFO","event":"timer_broadcast","game":"wingo3","payload":{"minute":2,"secondtime1":4,"secondtime2":0}}
{"timestamp":"2026-09-09T06:54:20.002Z","level":"INFO","event":"timer_broadcast","game":"wingo5","payload":{"minute":0,"secondtime1":4,"secondtime2":0}}
{"timestamp":"2026-09-09T06:54:21.010Z","level":"INFO","event":"timer_broadcast","game":"wingo10","payload":{"minute":0,"secondtime1":0,"secondtime2":9}}
{"timestamp":"2026-09-09T06:54:21.011Z","level":"INFO","event":"timer_broadcast","game":"wingo","payload":{"minute":0,"secondtime1":3,"secondtime2":9}}
{"timestamp":"2026-09-09T06:54:21.011Z","level":"INFO","event":"timer_broadcast","game":"wingo3","payload":{"minute":2,"secondtime1":3,"secondtime2":9}}
{"timestamp":"2026-09-09T06:54:21.012Z","level":"INFO","event":"timer_broadcast","game":"wingo5","payload":{"minute":0,"secondtime1":3,"secondtime2":9}}
{"timestamp":"2026-09-09T06:54:22.024Z","level":"INFO","event":"timer_broadcast","game":"wingo10","payload":{"minute":0,"secondtime1":0,"secondtime2":8}}
{"timestamp":"2026-09-09T06:54:22.025Z","level":"INFO","event":"timer_broadcast","game":"wingo","payload":{"minute":0,"secondtime1":3,"secondtime2":8}}
{"timestamp":"2026-09-09T06:54:22.025Z","level":"INFO","event":"timer_broadcast","game":"wingo3","payload":{"minute":2,"secondtime1":3,"secondtime2":8}}
{"timestamp":"2026-09-09T06:54:22.026Z","level":"INFO","event":"timer_broadcast","game":"wingo5","payload":{"minute":0,"secondtime1":3,"secondtime2":8}}
{"timestamp":"2026-09-09T06:54:23.030Z","level":"INFO","event":"timer_broadcast","game":"wingo10","payload":{"minute":0,"secondtime1":0,"secondtime2":7}}
{"timestamp":"2026-09-09T06:54:23.031Z","level":"INFO","event":"timer_broadcast","game":"wingo","payload":{"minute":0,"secondtime1":3,"secondtime2":7}}
{"timestamp":"2026-09-09T06:54:23.031Z","level":"INFO","event":"timer_broadcast","game":"wingo3","payload":{"minute":2,"secondtime1":3,"secondtime2":7}}
{"timestamp":"2026-09-09T06:54:23.031Z","level":"INFO","event":"timer_broadcast","game":"wingo5","payload":{"minute":0,"secondtime1":3,"secondtime2":7}}
{"timestamp":"2026-09-09T06:54:24.043Z","level":"INFO","event":"timer_broadcast","game":"wingo10","payload":{"minute":0,"secondtime1":0,"secondtime2":6}}
{"timestamp":"2026-09-09T06:54:24.043Z","level":"INFO","event":"timer_broadcast","game":"wingo","payload":{"minute":0,"secondtime1":3,"secondtime2":6}}
{"timestamp":"2026-09-09T06:54:24.043Z","level":"INFO","event":"timer_broadcast","game":"wingo3","payload":{"minute":2,"secondtime1":3,"secondtime2":6}}
{"timestamp":"2026-09-09T06:54:24.044Z","level":"INFO","event":"timer_broadcast","game":"wingo5","payload":{"minute":0,"secondtime1":3,"secondtime2":6}}
{"timestamp":"2026-09-09T06:54:25.058Z","level":"INFO","event":"timer_broadcast","game":"wingo10","payload":{"minute":0,"secondtime1":0,"secondtime2":5}}
{"timestamp":"2026-09-09T06:54:25.059Z","level":"INFO","event":"timer_broadcast","game":"wingo","payload":{"minute":0,"secondtime1":3,"secondtime2":5}}
{"timestamp":"2026-09-09T06:54:25.059Z","level":"INFO","event":"timer_broadcast","game":"wingo3","payload":{"minute":2,"secondtime1":3,"secondtime2":5}}
{"timestamp":"2026-09-09T06:54:25.060Z","level":"INFO","event":"timer_broadcast","game":"wingo5","payload":{"minute":0,"secondtime1":3,"secondtime2":5}}
{"timestamp":"2026-09-09T06:54:26.066Z","level":"INFO","event":"timer_broadcast","game":"wingo10","payload":{"minute":0,"secondtime1":0,"secondtime2":4}}
{"timestamp":"2026-09-09T06:54:26.066Z","level":"INFO","event":"timer_broadcast","game":"wingo","payload":{"minute":0,"secondtime1":3,"secondtime2":4}}
{"timestamp":"2026-09-09T06:54:26.067Z","level":"INFO","event":"timer_broadcast","game":"wingo3","payload":{"minute":2,"secondtime1":3,"secondtime2":4}}
{"timestamp":"2026-09-09T06:54:26.067Z","level":"INFO","event":"timer_broadcast","game":"wingo5","payload":{"minute":0,"secondtime1":3,"secondtime2":4}}
{"timestamp":"2026-09-09T06:54:27.066Z","level":"INFO","event":"timer_broadcast","game":"wingo10","payload":{"minute":0,"secondtime1":0,"secondtime2":3}}
{"timestamp":"2026-09-09T06:54:27.068Z","level":"INFO","event":"timer_broadcast","game":"wingo","payload":{"minute":0,"secondtime1":3,"secondtime2":3}}
{"timestamp":"2026-09-09T06:54:27.069Z","level":"INFO","event":"timer_broadcast","game":"wingo3","payload":{"minute":2,"secondtime1":3,"secondtime2":3}}
{"timestamp":"2026-09-09T06:54:27.069Z","level":"INFO","event":"timer_broadcast","game":"wingo5","payload":{"minute":0,"secondtime1":3,"secondtime2":3}}
{"timestamp":"2026-09-09T06:54:28.080Z","level":"INFO","event":"timer_broadcast","game":"wingo10","payload":{"minute":0,"secondtime1":0,"secondtime2":2}}
{"timestamp":"2026-09-09T06:54:28.081Z","level":"INFO","event":"timer_broadcast","game":"wingo","payload":{"minute":0,"secondtime1":3,"secondtime2":2}}
{"timestamp":"2026-09-09T06:54:28.082Z","level":"INFO","event":"timer_broadcast","game":"wingo3","payload":{"minute":2,"secondtime1":3,"secondtime2":2}}
{"timestamp":"2026-09-09T06:54:28.082Z","level":"INFO","event":"timer_broadcast","game":"wingo5","payload":{"minute":0,"secondtime1":3,"secondtime2":2}}
{"timestamp":"2026-09-09T06:54:29.085Z","level":"INFO","event":"timer_broadcast","game":"wingo10","payload":{"minute":0,"secondtime1":0,"secondtime2":1}}
{"timestamp":"2026-09-09T06:54:29.086Z","level":"INFO","event":"timer_broadcast","game":"wingo","payload":{"minute":0,"secondtime1":3,"secondtime2":1}}
{"timestamp":"2026-09-09T06:54:29.086Z","level":"INFO","event":"timer_broadcast","game":"wingo3","payload":{"minute":2,"secondtime1":3,"secondtime2":1}}
{"timestamp":"2026-09-09T06:54:29.087Z","level":"INFO","event":"timer_broadcast","game":"wingo5","payload":{"minute":0,"secondtime1":3,"secondtime2":1}}
{"timestamp":"2026-09-09T06:54:30.093Z","level":"INFO","event":"timer_broadcast","game":"wingo10","payload":{"minute":0,"secondtime1":3,"secondtime2":0}}
{"timestamp":"2026-09-09T06:54:30.094Z","level":"INFO","event":"timer_broadcast","game":"wingo","payload":{"minute":0,"secondtime1":3,"secondtime2":0}}
{"timestamp":"2026-09-09T06:54:30.094Z","level":"INFO","event":"timer_broadcast","game":"wingo3","payload":{"minute":2,"secondtime1":3,"secondtime2":0}}
{"timestamp":"2026-09-09T06:54:30.094Z","level":"INFO","event":"timer_broadcast","game":"wingo5","payload":{"minute":0,"secondtime1":3,"secondtime2":0}}
{"timestamp":"2026-09-09T06:54:30.096Z","level":"INFO","event":"timer_boundary","game":"wingo10","intervalSeconds":30,"totalSeconds":44670,"boundary":1489}
{"timestamp":"2026-09-09T06:54:30.515Z","level":"INFO","event":"result_emitted","game":"wingo10","period":"38463907","amount":6}
{"timestamp":"2026-09-09T06:54:31.095Z","level":"INFO","event":"timer_broadcast","game":"wingo10","payload":{"minute":0,"secondtime1":2,"secondtime2":9}}
{"timestamp":"2026-09-09T06:54:31.096Z","level":"INFO","event":"timer_broadcast","game":"wingo","payload":{"minute":0,"secondtime1":2,"secondtime2":9}}
{"timestamp":"2026-09-09T06:54:31.097Z","level":"INFO","event":"timer_broadcast","game":"wingo3","payload":{"minute":2,"secondtime1":2,"secondtime2":9}}
{"timestamp":"2026-09-09T06:54:31.097Z","level":"INFO","event":"timer_broadcast","game":"wingo5","payload":{"minute":0,"secondtime1":2,"secondtime2":9}}
{"timestamp":"2026-09-09T06:54:32.099Z","level":"INFO","event":"timer_broadcast","game":"wingo10","payload":{"minute":0,"secondtime1":2,"secondtime2":8}}
{"timestamp":"2026-09-09T06:54:32.099Z","level":"INFO","event":"timer_broadcast","game":"wingo","payload":{"minute":0,"secondtime1":2,"secondtime2":8}}
{"timestamp":"2026-09-09T06:54:32.100Z","level":"INFO","event":"timer_broadcast","game":"wingo3","payload":{"minute":2,"secondtime1":2,"secondtime2":8}}
{"timestamp":"2026-09-09T06:54:32.108Z","level":"INFO","event":"timer_broadcast","game":"wingo5","payload":{"minute":0,"secondtime1":2,"secondtime2":8}}
{"timestamp":"2026-09-09T06:54:33.110Z","level":"INFO","event":"timer_broadcast","game":"wingo10","payload":{"minute":0,"secondtime1":2,"secondtime2":7}}
{"timestamp":"2026-09-09T06:54:33.110Z","level":"INFO","event":"timer_broadcast","game":"wingo","payload":{"minute":0,"secondtime1":2,"secondtime2":7}}
{"timestamp":"2026-09-09T06:54:33.111Z","level":"INFO","event":"timer_broadcast","game":"wingo3","payload":{"minute":2,"secondtime1":2,"secondtime2":7}}
{"timestamp":"2026-09-09T06:54:33.111Z","level":"INFO","event":"timer_broadcast","game":"wingo5","payload":{"minute":0,"secondtime1":2,"secondtime2":7}}
{"timestamp":"2026-09-09T06:54:33.420Z","level":"INFO","event":"socket_disconnected","socketId":"tUJsefYi9TpcERGCAAAB","reason":"transport close"}
{"timestamp":"2026-09-09T06:54:34.116Z","level":"INFO","event":"timer_broadcast","game":"wingo10","payload":{"minute":0,"secondtime1":2,"secondtime2":6}}
{"timestamp":"2026-09-09T06:54:34.116Z","level":"INFO","event":"timer_broadcast","game":"wingo","payload":{"minute":0,"secondtime1":2,"secondtime2":6}}
{"timestamp":"2026-09-09T06:54:34.117Z","level":"INFO","event":"timer_broadcast","game":"wingo3","payload":{"minute":2,"secondtime1":2,"secondtime2":6}}
{"timestamp":"2026-09-09T06:54:34.117Z","level":"INFO","event":"timer_broadcast","game":"wingo5","payload":{"minute":0,"secondtime1":2,"secondtime2":6}}
{"timestamp":"2026-09-09T06:54:35.117Z","level":"INFO","event":"timer_broadcast","game":"wingo10","payload":{"minute":0,"secondtime1":2,"secondtime2":5}}
{"timestamp":"2026-09-09T06:54:35.118Z","level":"INFO","event":"timer_broadcast","game":"wingo","payload":{"minute":0,"secondtime1":2,"secondtime2":5}}
{"timestamp":"2026-09-09T06:54:35.118Z","level":"INFO","event":"timer_broadcast","game":"wingo3","payload":{"minute":2,"secondtime1":2,"secondtime2":5}}
{"timestamp":"2026-09-09T06:54:35.119Z","level":"INFO","event":"timer_broadcast","game":"wingo5","payload":{"minute":0,"secondtime1":2,"secondtime2":5}}
{"timestamp":"2026-09-09T06:54:36.126Z","level":"INFO","event":"timer_broadcast","game":"wingo10","payload":{"minute":0,"secondtime1":2,"secondtime2":4}}
{"timestamp":"2026-09-09T06:54:36.127Z","level":"INFO","event":"timer_broadcast","game":"wingo","payload":{"minute":0,"secondtime1":2,"secondtime2":4}}
{"timestamp":"2026-09-09T06:54:36.127Z","level":"INFO","event":"timer_broadcast","game":"wingo3","payload":{"minute":2,"secondtime1":2,"secondtime2":4}}
{"timestamp":"2026-09-09T06:54:36.127Z","level":"INFO","event":"timer_broadcast","game":"wingo5","payload":{"minute":0,"secondtime1":2,"secondtime2":4}}
{"timestamp":"2026-09-09T06:54:37.132Z","level":"INFO","event":"timer_broadcast","game":"wingo10","payload":{"minute":0,"secondtime1":2,"secondtime2":3}}
{"timestamp":"2026-09-09T06:54:37.132Z","level":"INFO","event":"timer_broadcast","game":"wingo","payload":{"minute":0,"secondtime1":2,"secondtime2":3}}
{"timestamp":"2026-09-09T06:54:37.133Z","level":"INFO","event":"timer_broadcast","game":"wingo3","payload":{"minute":2,"secondtime1":2,"secondtime2":3}}
{"timestamp":"2026-09-09T06:54:37.133Z","level":"INFO","event":"timer_broadcast","game":"wingo5","payload":{"minute":0,"secondtime1":2,"secondtime2":3}}
{"timestamp":"2026-09-09T06:54:38.136Z","level":"INFO","event":"timer_broadcast","game":"wingo10","payload":{"minute":0,"secondtime1":2,"secondtime2":2}}
{"timestamp":"2026-09-09T06:54:38.137Z","level":"INFO","event":"timer_broadcast","game":"wingo","payload":{"minute":0,"secondtime1":2,"secondtime2":2}}
{"timestamp":"2026-09-09T06:54:38.138Z","level":"INFO","event":"timer_broadcast","game":"wingo3","payload":{"minute":2,"secondtime1":2,"secondtime2":2}}
{"timestamp":"2026-09-09T06:54:38.138Z","level":"INFO","event":"timer_broadcast","game":"wingo5","payload":{"minute":0,"secondtime1":2,"secondtime2":2}}
{"timestamp":"2026-09-09T06:54:39.140Z","level":"INFO","event":"timer_broadcast","game":"wingo10","payload":{"minute":0,"secondtime1":2,"secondtime2":1}}
{"timestamp":"2026-09-09T06:54:39.141Z","level":"INFO","event":"timer_broadcast","game":"wingo","payload":{"minute":0,"secondtime1":2,"secondtime2":1}}
{"timestamp":"2026-09-09T06:54:39.141Z","level":"INFO","event":"timer_broadcast","game":"wingo3","payload":{"minute":2,"secondtime1":2,"secondtime2":1}}
{"timestamp":"2026-09-09T06:54:39.142Z","level":"INFO","event":"timer_broadcast","game":"wingo5","payload":{"minute":0,"secondtime1":2,"secondtime2":1}}
{"timestamp":"2026-09-09T06:54:40.152Z","level":"INFO","event":"timer_broadcast","game":"wingo10","payload":{"minute":0,"secondtime1":2,"secondtime2":0}}
{"timestamp":"2026-09-09T06:54:40.152Z","level":"INFO","event":"timer_broadcast","game":"wingo","payload":{"minute":0,"secondtime1":2,"secondtime2":0}}
{"timestamp":"2026-09-09T06:54:40.153Z","level":"INFO","event":"timer_broadcast","game":"wingo3","payload":{"minute":2,"secondtime1":2,"secondtime2":0}}
{"timestamp":"2026-09-09T06:54:40.154Z","level":"INFO","event":"timer_broadcast","game":"wingo5","payload":{"minute":0,"secondtime1":2,"secondtime2":0}}
{"timestamp":"2026-09-09T06:54:41.167Z","level":"INFO","event":"timer_broadcast","game":"wingo10","payload":{"minute":0,"secondtime1":1,"secondtime2":9}}
{"timestamp":"2026-09-09T06:54:41.167Z","level":"INFO","event":"timer_broadcast","game":"wingo","payload":{"minute":0,"secondtime1":1,"secondtime2":9}}
{"timestamp":"2026-09-09T06:54:41.168Z","level":"INFO","event":"timer_broadcast","game":"wingo3","payload":{"minute":2,"secondtime1":1,"secondtime2":9}}
{"timestamp":"2026-09-09T06:54:41.169Z","level":"INFO","event":"timer_broadcast","game":"wingo5","payload":{"minute":0,"secondtime1":1,"secondtime2":9}}
{"timestamp":"2026-09-09T06:54:42.181Z","level":"INFO","event":"timer_broadcast","game":"wingo10","payload":{"minute":0,"secondtime1":1,"secondtime2":8}}
{"timestamp":"2026-09-09T06:54:42.181Z","level":"INFO","event":"timer_broadcast","game":"wingo","payload":{"minute":0,"secondtime1":1,"secondtime2":8}}
{"timestamp":"2026-09-09T06:54:42.182Z","level":"INFO","event":"timer_broadcast","game":"wingo3","payload":{"minute":2,"secondtime1":1,"secondtime2":8}}
{"timestamp":"2026-09-09T06:54:42.182Z","level":"INFO","event":"timer_broadcast","game":"wingo5","payload":{"minute":0,"secondtime1":1,"secondtime2":8}}
{"timestamp":"2026-09-09T06:54:43.182Z","level":"INFO","event":"timer_broadcast","game":"wingo10","payload":{"minute":0,"secondtime1":1,"secondtime2":7}}
{"timestamp":"2026-09-09T06:54:43.183Z","level":"INFO","event":"timer_broadcast","game":"wingo","payload":{"minute":0,"secondtime1":1,"secondtime2":7}}
{"timestamp":"2026-09-09T06:54:43.183Z","level":"INFO","event":"timer_broadcast","game":"wingo3","payload":{"minute":2,"secondtime1":1,"secondtime2":7}}
{"timestamp":"2026-09-09T06:54:43.183Z","level":"INFO","event":"timer_broadcast","game":"wingo5","payload":{"minute":0,"secondtime1":1,"secondtime2":7}}
{"timestamp":"2026-09-09T06:54:44.182Z","level":"INFO","event":"timer_broadcast","game":"wingo10","payload":{"minute":0,"secondtime1":1,"secondtime2":6}}
{"timestamp":"2026-09-09T06:54:44.183Z","level":"INFO","event":"timer_broadcast","game":"wingo","payload":{"minute":0,"secondtime1":1,"secondtime2":6}}
{"timestamp":"2026-09-09T06:54:44.183Z","level":"INFO","event":"timer_broadcast","game":"wingo3","payload":{"minute":2,"secondtime1":1,"secondtime2":6}}
{"timestamp":"2026-09-09T06:54:44.184Z","level":"INFO","event":"timer_broadcast","game":"wingo5","payload":{"minute":0,"secondtime1":1,"secondtime2":6}}
{"timestamp":"2026-09-09T06:54:44.902Z","level":"INFO","event":"socket_connected","socketId":"hokpbFfgCQouNraoAAAD"}
{"timestamp":"2026-09-09T06:54:45.184Z","level":"INFO","event":"timer_broadcast","game":"wingo10","payload":{"minute":0,"secondtime1":1,"secondtime2":5}}
{"timestamp":"2026-09-09T06:54:45.185Z","level":"INFO","event":"timer_broadcast","game":"wingo","payload":{"minute":0,"secondtime1":1,"secondtime2":5}}
{"timestamp":"2026-09-09T06:54:45.185Z","level":"INFO","event":"timer_broadcast","game":"wingo3","payload":{"minute":2,"secondtime1":1,"secondtime2":5}}
{"timestamp":"2026-09-09T06:54:45.186Z","level":"INFO","event":"timer_broadcast","game":"wingo5","payload":{"minute":0,"secondtime1":1,"secondtime2":5}}
{"timestamp":"2026-09-09T06:54:46.184Z","level":"INFO","event":"timer_broadcast","game":"wingo10","payload":{"minute":0,"secondtime1":1,"secondtime2":4}}
{"timestamp":"2026-09-09T06:54:46.186Z","level":"INFO","event":"timer_broadcast","game":"wingo","payload":{"minute":0,"secondtime1":1,"secondtime2":4}}
{"timestamp":"2026-09-09T06:54:46.187Z","level":"INFO","event":"timer_broadcast","game":"wingo3","payload":{"minute":2,"secondtime1":1,"secondtime2":4}}
{"timestamp":"2026-09-09T06:54:46.188Z","level":"INFO","event":"timer_broadcast","game":"wingo5","payload":{"minute":0,"secondtime1":1,"secondtime2":4}}
{"timestamp":"2026-09-09T06:54:47.189Z","level":"INFO","event":"timer_broadcast","game":"wingo10","payload":{"minute":0,"secondtime1":1,"secondtime2":3}}
{"timestamp":"2026-09-09T06:54:47.189Z","level":"INFO","event":"timer_broadcast","game":"wingo","payload":{"minute":0,"secondtime1":1,"secondtime2":3}}
{"timestamp":"2026-09-09T06:54:47.189Z","level":"INFO","event":"timer_broadcast","game":"wingo3","payload":{"minute":2,"secondtime1":1,"secondtime2":3}}
{"timestamp":"2026-09-09T06:54:47.190Z","level":"INFO","event":"timer_broadcast","game":"wingo5","payload":{"minute":0,"secondtime1":1,"secondtime2":3}}
{"timestamp":"2026-09-09T06:54:48.198Z","level":"INFO","event":"timer_broadcast","game":"wingo10","payload":{"minute":0,"secondtime1":1,"secondtime2":2}}
{"timestamp":"2026-09-09T06:54:48.199Z","level":"INFO","event":"timer_broadcast","game":"wingo","payload":{"minute":0,"secondtime1":1,"secondtime2":2}}
{"timestamp":"2026-09-09T06:54:48.199Z","level":"INFO","event":"timer_broadcast","game":"wingo3","payload":{"minute":2,"secondtime1":1,"secondtime2":2}}
{"timestamp":"2026-09-09T06:54:48.200Z","level":"INFO","event":"timer_broadcast","game":"wingo5","payload":{"minute":0,"secondtime1":1,"secondtime2":2}}
{"timestamp":"2026-09-09T06:54:49.199Z","level":"INFO","event":"timer_broadcast","game":"wingo10","payload":{"minute":0,"secondtime1":1,"secondtime2":1}}
{"timestamp":"2026-09-09T06:54:49.200Z","level":"INFO","event":"timer_broadcast","game":"wingo","payload":{"minute":0,"secondtime1":1,"secondtime2":1}}
{"timestamp":"2026-09-09T06:54:49.200Z","level":"INFO","event":"timer_broadcast","game":"wingo3","payload":{"minute":2,"secondtime1":1,"secondtime2":1}}
{"timestamp":"2026-09-09T06:54:49.204Z","level":"INFO","event":"timer_broadcast","game":"wingo5","payload":{"minute":0,"secondtime1":1,"secondtime2":1}}
{"timestamp":"2026-09-09T06:54:50.214Z","level":"INFO","event":"timer_broadcast","game":"wingo10","payload":{"minute":0,"secondtime1":1,"secondtime2":0}}
{"timestamp":"2026-09-09T06:54:50.215Z","level":"INFO","event":"timer_broadcast","game":"wingo","payload":{"minute":0,"secondtime1":1,"secondtime2":0}}
{"timestamp":"2026-09-09T06:54:50.215Z","level":"INFO","event":"timer_broadcast","game":"wingo3","payload":{"minute":2,"secondtime1":1,"secondtime2":0}}
{"timestamp":"2026-09-09T06:54:50.216Z","level":"INFO","event":"timer_broadcast","game":"wingo5","payload":{"minute":0,"secondtime1":1,"secondtime2":0}}
{"timestamp":"2026-09-09T06:54:51.215Z","level":"INFO","event":"timer_broadcast","game":"wingo10","payload":{"minute":0,"secondtime1":0,"secondtime2":9}}
{"timestamp":"2026-09-09T06:54:51.216Z","level":"INFO","event":"timer_broadcast","game":"wingo","payload":{"minute":0,"secondtime1":0,"secondtime2":9}}
{"timestamp":"2026-09-09T06:54:51.216Z","level":"INFO","event":"timer_broadcast","game":"wingo3","payload":{"minute":2,"secondtime1":0,"secondtime2":9}}
{"timestamp":"2026-09-09T06:54:51.216Z","level":"INFO","event":"timer_broadcast","game":"wingo5","payload":{"minute":0,"secondtime1":0,"secondtime2":9}}
{"timestamp":"2026-09-09T06:54:52.225Z","level":"INFO","event":"timer_broadcast","game":"wingo10","payload":{"minute":0,"secondtime1":0,"secondtime2":8}}
{"timestamp":"2026-09-09T06:54:52.226Z","level":"INFO","event":"timer_broadcast","game":"wingo","payload":{"minute":0,"secondtime1":0,"secondtime2":8}}
{"timestamp":"2026-09-09T06:54:52.226Z","level":"INFO","event":"timer_broadcast","game":"wingo3","payload":{"minute":2,"secondtime1":0,"secondtime2":8}}
{"timestamp":"2026-09-09T06:54:52.226Z","level":"INFO","event":"timer_broadcast","game":"wingo5","payload":{"minute":0,"secondtime1":0,"secondtime2":8}}
{"timestamp":"2026-09-09T06:54:53.237Z","level":"INFO","event":"timer_broadcast","game":"wingo10","payload":{"minute":0,"secondtime1":0,"secondtime2":7}}
{"timestamp":"2026-09-09T06:54:53.238Z","level":"INFO","event":"timer_broadcast","game":"wingo","payload":{"minute":0,"secondtime1":0,"secondtime2":7}}
{"timestamp":"2026-09-09T06:54:53.238Z","level":"INFO","event":"timer_broadcast","game":"wingo3","payload":{"minute":2,"secondtime1":0,"secondtime2":7}}
{"timestamp":"2026-09-09T06:54:53.239Z","level":"INFO","event":"timer_broadcast","game":"wingo5","payload":{"minute":0,"secondtime1":0,"secondtime2":7}}
{"timestamp":"2026-09-09T06:54:54.241Z","level":"INFO","event":"timer_broadcast","game":"wingo10","payload":{"minute":0,"secondtime1":0,"secondtime2":6}}
{"timestamp":"2026-09-09T06:54:54.242Z","level":"INFO","event":"timer_broadcast","game":"wingo","payload":{"minute":0,"secondtime1":0,"secondtime2":6}}
{"timestamp":"2026-09-09T06:54:54.242Z","level":"INFO","event":"timer_broadcast","game":"wingo3","payload":{"minute":2,"secondtime1":0,"secondtime2":6}}
{"timestamp":"2026-09-09T06:54:54.243Z","level":"INFO","event":"timer_broadcast","game":"wingo5","payload":{"minute":0,"secondtime1":0,"secondtime2":6}}
{"timestamp":"2026-09-09T06:54:55.242Z","level":"INFO","event":"timer_broadcast","game":"wingo10","payload":{"minute":0,"secondtime1":0,"secondtime2":5}}
{"timestamp":"2026-09-09T06:54:55.242Z","level":"INFO","event":"timer_broadcast","game":"wingo","payload":{"minute":0,"secondtime1":0,"secondtime2":5}}
{"timestamp":"2026-09-09T06:54:55.243Z","level":"INFO","event":"timer_broadcast","game":"wingo3","payload":{"minute":2,"secondtime1":0,"secondtime2":5}}
{"timestamp":"2026-09-09T06:54:55.243Z","level":"INFO","event":"timer_broadcast","game":"wingo5","payload":{"minute":0,"secondtime1":0,"secondtime2":5}}
{"timestamp":"2026-09-09T06:54:56.270Z","level":"INFO","event":"timer_broadcast","game":"wingo10","payload":{"minute":0,"secondtime1":0,"secondtime2":4}}
{"timestamp":"2026-09-09T06:54:56.271Z","level":"INFO","event":"timer_broadcast","game":"wingo","payload":{"minute":0,"secondtime1":0,"secondtime2":4}}
{"timestamp":"2026-09-09T06:54:56.271Z","level":"INFO","event":"timer_broadcast","game":"wingo3","payload":{"minute":2,"secondtime1":0,"secondtime2":4}}
{"timestamp":"2026-09-09T06:54:56.272Z","level":"INFO","event":"timer_broadcast","game":"wingo5","payload":{"minute":0,"secondtime1":0,"secondtime2":4}}
{"timestamp":"2026-09-09T06:54:57.270Z","level":"INFO","event":"timer_broadcast","game":"wingo10","payload":{"minute":0,"secondtime1":0,"secondtime2":3}}
{"timestamp":"2026-09-09T06:54:57.271Z","level":"INFO","event":"timer_broadcast","game":"wingo","payload":{"minute":0,"secondtime1":0,"secondtime2":3}}
{"timestamp":"2026-09-09T06:54:57.272Z","level":"INFO","event":"timer_broadcast","game":"wingo3","payload":{"minute":2,"secondtime1":0,"secondtime2":3}}
{"timestamp":"2026-09-09T06:54:57.272Z","level":"INFO","event":"timer_broadcast","game":"wingo5","payload":{"minute":0,"secondtime1":0,"secondtime2":3}}
{"timestamp":"2026-09-09T06:54:58.284Z","level":"INFO","event":"timer_broadcast","game":"wingo10","payload":{"minute":0,"secondtime1":0,"secondtime2":2}}
{"timestamp":"2026-09-09T06:54:58.284Z","level":"INFO","event":"timer_broadcast","game":"wingo","payload":{"minute":0,"secondtime1":0,"secondtime2":2}}
{"timestamp":"2026-09-09T06:54:58.285Z","level":"INFO","event":"timer_broadcast","game":"wingo3","payload":{"minute":2,"secondtime1":0,"secondtime2":2}}
{"timestamp":"2026-09-09T06:54:58.285Z","level":"INFO","event":"timer_broadcast","game":"wingo5","payload":{"minute":0,"secondtime1":0,"secondtime2":2}}
{"timestamp":"2026-09-09T06:54:59.300Z","level":"INFO","event":"timer_broadcast","game":"wingo10","payload":{"minute":0,"secondtime1":0,"secondtime2":1}}
{"timestamp":"2026-09-09T06:54:59.300Z","level":"INFO","event":"timer_broadcast","game":"wingo","payload":{"minute":0,"secondtime1":0,"secondtime2":1}}
{"timestamp":"2026-09-09T06:54:59.304Z","level":"INFO","event":"timer_broadcast","game":"wingo3","payload":{"minute":2,"secondtime1":0,"secondtime2":1}}
{"timestamp":"2026-09-09T06:54:59.305Z","level":"INFO","event":"timer_broadcast","game":"wingo5","payload":{"minute":0,"secondtime1":0,"secondtime2":1}}
{"timestamp":"2026-09-09T06:55:00.301Z","level":"INFO","event":"timer_broadcast","game":"wingo10","payload":{"minute":0,"secondtime1":3,"secondtime2":0}}
{"timestamp":"2026-09-09T06:55:00.302Z","level":"INFO","event":"timer_broadcast","game":"wingo","payload":{"minute":1,"secondtime1":0,"secondtime2":0}}
{"timestamp":"2026-09-09T06:55:00.302Z","level":"INFO","event":"timer_broadcast","game":"wingo3","payload":{"minute":2,"secondtime1":0,"secondtime2":0}}
{"timestamp":"2026-09-09T06:55:00.303Z","level":"INFO","event":"timer_broadcast","game":"wingo5","payload":{"minute":5,"secondtime1":0,"secondtime2":0}}
{"timestamp":"2026-09-09T06:55:00.304Z","level":"INFO","event":"timer_boundary","game":"wingo10","intervalSeconds":30,"totalSeconds":44700,"boundary":1490}
{"timestamp":"2026-09-09T06:55:00.305Z","level":"INFO","event":"timer_boundary","game":"wingo","intervalSeconds":60,"totalSeconds":44700,"boundary":745}
{"timestamp":"2026-09-09T06:55:00.306Z","level":"INFO","event":"timer_boundary","game":"wingo5","intervalSeconds":300,"totalSeconds":44700,"boundary":149}
{"timestamp":"2026-09-09T06:55:00.655Z","level":"INFO","event":"result_emitted","game":"wingo10","period":"38463909","amount":9}
{"timestamp":"2026-09-09T06:55:00.727Z","level":"INFO","event":"result_emitted","game":"wingo","period":"2667735","amount":9}
{"timestamp":"2026-09-09T06:55:00.936Z","level":"INFO","event":"result_emitted","game":"wingo5","period":"20260903100030613","amount":7}
{"timestamp":"2026-09-09T06:55:01.315Z","level":"INFO","event":"timer_broadcast","game":"wingo10","payload":{"minute":0,"secondtime1":2,"secondtime2":9}}
{"timestamp":"2026-09-09T06:55:01.316Z","level":"INFO","event":"timer_broadcast","game":"wingo","payload":{"minute":0,"secondtime1":5,"secondtime2":9}}
{"timestamp":"2026-09-09T06:55:01.316Z","level":"INFO","event":"timer_broadcast","game":"wingo3","payload":{"minute":1,"secondtime1":5,"secondtime2":9}}
{"timestamp":"2026-09-09T06:55:01.317Z","level":"INFO","event":"timer_broadcast","game":"wingo5","payload":{"minute":4,"secondtime1":5,"secondtime2":9}}
{"timestamp":"2026-09-09T06:55:02.318Z","level":"INFO","event":"timer_broadcast","game":"wingo10","payload":{"minute":0,"secondtime1":2,"secondtime2":8}}
{"timestamp":"2026-09-09T06:55:02.319Z","level":"INFO","event":"timer_broadcast","game":"wingo","payload":{"minute":0,"secondtime1":5,"secondtime2":8}}
{"timestamp":"2026-09-09T06:55:02.319Z","level":"INFO","event":"timer_broadcast","game":"wingo3","payload":{"minute":1,"secondtime1":5,"secondtime2":8}}
{"timestamp":"2026-09-09T06:55:02.320Z","level":"INFO","event":"timer_broadcast","game":"wingo5","payload":{"minute":4,"secondtime1":5,"secondtime2":8}}
{"timestamp":"2026-09-09T06:55:03.318Z","level":"INFO","event":"timer_broadcast","game":"wingo10","payload":{"minute":0,"secondtime1":2,"secondtime2":7}}
{"timestamp":"2026-09-09T06:55:03.318Z","level":"INFO","event":"timer_broadcast","game":"wingo","payload":{"minute":0,"secondtime1":5,"secondtime2":7}}
{"timestamp":"2026-09-09T06:55:03.319Z","level":"INFO","event":"timer_broadcast","game":"wingo3","payload":{"minute":1,"secondtime1":5,"secondtime2":7}}
{"timestamp":"2026-09-09T06:55:03.319Z","level":"INFO","event":"timer_broadcast","game":"wingo5","payload":{"minute":4,"secondtime1":5,"secondtime2":7}}
{"timestamp":"2026-09-09T06:55:04.318Z","level":"INFO","event":"timer_broadcast","game":"wingo10","payload":{"minute":0,"secondtime1":2,"secondtime2":6}}
{"timestamp":"2026-09-09T06:55:04.318Z","level":"INFO","event":"timer_broadcast","game":"wingo","payload":{"minute":0,"secondtime1":5,"secondtime2":6}}
{"timestamp":"2026-09-09T06:55:04.319Z","level":"INFO","event":"timer_broadcast","game":"wingo3","payload":{"minute":1,"secondtime1":5,"secondtime2":6}}
{"timestamp":"2026-09-09T06:55:04.319Z","level":"INFO","event":"timer_broadcast","game":"wingo5","payload":{"minute":4,"secondtime1":5,"secondtime2":6}}
{"timestamp":"2026-09-09T06:55:05.321Z","level":"INFO","event":"timer_broadcast","game":"wingo10","payload":{"minute":0,"secondtime1":2,"secondtime2":5}}
{"timestamp":"2026-09-09T06:55:05.321Z","level":"INFO","event":"timer_broadcast","game":"wingo","payload":{"minute":0,"secondtime1":5,"secondtime2":5}}
{"timestamp":"2026-09-09T06:55:05.322Z","level":"INFO","event":"timer_broadcast","game":"wingo3","payload":{"minute":1,"secondtime1":5,"secondtime2":5}}
{"timestamp":"2026-09-09T06:55:05.322Z","level":"INFO","event":"timer_broadcast","game":"wingo5","payload":{"minute":4,"secondtime1":5,"secondtime2":5}}
{"timestamp":"2026-09-09T06:55:06.329Z","level":"INFO","event":"timer_broadcast","game":"wingo10","payload":{"minute":0,"secondtime1":2,"secondtime2":4}}
{"timestamp":"2026-09-09T06:55:06.329Z","level":"INFO","event":"timer_broadcast","game":"wingo","payload":{"minute":0,"secondtime1":5,"secondtime2":4}}
{"timestamp":"2026-09-09T06:55:06.330Z","level":"INFO","event":"timer_broadcast","game":"wingo3","payload":{"minute":1,"secondtime1":5,"secondtime2":4}}
{"timestamp":"2026-09-09T06:55:06.330Z","level":"INFO","event":"timer_broadcast","game":"wingo5","payload":{"minute":4,"secondtime1":5,"secondtime2":4}}
{"timestamp":"2026-09-09T06:55:07.333Z","level":"INFO","event":"timer_broadcast","game":"wingo10","payload":{"minute":0,"secondtime1":2,"secondtime2":3}}
{"timestamp":"2026-09-09T06:55:07.333Z","level":"INFO","event":"timer_broadcast","game":"wingo","payload":{"minute":0,"secondtime1":5,"secondtime2":3}}
{"timestamp":"2026-09-09T06:55:07.334Z","level":"INFO","event":"timer_broadcast","game":"wingo3","payload":{"minute":1,"secondtime1":5,"secondtime2":3}}
{"timestamp":"2026-09-09T06:55:07.334Z","level":"INFO","event":"timer_broadcast","game":"wingo5","payload":{"minute":4,"secondtime1":5,"secondtime2":3}}
{"timestamp":"2026-09-09T06:55:08.333Z","level":"INFO","event":"timer_broadcast","game":"wingo10","payload":{"minute":0,"secondtime1":2,"secondtime2":2}}
{"timestamp":"2026-09-09T06:55:08.334Z","level":"INFO","event":"timer_broadcast","game":"wingo","payload":{"minute":0,"secondtime1":5,"secondtime2":2}}
{"timestamp":"2026-09-09T06:55:08.334Z","level":"INFO","event":"timer_broadcast","game":"wingo3","payload":{"minute":1,"secondtime1":5,"secondtime2":2}}
{"timestamp":"2026-09-09T06:55:08.334Z","level":"INFO","event":"timer_broadcast","game":"wingo5","payload":{"minute":4,"secondtime1":5,"secondtime2":2}}
{"timestamp":"2026-09-09T06:55:09.334Z","level":"INFO","event":"timer_broadcast","game":"wingo10","payload":{"minute":0,"secondtime1":2,"secondtime2":1}}
{"timestamp":"2026-09-09T06:55:09.334Z","level":"INFO","event":"timer_broadcast","game":"wingo","payload":{"minute":0,"secondtime1":5,"secondtime2":1}}
{"timestamp":"2026-09-09T06:55:09.335Z","level":"INFO","event":"timer_broadcast","game":"wingo3","payload":{"minute":1,"secondtime1":5,"secondtime2":1}}
{"timestamp":"2026-09-09T06:55:09.335Z","level":"INFO","event":"timer_broadcast","game":"wingo5","payload":{"minute":4,"secondtime1":5,"secondtime2":1}}
{"timestamp":"2026-09-09T06:55:10.351Z","level":"INFO","event":"timer_broadcast","game":"wingo10","payload":{"minute":0,"secondtime1":2,"secondtime2":0}}
{"timestamp":"2026-09-09T06:55:10.351Z","level":"INFO","event":"timer_broadcast","game":"wingo","payload":{"minute":0,"secondtime1":5,"secondtime2":0}}
{"timestamp":"2026-09-09T06:55:10.352Z","level":"INFO","event":"timer_broadcast","game":"wingo3","payload":{"minute":1,"secondtime1":5,"secondtime2":0}}
{"timestamp":"2026-09-09T06:55:10.352Z","level":"INFO","event":"timer_broadcast","game":"wingo5","payload":{"minute":4,"secondtime1":5,"secondtime2":0}}
{"timestamp":"2026-09-09T06:55:11.362Z","level":"INFO","event":"timer_broadcast","game":"wingo10","payload":{"minute":0,"secondtime1":1,"secondtime2":9}}
{"timestamp":"2026-09-09T06:55:11.363Z","level":"INFO","event":"timer_broadcast","game":"wingo","payload":{"minute":0,"secondtime1":4,"secondtime2":9}}
{"timestamp":"2026-09-09T06:55:11.363Z","level":"INFO","event":"timer_broadcast","game":"wingo3","payload":{"minute":1,"secondtime1":4,"secondtime2":9}}
{"timestamp":"2026-09-09T06:55:11.364Z","level":"INFO","event":"timer_broadcast","game":"wingo5","payload":{"minute":4,"secondtime1":4,"secondtime2":9}}
{"timestamp":"2026-09-09T06:55:12.366Z","level":"INFO","event":"timer_broadcast","game":"wingo10","payload":{"minute":0,"secondtime1":1,"secondtime2":8}}
{"timestamp":"2026-09-09T06:55:12.366Z","level":"INFO","event":"timer_broadcast","game":"wingo","payload":{"minute":0,"secondtime1":4,"secondtime2":8}}
{"timestamp":"2026-09-09T06:55:12.367Z","level":"INFO","event":"timer_broadcast","game":"wingo3","payload":{"minute":1,"secondtime1":4,"secondtime2":8}}
{"timestamp":"2026-09-09T06:55:12.367Z","level":"INFO","event":"timer_broadcast","game":"wingo5","payload":{"minute":4,"secondtime1":4,"secondtime2":8}}
{"timestamp":"2026-09-09T06:55:13.381Z","level":"INFO","event":"timer_broadcast","game":"wingo10","payload":{"minute":0,"secondtime1":1,"secondtime2":7}}
{"timestamp":"2026-09-09T06:55:13.382Z","level":"INFO","event":"timer_broadcast","game":"wingo","payload":{"minute":0,"secondtime1":4,"secondtime2":7}}
{"timestamp":"2026-09-09T06:55:13.382Z","level":"INFO","event":"timer_broadcast","game":"wingo3","payload":{"minute":1,"secondtime1":4,"secondtime2":7}}
{"timestamp":"2026-09-09T06:55:13.383Z","level":"INFO","event":"timer_broadcast","game":"wingo5","payload":{"minute":4,"secondtime1":4,"secondtime2":7}}
{"timestamp":"2026-09-09T06:55:14.381Z","level":"INFO","event":"timer_broadcast","game":"wingo10","payload":{"minute":0,"secondtime1":1,"secondtime2":6}}
{"timestamp":"2026-09-09T06:55:14.381Z","level":"INFO","event":"timer_broadcast","game":"wingo","payload":{"minute":0,"secondtime1":4,"secondtime2":6}}
{"timestamp":"2026-09-09T06:55:14.382Z","level":"INFO","event":"timer_broadcast","game":"wingo3","payload":{"minute":1,"secondtime1":4,"secondtime2":6}}
{"timestamp":"2026-09-09T06:55:14.382Z","level":"INFO","event":"timer_broadcast","game":"wingo5","payload":{"minute":4,"secondtime1":4,"secondtime2":6}}
{"timestamp":"2026-09-09T06:55:15.396Z","level":"INFO","event":"timer_broadcast","game":"wingo10","payload":{"minute":0,"secondtime1":1,"secondtime2":5}}
{"timestamp":"2026-09-09T06:55:15.397Z","level":"INFO","event":"timer_broadcast","game":"wingo","payload":{"minute":0,"secondtime1":4,"secondtime2":5}}
{"timestamp":"2026-09-09T06:55:15.397Z","level":"INFO","event":"timer_broadcast","game":"wingo3","payload":{"minute":1,"secondtime1":4,"secondtime2":5}}
{"timestamp":"2026-09-09T06:55:15.398Z","level":"INFO","event":"timer_broadcast","game":"wingo5","payload":{"minute":4,"secondtime1":4,"secondtime2":5}}
{"timestamp":"2026-09-09T06:55:16.399Z","level":"INFO","event":"timer_broadcast","game":"wingo10","payload":{"minute":0,"secondtime1":1,"secondtime2":4}}
{"timestamp":"2026-09-09T06:55:16.399Z","level":"INFO","event":"timer_broadcast","game":"wingo","payload":{"minute":0,"secondtime1":4,"secondtime2":4}}
{"timestamp":"2026-09-09T06:55:16.400Z","level":"INFO","event":"timer_broadcast","game":"wingo3","payload":{"minute":1,"secondtime1":4,"secondtime2":4}}
{"timestamp":"2026-09-09T06:55:16.400Z","level":"INFO","event":"timer_broadcast","game":"wingo5","payload":{"minute":4,"secondtime1":4,"secondtime2":4}}
{"timestamp":"2026-09-09T06:55:17.399Z","level":"INFO","event":"timer_broadcast","game":"wingo10","payload":{"minute":0,"secondtime1":1,"secondtime2":3}}
{"timestamp":"2026-09-09T06:55:17.399Z","level":"INFO","event":"timer_broadcast","game":"wingo","payload":{"minute":0,"secondtime1":4,"secondtime2":3}}
{"timestamp":"2026-09-09T06:55:17.400Z","level":"INFO","event":"timer_broadcast","game":"wingo3","payload":{"minute":1,"secondtime1":4,"secondtime2":3}}
{"timestamp":"2026-09-09T06:55:17.400Z","level":"INFO","event":"timer_broadcast","game":"wingo5","payload":{"minute":4,"secondtime1":4,"secondtime2":3}}
{"timestamp":"2026-09-09T06:55:18.412Z","level":"INFO","event":"timer_broadcast","game":"wingo10","payload":{"minute":0,"secondtime1":1,"secondtime2":2}}
{"timestamp":"2026-09-09T06:55:18.413Z","level":"INFO","event":"timer_broadcast","game":"wingo","payload":{"minute":0,"secondtime1":4,"secondtime2":2}}
{"timestamp":"2026-09-09T06:55:18.414Z","level":"INFO","event":"timer_broadcast","game":"wingo3","payload":{"minute":1,"secondtime1":4,"secondtime2":2}}
{"timestamp":"2026-09-09T06:55:18.414Z","level":"INFO","event":"timer_broadcast","game":"wingo5","payload":{"minute":4,"secondtime1":4,"secondtime2":2}}
{"timestamp":"2026-09-09T06:55:19.428Z","level":"INFO","event":"timer_broadcast","game":"wingo10","payload":{"minute":0,"secondtime1":1,"secondtime2":1}}
{"timestamp":"2026-09-09T06:55:19.428Z","level":"INFO","event":"timer_broadcast","game":"wingo","payload":{"minute":0,"secondtime1":4,"secondtime2":1}}
{"timestamp":"2026-09-09T06:55:19.429Z","level":"INFO","event":"timer_broadcast","game":"wingo3","payload":{"minute":1,"secondtime1":4,"secondtime2":1}}
{"timestamp":"2026-09-09T06:55:19.429Z","level":"INFO","event":"timer_broadcast","game":"wingo5","payload":{"minute":4,"secondtime1":4,"secondtime2":1}}
{"timestamp":"2026-09-09T06:55:20.430Z","level":"INFO","event":"timer_broadcast","game":"wingo10","payload":{"minute":0,"secondtime1":1,"secondtime2":0}}
{"timestamp":"2026-09-09T06:55:20.431Z","level":"INFO","event":"timer_broadcast","game":"wingo","payload":{"minute":0,"secondtime1":4,"secondtime2":0}}
{"timestamp":"2026-09-09T06:55:20.431Z","level":"INFO","event":"timer_broadcast","game":"wingo3","payload":{"minute":1,"secondtime1":4,"secondtime2":0}}
{"timestamp":"2026-09-09T06:55:20.432Z","level":"INFO","event":"timer_broadcast","game":"wingo5","payload":{"minute":4,"secondtime1":4,"secondtime2":0}}
{"timestamp":"2026-09-09T06:55:21.442Z","level":"INFO","event":"timer_broadcast","game":"wingo10","payload":{"minute":0,"secondtime1":0,"secondtime2":9}}
{"timestamp":"2026-09-09T06:55:21.443Z","level":"INFO","event":"timer_broadcast","game":"wingo","payload":{"minute":0,"secondtime1":3,"secondtime2":9}}
{"timestamp":"2026-09-09T06:55:21.443Z","level":"INFO","event":"timer_broadcast","game":"wingo3","payload":{"minute":1,"secondtime1":3,"secondtime2":9}}
{"timestamp":"2026-09-09T06:55:21.443Z","level":"INFO","event":"timer_broadcast","game":"wingo5","payload":{"minute":4,"secondtime1":3,"secondtime2":9}}
{"timestamp":"2026-09-09T06:55:22.454Z","level":"INFO","event":"timer_broadcast","game":"wingo10","payload":{"minute":0,"secondtime1":0,"secondtime2":8}}
{"timestamp":"2026-09-09T06:55:22.455Z","level":"INFO","event":"timer_broadcast","game":"wingo","payload":{"minute":0,"secondtime1":3,"secondtime2":8}}
{"timestamp":"2026-09-09T06:55:22.455Z","level":"INFO","event":"timer_broadcast","game":"wingo3","payload":{"minute":1,"secondtime1":3,"secondtime2":8}}
{"timestamp":"2026-09-09T06:55:22.456Z","level":"INFO","event":"timer_broadcast","game":"wingo5","payload":{"minute":4,"secondtime1":3,"secondtime2":8}}
{"timestamp":"2026-09-09T06:55:23.461Z","level":"INFO","event":"timer_broadcast","game":"wingo10","payload":{"minute":0,"secondtime1":0,"secondtime2":7}}
{"timestamp":"2026-09-09T06:55:23.461Z","level":"INFO","event":"timer_broadcast","game":"wingo","payload":{"minute":0,"secondtime1":3,"secondtime2":7}}
{"timestamp":"2026-09-09T06:55:23.462Z","level":"INFO","event":"timer_broadcast","game":"wingo3","payload":{"minute":1,"secondtime1":3,"secondtime2":7}}
{"timestamp":"2026-09-09T06:55:23.462Z","level":"INFO","event":"timer_broadcast","game":"wingo5","payload":{"minute":4,"secondtime1":3,"secondtime2":7}}
{"timestamp":"2026-09-09T06:55:24.469Z","level":"INFO","event":"timer_broadcast","game":"wingo10","payload":{"minute":0,"secondtime1":0,"secondtime2":6}}
{"timestamp":"2026-09-09T06:55:24.469Z","level":"INFO","event":"timer_broadcast","game":"wingo","payload":{"minute":0,"secondtime1":3,"secondtime2":6}}
{"timestamp":"2026-09-09T06:55:24.469Z","level":"INFO","event":"timer_broadcast","game":"wingo3","payload":{"minute":1,"secondtime1":3,"secondtime2":6}}
{"timestamp":"2026-09-09T06:55:24.470Z","level":"INFO","event":"timer_broadcast","game":"wingo5","payload":{"minute":4,"secondtime1":3,"secondtime2":6}}
{"timestamp":"2026-09-09T06:55:25.483Z","level":"INFO","event":"timer_broadcast","game":"wingo10","payload":{"minute":0,"secondtime1":0,"secondtime2":5}}
{"timestamp":"2026-09-09T06:55:25.484Z","level":"INFO","event":"timer_broadcast","game":"wingo","payload":{"minute":0,"secondtime1":3,"secondtime2":5}}
{"timestamp":"2026-09-09T06:55:25.484Z","level":"INFO","event":"timer_broadcast","game":"wingo3","payload":{"minute":1,"secondtime1":3,"secondtime2":5}}
{"timestamp":"2026-09-09T06:55:25.485Z","level":"INFO","event":"timer_broadcast","game":"wingo5","payload":{"minute":4,"secondtime1":3,"secondtime2":5}}
{"timestamp":"2026-09-09T06:55:26.491Z","level":"INFO","event":"timer_broadcast","game":"wingo10","payload":{"minute":0,"secondtime1":0,"secondtime2":4}}
{"timestamp":"2026-09-09T06:55:26.492Z","level":"INFO","event":"timer_broadcast","game":"wingo","payload":{"minute":0,"secondtime1":3,"secondtime2":4}}
{"timestamp":"2026-09-09T06:55:26.492Z","level":"INFO","event":"timer_broadcast","game":"wingo3","payload":{"minute":1,"secondtime1":3,"secondtime2":4}}
{"timestamp":"2026-09-09T06:55:26.492Z","level":"INFO","event":"timer_broadcast","game":"wingo5","payload":{"minute":4,"secondtime1":3,"secondtime2":4}}
{"timestamp":"2026-09-09T06:55:27.496Z","level":"INFO","event":"timer_broadcast","game":"wingo10","payload":{"minute":0,"secondtime1":0,"secondtime2":3}}
{"timestamp":"2026-09-09T06:55:27.497Z","level":"INFO","event":"timer_broadcast","game":"wingo","payload":{"minute":0,"secondtime1":3,"secondtime2":3}}
{"timestamp":"2026-09-09T06:55:27.497Z","level":"INFO","event":"timer_broadcast","game":"wingo3","payload":{"minute":1,"secondtime1":3,"secondtime2":3}}
{"timestamp":"2026-09-09T06:55:27.497Z","level":"INFO","event":"timer_broadcast","game":"wingo5","payload":{"minute":4,"secondtime1":3,"secondtime2":3}}
{"timestamp":"2026-09-09T06:55:28.500Z","level":"INFO","event":"timer_broadcast","game":"wingo10","payload":{"minute":0,"secondtime1":0,"secondtime2":2}}
{"timestamp":"2026-09-09T06:55:28.501Z","level":"INFO","event":"timer_broadcast","game":"wingo","payload":{"minute":0,"secondtime1":3,"secondtime2":2}}
{"timestamp":"2026-09-09T06:55:28.502Z","level":"INFO","event":"timer_broadcast","game":"wingo3","payload":{"minute":1,"secondtime1":3,"secondtime2":2}}
{"timestamp":"2026-09-09T06:55:28.502Z","level":"INFO","event":"timer_broadcast","game":"wingo5","payload":{"minute":4,"secondtime1":3,"secondtime2":2}}
{"timestamp":"2026-09-09T06:55:29.516Z","level":"INFO","event":"timer_broadcast","game":"wingo10","payload":{"minute":0,"secondtime1":0,"secondtime2":1}}
{"timestamp":"2026-09-09T06:55:29.516Z","level":"INFO","event":"timer_broadcast","game":"wingo","payload":{"minute":0,"secondtime1":3,"secondtime2":1}}
{"timestamp":"2026-09-09T06:55:29.517Z","level":"INFO","event":"timer_broadcast","game":"wingo3","payload":{"minute":1,"secondtime1":3,"secondtime2":1}}
{"timestamp":"2026-09-09T06:55:29.517Z","level":"INFO","event":"timer_broadcast","game":"wingo5","payload":{"minute":4,"secondtime1":3,"secondtime2":1}}
{"timestamp":"2026-09-09T06:55:30.540Z","level":"INFO","event":"timer_broadcast","game":"wingo10","payload":{"minute":0,"secondtime1":3,"secondtime2":0}}
{"timestamp":"2026-09-09T06:55:30.551Z","level":"INFO","event":"timer_broadcast","game":"wingo","payload":{"minute":0,"secondtime1":3,"secondtime2":0}}
{"timestamp":"2026-09-09T06:55:30.560Z","level":"INFO","event":"timer_broadcast","game":"wingo3","payload":{"minute":1,"secondtime1":3,"secondtime2":0}}
{"timestamp":"2026-09-09T06:55:30.561Z","level":"INFO","event":"timer_broadcast","game":"wingo5","payload":{"minute":4,"secondtime1":3,"secondtime2":0}}
{"timestamp":"2026-09-09T06:55:30.605Z","level":"INFO","event":"timer_boundary","game":"wingo10","intervalSeconds":30,"totalSeconds":44730,"boundary":1491}
{"timestamp":"2026-09-09T06:55:31.192Z","level":"INFO","event":"result_emitted","game":"wingo10","period":"38463911","amount":5}
{"timestamp":"2026-09-09T06:55:31.551Z","level":"INFO","event":"timer_broadcast","game":"wingo10","payload":{"minute":0,"secondtime1":2,"secondtime2":9}}
{"timestamp":"2026-09-09T06:55:31.554Z","level":"INFO","event":"timer_broadcast","game":"wingo","payload":{"minute":0,"secondtime1":2,"secondtime2":9}}
{"timestamp":"2026-09-09T06:55:31.554Z","level":"INFO","event":"timer_broadcast","game":"wingo3","payload":{"minute":1,"secondtime1":2,"secondtime2":9}}
{"timestamp":"2026-09-09T06:55:31.555Z","level":"INFO","event":"timer_broadcast","game":"wingo5","payload":{"minute":4,"secondtime1":2,"secondtime2":9}}
{"timestamp":"2026-09-09T06:55:32.562Z","level":"INFO","event":"timer_broadcast","game":"wingo10","payload":{"minute":0,"secondtime1":2,"secondtime2":8}}
{"timestamp":"2026-09-09T06:55:32.563Z","level":"INFO","event":"timer_broadcast","game":"wingo","payload":{"minute":0,"secondtime1":2,"secondtime2":8}}
{"timestamp":"2026-09-09T06:55:32.563Z","level":"INFO","event":"timer_broadcast","game":"wingo3","payload":{"minute":1,"secondtime1":2,"secondtime2":8}}
{"timestamp":"2026-09-09T06:55:32.563Z","level":"INFO","event":"timer_broadcast","game":"wingo5","payload":{"minute":4,"secondtime1":2,"secondtime2":8}}
{"timestamp":"2026-09-09T06:55:33.568Z","level":"INFO","event":"timer_broadcast","game":"wingo10","payload":{"minute":0,"secondtime1":2,"secondtime2":7}}
{"timestamp":"2026-09-09T06:55:33.569Z","level":"INFO","event":"timer_broadcast","game":"wingo","payload":{"minute":0,"secondtime1":2,"secondtime2":7}}
{"timestamp":"2026-09-09T06:55:33.569Z","level":"INFO","event":"timer_broadcast","game":"wingo3","payload":{"minute":1,"secondtime1":2,"secondtime2":7}}
{"timestamp":"2026-09-09T06:55:33.570Z","level":"INFO","event":"timer_broadcast","game":"wingo5","payload":{"minute":4,"secondtime1":2,"secondtime2":7}}
{"timestamp":"2026-09-09T06:55:34.583Z","level":"INFO","event":"timer_broadcast","game":"wingo10","payload":{"minute":0,"secondtime1":2,"secondtime2":6}}
{"timestamp":"2026-09-09T06:55:34.583Z","level":"INFO","event":"timer_broadcast","game":"wingo","payload":{"minute":0,"secondtime1":2,"secondtime2":6}}
{"timestamp":"2026-09-09T06:55:34.584Z","level":"INFO","event":"timer_broadcast","game":"wingo3","payload":{"minute":1,"secondtime1":2,"secondtime2":6}}
{"timestamp":"2026-09-09T06:55:34.585Z","level":"INFO","event":"timer_broadcast","game":"wingo5","payload":{"minute":4,"secondtime1":2,"secondtime2":6}}
{"timestamp":"2026-09-09T06:55:35.586Z","level":"INFO","event":"timer_broadcast","game":"wingo10","payload":{"minute":0,"secondtime1":2,"secondtime2":5}}
{"timestamp":"2026-09-09T06:55:35.587Z","level":"INFO","event":"timer_broadcast","game":"wingo","payload":{"minute":0,"secondtime1":2,"secondtime2":5}}
{"timestamp":"2026-09-09T06:55:35.588Z","level":"INFO","event":"timer_broadcast","game":"wingo3","payload":{"minute":1,"secondtime1":2,"secondtime2":5}}
{"timestamp":"2026-09-09T06:55:35.589Z","level":"INFO","event":"timer_broadcast","game":"wingo5","payload":{"minute":4,"secondtime1":2,"secondtime2":5}}
{"timestamp":"2026-09-09T06:55:36.586Z","level":"INFO","event":"timer_broadcast","game":"wingo10","payload":{"minute":0,"secondtime1":2,"secondtime2":4}}
{"timestamp":"2026-09-09T06:55:36.586Z","level":"INFO","event":"timer_broadcast","game":"wingo","payload":{"minute":0,"secondtime1":2,"secondtime2":4}}
{"timestamp":"2026-09-09T06:55:36.587Z","level":"INFO","event":"timer_broadcast","game":"wingo3","payload":{"minute":1,"secondtime1":2,"secondtime2":4}}
{"timestamp":"2026-09-09T06:55:36.587Z","level":"INFO","event":"timer_broadcast","game":"wingo5","payload":{"minute":4,"secondtime1":2,"secondtime2":4}}
{"timestamp":"2026-09-09T06:55:37.620Z","level":"INFO","event":"timer_broadcast","game":"wingo10","payload":{"minute":0,"secondtime1":2,"secondtime2":3}}
{"timestamp":"2026-09-09T06:55:37.620Z","level":"INFO","event":"timer_broadcast","game":"wingo","payload":{"minute":0,"secondtime1":2,"secondtime2":3}}
{"timestamp":"2026-09-09T06:55:37.621Z","level":"INFO","event":"timer_broadcast","game":"wingo3","payload":{"minute":1,"secondtime1":2,"secondtime2":3}}
{"timestamp":"2026-09-09T06:55:37.626Z","level":"INFO","event":"timer_broadcast","game":"wingo5","payload":{"minute":4,"secondtime1":2,"secondtime2":3}}
{"timestamp":"2026-09-09T06:55:38.634Z","level":"INFO","event":"timer_broadcast","game":"wingo10","payload":{"minute":0,"secondtime1":2,"secondtime2":2}}
{"timestamp":"2026-09-09T06:55:38.634Z","level":"INFO","event":"timer_broadcast","game":"wingo","payload":{"minute":0,"secondtime1":2,"secondtime2":2}}
{"timestamp":"2026-09-09T06:55:38.635Z","level":"INFO","event":"timer_broadcast","game":"wingo3","payload":{"minute":1,"secondtime1":2,"secondtime2":2}}
{"timestamp":"2026-09-09T06:55:38.636Z","level":"INFO","event":"timer_broadcast","game":"wingo5","payload":{"minute":4,"secondtime1":2,"secondtime2":2}}
{"timestamp":"2026-09-09T06:55:39.635Z","level":"INFO","event":"timer_broadcast","game":"wingo10","payload":{"minute":0,"secondtime1":2,"secondtime2":1}}
{"timestamp":"2026-09-09T06:55:39.637Z","level":"INFO","event":"timer_broadcast","game":"wingo","payload":{"minute":0,"secondtime1":2,"secondtime2":1}}
{"timestamp":"2026-09-09T06:55:39.638Z","level":"INFO","event":"timer_broadcast","game":"wingo3","payload":{"minute":1,"secondtime1":2,"secondtime2":1}}
{"timestamp":"2026-09-09T06:55:39.639Z","level":"INFO","event":"timer_broadcast","game":"wingo5","payload":{"minute":4,"secondtime1":2,"secondtime2":1}}
{"timestamp":"2026-09-09T06:55:40.643Z","level":"INFO","event":"timer_broadcast","game":"wingo10","payload":{"minute":0,"secondtime1":2,"secondtime2":0}}
{"timestamp":"2026-09-09T06:55:40.644Z","level":"INFO","event":"timer_broadcast","game":"wingo","payload":{"minute":0,"secondtime1":2,"secondtime2":0}}
{"timestamp":"2026-09-09T06:55:40.645Z","level":"INFO","event":"timer_broadcast","game":"wingo3","payload":{"minute":1,"secondtime1":2,"secondtime2":0}}
{"timestamp":"2026-09-09T06:55:40.645Z","level":"INFO","event":"timer_broadcast","game":"wingo5","payload":{"minute":4,"secondtime1":2,"secondtime2":0}}
{"timestamp":"2026-09-09T06:55:41.672Z","level":"INFO","event":"socket_disconnected","socketId":"hokpbFfgCQouNraoAAAD","reason":"transport close"}
{"timestamp":"2026-09-09T06:55:41.680Z","level":"INFO","event":"timer_broadcast","game":"wingo10","payload":{"minute":0,"secondtime1":1,"secondtime2":9}}
{"timestamp":"2026-09-09T06:55:41.681Z","level":"INFO","event":"timer_broadcast","game":"wingo","payload":{"minute":0,"secondtime1":1,"secondtime2":9}}
{"timestamp":"2026-09-09T06:55:41.681Z","level":"INFO","event":"timer_broadcast","game":"wingo3","payload":{"minute":1,"secondtime1":1,"secondtime2":9}}
{"timestamp":"2026-09-09T06:55:41.682Z","level":"INFO","event":"timer_broadcast","game":"wingo5","payload":{"minute":4,"secondtime1":1,"secondtime2":9}}
{"timestamp":"2026-09-09T06:55:42.687Z","level":"INFO","event":"timer_broadcast","game":"wingo10","payload":{"minute":0,"secondtime1":1,"secondtime2":8}}
{"timestamp":"2026-09-09T06:55:42.689Z","level":"INFO","event":"timer_broadcast","game":"wingo","payload":{"minute":0,"secondtime1":1,"secondtime2":8}}
{"timestamp":"2026-09-09T06:55:42.690Z","level":"INFO","event":"timer_broadcast","game":"wingo3","payload":{"minute":1,"secondtime1":1,"secondtime2":8}}
{"timestamp":"2026-09-09T06:55:42.693Z","level":"INFO","event":"timer_broadcast","game":"wingo5","payload":{"minute":4,"secondtime1":1,"secondtime2":8}}
{"timestamp":"2026-09-09T06:55:43.699Z","level":"INFO","event":"timer_broadcast","game":"wingo10","payload":{"minute":0,"secondtime1":1,"secondtime2":7}}
{"timestamp":"2026-09-09T06:55:43.701Z","level":"INFO","event":"timer_broadcast","game":"wingo","payload":{"minute":0,"secondtime1":1,"secondtime2":7}}
{"timestamp":"2026-09-09T06:55:43.703Z","level":"INFO","event":"timer_broadcast","game":"wingo3","payload":{"minute":1,"secondtime1":1,"secondtime2":7}}
{"timestamp":"2026-09-09T06:55:43.705Z","level":"INFO","event":"timer_broadcast","game":"wingo5","payload":{"minute":4,"secondtime1":1,"secondtime2":7}}
{"timestamp":"2026-09-09T06:55:43.743Z","level":"INFO","event":"socket_connected","socketId":"ohv74e1G3GJQiWlnAAAG"}
{"timestamp":"2026-09-09T06:55:44.702Z","level":"INFO","event":"timer_broadcast","game":"wingo10","payload":{"minute":0,"secondtime1":1,"secondtime2":6}}
{"timestamp":"2026-09-09T06:55:44.703Z","level":"INFO","event":"timer_broadcast","game":"wingo","payload":{"minute":0,"secondtime1":1,"secondtime2":6}}
{"timestamp":"2026-09-09T06:55:44.704Z","level":"INFO","event":"timer_broadcast","game":"wingo3","payload":{"minute":1,"secondtime1":1,"secondtime2":6}}
{"timestamp":"2026-09-09T06:55:44.704Z","level":"INFO","event":"timer_broadcast","game":"wingo5","payload":{"minute":4,"secondtime1":1,"secondtime2":6}}
{"timestamp":"2026-09-09T06:55:45.717Z","level":"INFO","event":"timer_broadcast","game":"wingo10","payload":{"minute":0,"secondtime1":1,"secondtime2":5}}
{"timestamp":"2026-09-09T06:55:45.718Z","level":"INFO","event":"timer_broadcast","game":"wingo","payload":{"minute":0,"secondtime1":1,"secondtime2":5}}
{"timestamp":"2026-09-09T06:55:45.719Z","level":"INFO","event":"timer_broadcast","game":"wingo3","payload":{"minute":1,"secondtime1":1,"secondtime2":5}}
{"timestamp":"2026-09-09T06:55:45.719Z","level":"INFO","event":"timer_broadcast","game":"wingo5","payload":{"minute":4,"secondtime1":1,"secondtime2":5}}
{"timestamp":"2026-09-09T06:55:46.720Z","level":"INFO","event":"timer_broadcast","game":"wingo10","payload":{"minute":0,"secondtime1":1,"secondtime2":4}}
{"timestamp":"2026-09-09T06:55:46.723Z","level":"INFO","event":"timer_broadcast","game":"wingo","payload":{"minute":0,"secondtime1":1,"secondtime2":4}}
{"timestamp":"2026-09-09T06:55:46.725Z","level":"INFO","event":"timer_broadcast","game":"wingo3","payload":{"minute":1,"secondtime1":1,"secondtime2":4}}
{"timestamp":"2026-09-09T06:55:46.729Z","level":"INFO","event":"timer_broadcast","game":"wingo5","payload":{"minute":4,"secondtime1":1,"secondtime2":4}}
{"timestamp":"2026-09-09T06:55:47.735Z","level":"INFO","event":"timer_broadcast","game":"wingo10","payload":{"minute":0,"secondtime1":1,"secondtime2":3}}
{"timestamp":"2026-09-09T06:55:47.735Z","level":"INFO","event":"timer_broadcast","game":"wingo","payload":{"minute":0,"secondtime1":1,"secondtime2":3}}
{"timestamp":"2026-09-09T06:55:47.736Z","level":"INFO","event":"timer_broadcast","game":"wingo3","payload":{"minute":1,"secondtime1":1,"secondtime2":3}}
{"timestamp":"2026-09-09T06:55:47.737Z","level":"INFO","event":"timer_broadcast","game":"wingo5","payload":{"minute":4,"secondtime1":1,"secondtime2":3}}
{"timestamp":"2026-09-09T06:55:48.750Z","level":"INFO","event":"timer_broadcast","game":"wingo10","payload":{"minute":0,"secondtime1":1,"secondtime2":2}}
{"timestamp":"2026-09-09T06:55:48.751Z","level":"INFO","event":"timer_broadcast","game":"wingo","payload":{"minute":0,"secondtime1":1,"secondtime2":2}}
{"timestamp":"2026-09-09T06:55:48.751Z","level":"INFO","event":"timer_broadcast","game":"wingo3","payload":{"minute":1,"secondtime1":1,"secondtime2":2}}
{"timestamp":"2026-09-09T06:55:48.753Z","level":"INFO","event":"timer_broadcast","game":"wingo5","payload":{"minute":4,"secondtime1":1,"secondtime2":2}}
{"timestamp":"2026-09-09T06:55:49.751Z","level":"INFO","event":"timer_broadcast","game":"wingo10","payload":{"minute":0,"secondtime1":1,"secondtime2":1}}
{"timestamp":"2026-09-09T06:55:49.751Z","level":"INFO","event":"timer_broadcast","game":"wingo","payload":{"minute":0,"secondtime1":1,"secondtime2":1}}
{"timestamp":"2026-09-09T06:55:49.752Z","level":"INFO","event":"timer_broadcast","game":"wingo3","payload":{"minute":1,"secondtime1":1,"secondtime2":1}}
{"timestamp":"2026-09-09T06:55:49.752Z","level":"INFO","event":"timer_broadcast","game":"wingo5","payload":{"minute":4,"secondtime1":1,"secondtime2":1}}
{"timestamp":"2026-09-09T06:55:50.751Z","level":"INFO","event":"timer_broadcast","game":"wingo10","payload":{"minute":0,"secondtime1":1,"secondtime2":0}}
{"timestamp":"2026-09-09T06:55:50.751Z","level":"INFO","event":"timer_broadcast","game":"wingo","payload":{"minute":0,"secondtime1":1,"secondtime2":0}}
{"timestamp":"2026-09-09T06:55:50.753Z","level":"INFO","event":"timer_broadcast","game":"wingo3","payload":{"minute":1,"secondtime1":1,"secondtime2":0}}
{"timestamp":"2026-09-09T06:55:50.753Z","level":"INFO","event":"timer_broadcast","game":"wingo5","payload":{"minute":4,"secondtime1":1,"secondtime2":0}}
{"timestamp":"2026-09-09T06:55:51.751Z","level":"INFO","event":"timer_broadcast","game":"wingo10","payload":{"minute":0,"secondtime1":0,"secondtime2":9}}
{"timestamp":"2026-09-09T06:55:51.751Z","level":"INFO","event":"timer_broadcast","game":"wingo","payload":{"minute":0,"secondtime1":0,"secondtime2":9}}
{"timestamp":"2026-09-09T06:55:51.752Z","level":"INFO","event":"timer_broadcast","game":"wingo3","payload":{"minute":1,"secondtime1":0,"secondtime2":9}}
{"timestamp":"2026-09-09T06:55:51.752Z","level":"INFO","event":"timer_broadcast","game":"wingo5","payload":{"minute":4,"secondtime1":0,"secondtime2":9}}
{"timestamp":"2026-09-09T06:55:52.751Z","level":"INFO","event":"timer_broadcast","game":"wingo10","payload":{"minute":0,"secondtime1":0,"secondtime2":8}}
{"timestamp":"2026-09-09T06:55:52.752Z","level":"INFO","event":"timer_broadcast","game":"wingo","payload":{"minute":0,"secondtime1":0,"secondtime2":8}}
{"timestamp":"2026-09-09T06:55:52.752Z","level":"INFO","event":"timer_broadcast","game":"wingo3","payload":{"minute":1,"secondtime1":0,"secondtime2":8}}
{"timestamp":"2026-09-09T06:55:52.753Z","level":"INFO","event":"timer_broadcast","game":"wingo5","payload":{"minute":4,"secondtime1":0,"secondtime2":8}}
{"timestamp":"2026-09-09T06:55:53.751Z","level":"INFO","event":"timer_broadcast","game":"wingo10","payload":{"minute":0,"secondtime1":0,"secondtime2":7}}
{"timestamp":"2026-09-09T06:55:53.751Z","level":"INFO","event":"timer_broadcast","game":"wingo","payload":{"minute":0,"secondtime1":0,"secondtime2":7}}
{"timestamp":"2026-09-09T06:55:53.752Z","level":"INFO","event":"timer_broadcast","game":"wingo3","payload":{"minute":1,"secondtime1":0,"secondtime2":7}}
{"timestamp":"2026-09-09T06:55:53.752Z","level":"INFO","event":"timer_broadcast","game":"wingo5","payload":{"minute":4,"secondtime1":0,"secondtime2":7}}
{"timestamp":"2026-09-09T06:55:54.766Z","level":"INFO","event":"timer_broadcast","game":"wingo10","payload":{"minute":0,"secondtime1":0,"secondtime2":6}}
{"timestamp":"2026-09-09T06:55:54.767Z","level":"INFO","event":"timer_broadcast","game":"wingo","payload":{"minute":0,"secondtime1":0,"secondtime2":6}}
{"timestamp":"2026-09-09T06:55:54.767Z","level":"INFO","event":"timer_broadcast","game":"wingo3","payload":{"minute":1,"secondtime1":0,"secondtime2":6}}
{"timestamp":"2026-09-09T06:55:54.768Z","level":"INFO","event":"timer_broadcast","game":"wingo5","payload":{"minute":4,"secondtime1":0,"secondtime2":6}}
{"timestamp":"2026-09-09T06:55:55.769Z","level":"INFO","event":"timer_broadcast","game":"wingo10","payload":{"minute":0,"secondtime1":0,"secondtime2":5}}
{"timestamp":"2026-09-09T06:55:55.770Z","level":"INFO","event":"timer_broadcast","game":"wingo","payload":{"minute":0,"secondtime1":0,"secondtime2":5}}
{"timestamp":"2026-09-09T06:55:55.770Z","level":"INFO","event":"timer_broadcast","game":"wingo3","payload":{"minute":1,"secondtime1":0,"secondtime2":5}}
{"timestamp":"2026-09-09T06:55:55.771Z","level":"INFO","event":"timer_broadcast","game":"wingo5","payload":{"minute":4,"secondtime1":0,"secondtime2":5}}
{"timestamp":"2026-09-09T06:55:56.784Z","level":"INFO","event":"timer_broadcast","game":"wingo10","payload":{"minute":0,"secondtime1":0,"secondtime2":4}}
{"timestamp":"2026-09-09T06:55:56.785Z","level":"INFO","event":"timer_broadcast","game":"wingo","payload":{"minute":0,"secondtime1":0,"secondtime2":4}}
{"timestamp":"2026-09-09T06:55:56.785Z","level":"INFO","event":"timer_broadcast","game":"wingo3","payload":{"minute":1,"secondtime1":0,"secondtime2":4}}
{"timestamp":"2026-09-09T06:55:56.786Z","level":"INFO","event":"timer_broadcast","game":"wingo5","payload":{"minute":4,"secondtime1":0,"secondtime2":4}}
{"timestamp":"2026-09-09T06:55:57.785Z","level":"INFO","event":"timer_broadcast","game":"wingo10","payload":{"minute":0,"secondtime1":0,"secondtime2":3}}
{"timestamp":"2026-09-09T06:55:57.785Z","level":"INFO","event":"timer_broadcast","game":"wingo","payload":{"minute":0,"secondtime1":0,"secondtime2":3}}
{"timestamp":"2026-09-09T06:55:57.786Z","level":"INFO","event":"timer_broadcast","game":"wingo3","payload":{"minute":1,"secondtime1":0,"secondtime2":3}}
{"timestamp":"2026-09-09T06:55:57.786Z","level":"INFO","event":"timer_broadcast","game":"wingo5","payload":{"minute":4,"secondtime1":0,"secondtime2":3}}
{"timestamp":"2026-09-09T06:55:58.786Z","level":"INFO","event":"timer_broadcast","game":"wingo10","payload":{"minute":0,"secondtime1":0,"secondtime2":2}}
{"timestamp":"2026-09-09T06:55:58.786Z","level":"INFO","event":"timer_broadcast","game":"wingo","payload":{"minute":0,"secondtime1":0,"secondtime2":2}}
{"timestamp":"2026-09-09T06:55:58.787Z","level":"INFO","event":"timer_broadcast","game":"wingo3","payload":{"minute":1,"secondtime1":0,"secondtime2":2}}
{"timestamp":"2026-09-09T06:55:58.787Z","level":"INFO","event":"timer_broadcast","game":"wingo5","payload":{"minute":4,"secondtime1":0,"secondtime2":2}}
{"timestamp":"2026-09-09T06:55:59.792Z","level":"INFO","event":"timer_broadcast","game":"wingo10","payload":{"minute":0,"secondtime1":0,"secondtime2":1}}
{"timestamp":"2026-09-09T06:55:59.793Z","level":"INFO","event":"timer_broadcast","game":"wingo","payload":{"minute":0,"secondtime1":0,"secondtime2":1}}
{"timestamp":"2026-09-09T06:55:59.793Z","level":"INFO","event":"timer_broadcast","game":"wingo3","payload":{"minute":1,"secondtime1":0,"secondtime2":1}}
{"timestamp":"2026-09-09T06:55:59.793Z","level":"INFO","event":"timer_broadcast","game":"wingo5","payload":{"minute":4,"secondtime1":0,"secondtime2":1}}
{"timestamp":"2026-09-09T06:56:00.803Z","level":"INFO","event":"timer_broadcast","game":"wingo10","payload":{"minute":0,"secondtime1":3,"secondtime2":0}}
{"timestamp":"2026-09-09T06:56:00.803Z","level":"INFO","event":"timer_broadcast","game":"wingo","payload":{"minute":1,"secondtime1":0,"secondtime2":0}}
{"timestamp":"2026-09-09T06:56:00.804Z","level":"INFO","event":"timer_broadcast","game":"wingo3","payload":{"minute":1,"secondtime1":0,"secondtime2":0}}
{"timestamp":"2026-09-09T06:56:00.804Z","level":"INFO","event":"timer_broadcast","game":"wingo5","payload":{"minute":4,"secondtime1":0,"secondtime2":0}}
{"timestamp":"2026-09-09T06:56:00.805Z","level":"INFO","event":"timer_boundary","game":"wingo10","intervalSeconds":30,"totalSeconds":44760,"boundary":1492}
{"timestamp":"2026-09-09T06:56:00.806Z","level":"INFO","event":"timer_boundary","game":"wingo","intervalSeconds":60,"totalSeconds":44760,"boundary":746}
{"timestamp":"2026-09-09T06:56:01.181Z","level":"INFO","event":"result_emitted","game":"wingo","period":"2667737","amount":3}
{"timestamp":"2026-09-09T06:56:01.465Z","level":"INFO","event":"result_emitted","game":"wingo10","period":"38463913","amount":7}
{"timestamp":"2026-09-09T06:56:01.817Z","level":"INFO","event":"timer_broadcast","game":"wingo10","payload":{"minute":0,"secondtime1":2,"secondtime2":9}}
{"timestamp":"2026-09-09T06:56:01.818Z","level":"INFO","event":"timer_broadcast","game":"wingo","payload":{"minute":0,"secondtime1":5,"secondtime2":9}}
{"timestamp":"2026-09-09T06:56:01.818Z","level":"INFO","event":"timer_broadcast","game":"wingo3","payload":{"minute":0,"secondtime1":5,"secondtime2":9}}
{"timestamp":"2026-09-09T06:56:01.818Z","level":"INFO","event":"timer_broadcast","game":"wingo5","payload":{"minute":3,"secondtime1":5,"secondtime2":9}}
{"timestamp":"2026-09-09T06:56:02.818Z","level":"INFO","event":"timer_broadcast","game":"wingo10","payload":{"minute":0,"secondtime1":2,"secondtime2":8}}
{"timestamp":"2026-09-09T06:56:02.818Z","level":"INFO","event":"timer_broadcast","game":"wingo","payload":{"minute":0,"secondtime1":5,"secondtime2":8}}
{"timestamp":"2026-09-09T06:56:02.818Z","level":"INFO","event":"timer_broadcast","game":"wingo3","payload":{"minute":0,"secondtime1":5,"secondtime2":8}}
{"timestamp":"2026-09-09T06:56:02.819Z","level":"INFO","event":"timer_broadcast","game":"wingo5","payload":{"minute":3,"secondtime1":5,"secondtime2":8}}
{"timestamp":"2026-09-09T06:56:03.819Z","level":"INFO","event":"timer_broadcast","game":"wingo10","payload":{"minute":0,"secondtime1":2,"secondtime2":7}}
{"timestamp":"2026-09-09T06:56:03.820Z","level":"INFO","event":"timer_broadcast","game":"wingo","payload":{"minute":0,"secondtime1":5,"secondtime2":7}}
{"timestamp":"2026-09-09T06:56:03.820Z","level":"INFO","event":"timer_broadcast","game":"wingo3","payload":{"minute":0,"secondtime1":5,"secondtime2":7}}
{"timestamp":"2026-09-09T06:56:03.820Z","level":"INFO","event":"timer_broadcast","game":"wingo5","payload":{"minute":3,"secondtime1":5,"secondtime2":7}}
{"timestamp":"2026-09-09T06:56:04.824Z","level":"INFO","event":"timer_broadcast","game":"wingo10","payload":{"minute":0,"secondtime1":2,"secondtime2":6}}
{"timestamp":"2026-09-09T06:56:04.824Z","level":"INFO","event":"timer_broadcast","game":"wingo","payload":{"minute":0,"secondtime1":5,"secondtime2":6}}
{"timestamp":"2026-09-09T06:56:04.825Z","level":"INFO","event":"timer_broadcast","game":"wingo3","payload":{"minute":0,"secondtime1":5,"secondtime2":6}}
{"timestamp":"2026-09-09T06:56:04.825Z","level":"INFO","event":"timer_broadcast","game":"wingo5","payload":{"minute":3,"secondtime1":5,"secondtime2":6}}
{"timestamp":"2026-09-09T06:56:11.566Z","level":"INFO","event":"timer_broadcast","game":"wingo10","payload":{"minute":0,"secondtime1":1,"secondtime2":9}}
{"timestamp":"2026-09-09T06:56:11.567Z","level":"INFO","event":"timer_broadcast","game":"wingo","payload":{"minute":0,"secondtime1":4,"secondtime2":9}}
{"timestamp":"2026-09-09T06:56:11.567Z","level":"INFO","event":"timer_broadcast","game":"wingo3","payload":{"minute":0,"secondtime1":4,"secondtime2":9}}
{"timestamp":"2026-09-09T06:56:11.568Z","level":"INFO","event":"timer_broadcast","game":"wingo5","payload":{"minute":3,"secondtime1":4,"secondtime2":9}}
{"timestamp":"2026-09-09T06:56:11.570Z","level":"INFO","event":"timer_broadcast","game":"wingo10","payload":{"minute":0,"secondtime1":1,"secondtime2":9}}
{"timestamp":"2026-09-09T06:56:11.571Z","level":"INFO","event":"timer_broadcast","game":"wingo","payload":{"minute":0,"secondtime1":4,"secondtime2":9}}
{"timestamp":"2026-09-09T06:56:11.571Z","level":"INFO","event":"timer_broadcast","game":"wingo3","payload":{"minute":0,"secondtime1":4,"secondtime2":9}}
{"timestamp":"2026-09-09T06:56:11.571Z","level":"INFO","event":"timer_broadcast","game":"wingo5","payload":{"minute":3,"secondtime1":4,"secondtime2":9}}
{"timestamp":"2026-09-09T06:56:12.036Z","level":"INFO","event":"socket_connected","socketId":"m7z_3Kky7bWzDuh6AAAB"}
{"timestamp":"2026-09-09T06:56:12.583Z","level":"INFO","event":"timer_broadcast","game":"wingo10","payload":{"minute":0,"secondtime1":1,"secondtime2":8}}
{"timestamp":"2026-09-09T06:56:12.583Z","level":"INFO","event":"timer_broadcast","game":"wingo","payload":{"minute":0,"secondtime1":4,"secondtime2":8}}
{"timestamp":"2026-09-09T06:56:12.584Z","level":"INFO","event":"timer_broadcast","game":"wingo3","payload":{"minute":0,"secondtime1":4,"secondtime2":8}}
{"timestamp":"2026-09-09T06:56:12.585Z","level":"INFO","event":"timer_broadcast","game":"wingo5","payload":{"minute":3,"secondtime1":4,"secondtime2":8}}
{"timestamp":"2026-09-09T06:56:13.597Z","level":"INFO","event":"timer_broadcast","game":"wingo10","payload":{"minute":0,"secondtime1":1,"secondtime2":7}}
{"timestamp":"2026-09-09T06:56:13.598Z","level":"INFO","event":"timer_broadcast","game":"wingo","payload":{"minute":0,"secondtime1":4,"secondtime2":7}}
{"timestamp":"2026-09-09T06:56:13.598Z","level":"INFO","event":"timer_broadcast","game":"wingo3","payload":{"minute":0,"secondtime1":4,"secondtime2":7}}
{"timestamp":"2026-09-09T06:56:13.599Z","level":"INFO","event":"timer_broadcast","game":"wingo5","payload":{"minute":3,"secondtime1":4,"secondtime2":7}}
{"timestamp":"2026-09-09T06:56:14.599Z","level":"INFO","event":"timer_broadcast","game":"wingo10","payload":{"minute":0,"secondtime1":1,"secondtime2":6}}
{"timestamp":"2026-09-09T06:56:14.599Z","level":"INFO","event":"timer_broadcast","game":"wingo","payload":{"minute":0,"secondtime1":4,"secondtime2":6}}
{"timestamp":"2026-09-09T06:56:14.600Z","level":"INFO","event":"timer_broadcast","game":"wingo3","payload":{"minute":0,"secondtime1":4,"secondtime2":6}}
{"timestamp":"2026-09-09T06:56:14.600Z","level":"INFO","event":"timer_broadcast","game":"wingo5","payload":{"minute":3,"secondtime1":4,"secondtime2":6}}
{"timestamp":"2026-09-09T06:56:15.600Z","level":"INFO","event":"timer_broadcast","game":"wingo10","payload":{"minute":0,"secondtime1":1,"secondtime2":5}}
{"timestamp":"2026-09-09T06:56:15.601Z","level":"INFO","event":"timer_broadcast","game":"wingo","payload":{"minute":0,"secondtime1":4,"secondtime2":5}}
{"timestamp":"2026-09-09T06:56:15.601Z","level":"INFO","event":"timer_broadcast","game":"wingo3","payload":{"minute":0,"secondtime1":4,"secondtime2":5}}
{"timestamp":"2026-09-09T06:56:15.601Z","level":"INFO","event":"timer_broadcast","game":"wingo5","payload":{"minute":3,"secondtime1":4,"secondtime2":5}}
{"timestamp":"2026-09-09T06:56:16.604Z","level":"INFO","event":"timer_broadcast","game":"wingo10","payload":{"minute":0,"secondtime1":1,"secondtime2":4}}
{"timestamp":"2026-09-09T06:56:16.604Z","level":"INFO","event":"timer_broadcast","game":"wingo","payload":{"minute":0,"secondtime1":4,"secondtime2":4}}
{"timestamp":"2026-09-09T06:56:16.605Z","level":"INFO","event":"timer_broadcast","game":"wingo3","payload":{"minute":0,"secondtime1":4,"secondtime2":4}}
{"timestamp":"2026-09-09T06:56:16.605Z","level":"INFO","event":"timer_broadcast","game":"wingo5","payload":{"minute":3,"secondtime1":4,"secondtime2":4}}
{"timestamp":"2026-09-09T06:56:17.610Z","level":"INFO","event":"timer_broadcast","game":"wingo10","payload":{"minute":0,"secondtime1":1,"secondtime2":3}}
{"timestamp":"2026-09-09T06:56:17.610Z","level":"INFO","event":"timer_broadcast","game":"wingo","payload":{"minute":0,"secondtime1":4,"secondtime2":3}}
{"timestamp":"2026-09-09T06:56:17.611Z","level":"INFO","event":"timer_broadcast","game":"wingo3","payload":{"minute":0,"secondtime1":4,"secondtime2":3}}
{"timestamp":"2026-09-09T06:56:17.611Z","level":"INFO","event":"timer_broadcast","game":"wingo5","payload":{"minute":3,"secondtime1":4,"secondtime2":3}}
{"timestamp":"2026-09-09T06:56:18.613Z","level":"INFO","event":"timer_broadcast","game":"wingo10","payload":{"minute":0,"secondtime1":1,"secondtime2":2}}
{"timestamp":"2026-09-09T06:56:18.613Z","level":"INFO","event":"timer_broadcast","game":"wingo","payload":{"minute":0,"secondtime1":4,"secondtime2":2}}
{"timestamp":"2026-09-09T06:56:18.614Z","level":"INFO","event":"timer_broadcast","game":"wingo3","payload":{"minute":0,"secondtime1":4,"secondtime2":2}}
{"timestamp":"2026-09-09T06:56:18.614Z","level":"INFO","event":"timer_broadcast","game":"wingo5","payload":{"minute":3,"secondtime1":4,"secondtime2":2}}
{"timestamp":"2026-09-09T06:56:19.617Z","level":"INFO","event":"timer_broadcast","game":"wingo10","payload":{"minute":0,"secondtime1":1,"secondtime2":1}}
{"timestamp":"2026-09-09T06:56:19.617Z","level":"INFO","event":"timer_broadcast","game":"wingo","payload":{"minute":0,"secondtime1":4,"secondtime2":1}}
{"timestamp":"2026-09-09T06:56:19.618Z","level":"INFO","event":"timer_broadcast","game":"wingo3","payload":{"minute":0,"secondtime1":4,"secondtime2":1}}
{"timestamp":"2026-09-09T06:56:19.618Z","level":"INFO","event":"timer_broadcast","game":"wingo5","payload":{"minute":3,"secondtime1":4,"secondtime2":1}}
{"timestamp":"2026-09-09T06:56:20.626Z","level":"INFO","event":"timer_broadcast","game":"wingo10","payload":{"minute":0,"secondtime1":1,"secondtime2":0}}
{"timestamp":"2026-09-09T06:56:20.627Z","level":"INFO","event":"timer_broadcast","game":"wingo","payload":{"minute":0,"secondtime1":4,"secondtime2":0}}
{"timestamp":"2026-09-09T06:56:20.627Z","level":"INFO","event":"timer_broadcast","game":"wingo3","payload":{"minute":0,"secondtime1":4,"secondtime2":0}}
{"timestamp":"2026-09-09T06:56:20.628Z","level":"INFO","event":"timer_broadcast","game":"wingo5","payload":{"minute":3,"secondtime1":4,"secondtime2":0}}
{"timestamp":"2026-09-09T06:56:21.632Z","level":"INFO","event":"timer_broadcast","game":"wingo10","payload":{"minute":0,"secondtime1":0,"secondtime2":9}}
{"timestamp":"2026-09-09T06:56:21.633Z","level":"INFO","event":"timer_broadcast","game":"wingo","payload":{"minute":0,"secondtime1":3,"secondtime2":9}}
{"timestamp":"2026-09-09T06:56:21.634Z","level":"INFO","event":"timer_broadcast","game":"wingo3","payload":{"minute":0,"secondtime1":3,"secondtime2":9}}
{"timestamp":"2026-09-09T06:56:21.634Z","level":"INFO","event":"timer_broadcast","game":"wingo5","payload":{"minute":3,"secondtime1":3,"secondtime2":9}}
{"timestamp":"2026-09-09T06:56:22.636Z","level":"INFO","event":"timer_broadcast","game":"wingo10","payload":{"minute":0,"secondtime1":0,"secondtime2":8}}
{"timestamp":"2026-09-09T06:56:22.637Z","level":"INFO","event":"timer_broadcast","game":"wingo","payload":{"minute":0,"secondtime1":3,"secondtime2":8}}
{"timestamp":"2026-09-09T06:56:22.637Z","level":"INFO","event":"timer_broadcast","game":"wingo3","payload":{"minute":0,"secondtime1":3,"secondtime2":8}}
{"timestamp":"2026-09-09T06:56:22.638Z","level":"INFO","event":"timer_broadcast","game":"wingo5","payload":{"minute":3,"secondtime1":3,"secondtime2":8}}
{"timestamp":"2026-09-09T06:56:23.642Z","level":"INFO","event":"timer_broadcast","game":"wingo10","payload":{"minute":0,"secondtime1":0,"secondtime2":7}}
{"timestamp":"2026-09-09T06:56:23.642Z","level":"INFO","event":"timer_broadcast","game":"wingo","payload":{"minute":0,"secondtime1":3,"secondtime2":7}}
{"timestamp":"2026-09-09T06:56:23.643Z","level":"INFO","event":"timer_broadcast","game":"wingo3","payload":{"minute":0,"secondtime1":3,"secondtime2":7}}
{"timestamp":"2026-09-09T06:56:23.643Z","level":"INFO","event":"timer_broadcast","game":"wingo5","payload":{"minute":3,"secondtime1":3,"secondtime2":7}}
{"timestamp":"2026-09-09T06:56:24.645Z","level":"INFO","event":"timer_broadcast","game":"wingo10","payload":{"minute":0,"secondtime1":0,"secondtime2":6}}
{"timestamp":"2026-09-09T06:56:24.646Z","level":"INFO","event":"timer_broadcast","game":"wingo","payload":{"minute":0,"secondtime1":3,"secondtime2":6}}
{"timestamp":"2026-09-09T06:56:24.646Z","level":"INFO","event":"timer_broadcast","game":"wingo3","payload":{"minute":0,"secondtime1":3,"secondtime2":6}}
{"timestamp":"2026-09-09T06:56:24.646Z","level":"INFO","event":"timer_broadcast","game":"wingo5","payload":{"minute":3,"secondtime1":3,"secondtime2":6}}
{"timestamp":"2026-09-09T06:56:25.652Z","level":"INFO","event":"timer_broadcast","game":"wingo10","payload":{"minute":0,"secondtime1":0,"secondtime2":5}}
{"timestamp":"2026-09-09T06:56:25.652Z","level":"INFO","event":"timer_broadcast","game":"wingo","payload":{"minute":0,"secondtime1":3,"secondtime2":5}}
{"timestamp":"2026-09-09T06:56:25.653Z","level":"INFO","event":"timer_broadcast","game":"wingo3","payload":{"minute":0,"secondtime1":3,"secondtime2":5}}
{"timestamp":"2026-09-09T06:56:25.653Z","level":"INFO","event":"timer_broadcast","game":"wingo5","payload":{"minute":3,"secondtime1":3,"secondtime2":5}}
{"timestamp":"2026-09-09T06:56:26.652Z","level":"INFO","event":"timer_broadcast","game":"wingo10","payload":{"minute":0,"secondtime1":0,"secondtime2":4}}
{"timestamp":"2026-09-09T06:56:26.652Z","level":"INFO","event":"timer_broadcast","game":"wingo","payload":{"minute":0,"secondtime1":3,"secondtime2":4}}
{"timestamp":"2026-09-09T06:56:26.653Z","level":"INFO","event":"timer_broadcast","game":"wingo3","payload":{"minute":0,"secondtime1":3,"secondtime2":4}}
{"timestamp":"2026-09-09T06:56:26.653Z","level":"INFO","event":"timer_broadcast","game":"wingo5","payload":{"minute":3,"secondtime1":3,"secondtime2":4}}
{"timestamp":"2026-09-09T06:56:27.667Z","level":"INFO","event":"timer_broadcast","game":"wingo10","payload":{"minute":0,"secondtime1":0,"secondtime2":3}}
{"timestamp":"2026-09-09T06:56:27.667Z","level":"INFO","event":"timer_broadcast","game":"wingo","payload":{"minute":0,"secondtime1":3,"secondtime2":3}}
{"timestamp":"2026-09-09T06:56:27.668Z","level":"INFO","event":"timer_broadcast","game":"wingo3","payload":{"minute":0,"secondtime1":3,"secondtime2":3}}
{"timestamp":"2026-09-09T06:56:27.668Z","level":"INFO","event":"timer_broadcast","game":"wingo5","payload":{"minute":3,"secondtime1":3,"secondtime2":3}}
{"timestamp":"2026-09-09T06:56:28.679Z","level":"INFO","event":"timer_broadcast","game":"wingo10","payload":{"minute":0,"secondtime1":0,"secondtime2":2}}
{"timestamp":"2026-09-09T06:56:28.680Z","level":"INFO","event":"timer_broadcast","game":"wingo","payload":{"minute":0,"secondtime1":3,"secondtime2":2}}
{"timestamp":"2026-09-09T06:56:28.680Z","level":"INFO","event":"timer_broadcast","game":"wingo3","payload":{"minute":0,"secondtime1":3,"secondtime2":2}}
{"timestamp":"2026-09-09T06:56:28.680Z","level":"INFO","event":"timer_broadcast","game":"wingo5","payload":{"minute":3,"secondtime1":3,"secondtime2":2}}
{"timestamp":"2026-09-09T06:56:29.692Z","level":"INFO","event":"timer_broadcast","game":"wingo10","payload":{"minute":0,"secondtime1":0,"secondtime2":1}}
{"timestamp":"2026-09-09T06:56:29.692Z","level":"INFO","event":"timer_broadcast","game":"wingo","payload":{"minute":0,"secondtime1":3,"secondtime2":1}}
{"timestamp":"2026-09-09T06:56:29.693Z","level":"INFO","event":"timer_broadcast","game":"wingo3","payload":{"minute":0,"secondtime1":3,"secondtime2":1}}
{"timestamp":"2026-09-09T06:56:29.693Z","level":"INFO","event":"timer_broadcast","game":"wingo5","payload":{"minute":3,"secondtime1":3,"secondtime2":1}}
{"timestamp":"2026-09-09T06:56:30.699Z","level":"INFO","event":"timer_broadcast","game":"wingo10","payload":{"minute":0,"secondtime1":3,"secondtime2":0}}
{"timestamp":"2026-09-09T06:56:30.699Z","level":"INFO","event":"timer_broadcast","game":"wingo","payload":{"minute":0,"secondtime1":3,"secondtime2":0}}
{"timestamp":"2026-09-09T06:56:30.700Z","level":"INFO","event":"timer_broadcast","game":"wingo3","payload":{"minute":0,"secondtime1":3,"secondtime2":0}}
{"timestamp":"2026-09-09T06:56:30.700Z","level":"INFO","event":"timer_broadcast","game":"wingo5","payload":{"minute":3,"secondtime1":3,"secondtime2":0}}
{"timestamp":"2026-09-09T06:56:30.701Z","level":"INFO","event":"timer_boundary","game":"wingo10","intervalSeconds":30,"totalSeconds":44790,"boundary":1493}
{"timestamp":"2026-09-09T06:56:31.059Z","level":"INFO","event":"result_emitted","game":"wingo10","period":"38463915","amount":0}
{"timestamp":"2026-09-09T06:56:31.707Z","level":"INFO","event":"timer_broadcast","game":"wingo10","payload":{"minute":0,"secondtime1":2,"secondtime2":9}}
{"timestamp":"2026-09-09T06:56:31.708Z","level":"INFO","event":"timer_broadcast","game":"wingo","payload":{"minute":0,"secondtime1":2,"secondtime2":9}}
{"timestamp":"2026-09-09T06:56:31.709Z","level":"INFO","event":"timer_broadcast","game":"wingo3","payload":{"minute":0,"secondtime1":2,"secondtime2":9}}
{"timestamp":"2026-09-09T06:56:31.710Z","level":"INFO","event":"timer_broadcast","game":"wingo5","payload":{"minute":3,"secondtime1":2,"secondtime2":9}}
{"timestamp":"2026-09-09T06:56:32.707Z","level":"INFO","event":"timer_broadcast","game":"wingo10","payload":{"minute":0,"secondtime1":2,"secondtime2":8}}
{"timestamp":"2026-09-09T06:56:32.707Z","level":"INFO","event":"timer_broadcast","game":"wingo","payload":{"minute":0,"secondtime1":2,"secondtime2":8}}
{"timestamp":"2026-09-09T06:56:32.708Z","level":"INFO","event":"timer_broadcast","game":"wingo3","payload":{"minute":0,"secondtime1":2,"secondtime2":8}}
{"timestamp":"2026-09-09T06:56:32.708Z","level":"INFO","event":"timer_broadcast","game":"wingo5","payload":{"minute":3,"secondtime1":2,"secondtime2":8}}
{"timestamp":"2026-09-09T06:56:33.715Z","level":"INFO","event":"timer_broadcast","game":"wingo10","payload":{"minute":0,"secondtime1":2,"secondtime2":7}}
{"timestamp":"2026-09-09T06:56:33.715Z","level":"INFO","event":"timer_broadcast","game":"wingo","payload":{"minute":0,"secondtime1":2,"secondtime2":7}}
{"timestamp":"2026-09-09T06:56:33.716Z","level":"INFO","event":"timer_broadcast","game":"wingo3","payload":{"minute":0,"secondtime1":2,"secondtime2":7}}
{"timestamp":"2026-09-09T06:56:33.716Z","level":"INFO","event":"timer_broadcast","game":"wingo5","payload":{"minute":3,"secondtime1":2,"secondtime2":7}}
{"timestamp":"2026-09-09T06:56:34.716Z","level":"INFO","event":"timer_broadcast","game":"wingo10","payload":{"minute":0,"secondtime1":2,"secondtime2":6}}
{"timestamp":"2026-09-09T06:56:34.716Z","level":"INFO","event":"timer_broadcast","game":"wingo","payload":{"minute":0,"secondtime1":2,"secondtime2":6}}
{"timestamp":"2026-09-09T06:56:34.717Z","level":"INFO","event":"timer_broadcast","game":"wingo3","payload":{"minute":0,"secondtime1":2,"secondtime2":6}}
{"timestamp":"2026-09-09T06:56:34.717Z","level":"INFO","event":"timer_broadcast","game":"wingo5","payload":{"minute":3,"secondtime1":2,"secondtime2":6}}
{"timestamp":"2026-09-09T06:56:35.716Z","level":"INFO","event":"timer_broadcast","game":"wingo10","payload":{"minute":0,"secondtime1":2,"secondtime2":5}}
{"timestamp":"2026-09-09T06:56:35.717Z","level":"INFO","event":"timer_broadcast","game":"wingo","payload":{"minute":0,"secondtime1":2,"secondtime2":5}}
{"timestamp":"2026-09-09T06:56:35.718Z","level":"INFO","event":"timer_broadcast","game":"wingo3","payload":{"minute":0,"secondtime1":2,"secondtime2":5}}
{"timestamp":"2026-09-09T06:56:35.718Z","level":"INFO","event":"timer_broadcast","game":"wingo5","payload":{"minute":3,"secondtime1":2,"secondtime2":5}}
{"timestamp":"2026-09-09T06:56:41.175Z","level":"INFO","event":"socket_connected","socketId":"mDjoPzNKpdO2QGHvAAAB"}
{"timestamp":"2026-09-09T06:56:41.780Z","level":"INFO","event":"timer_broadcast","game":"wingo10","payload":{"minute":0,"secondtime1":1,"secondtime2":9}}
{"timestamp":"2026-09-09T06:56:41.785Z","level":"INFO","event":"timer_broadcast","game":"wingo","payload":{"minute":0,"secondtime1":1,"secondtime2":9}}
{"timestamp":"2026-09-09T06:56:41.813Z","level":"INFO","event":"timer_broadcast","game":"wingo3","payload":{"minute":0,"secondtime1":1,"secondtime2":9}}
{"timestamp":"2026-09-09T06:56:41.814Z","level":"INFO","event":"timer_broadcast","game":"wingo5","payload":{"minute":3,"secondtime1":1,"secondtime2":9}}
{"timestamp":"2026-09-09T06:56:41.852Z","level":"INFO","event":"timer_broadcast","game":"wingo10","payload":{"minute":0,"secondtime1":1,"secondtime2":9}}
{"timestamp":"2026-09-09T06:56:41.860Z","level":"INFO","event":"timer_broadcast","game":"wingo","payload":{"minute":0,"secondtime1":1,"secondtime2":9}}
{"timestamp":"2026-09-09T06:56:41.862Z","level":"INFO","event":"timer_broadcast","game":"wingo3","payload":{"minute":0,"secondtime1":1,"secondtime2":9}}
{"timestamp":"2026-09-09T06:56:41.864Z","level":"INFO","event":"timer_broadcast","game":"wingo5","payload":{"minute":3,"secondtime1":1,"secondtime2":9}}
{"timestamp":"2026-09-09T06:56:42.956Z","level":"INFO","event":"timer_broadcast","game":"wingo10","payload":{"minute":0,"secondtime1":1,"secondtime2":8}}
{"timestamp":"2026-09-09T06:56:42.957Z","level":"INFO","event":"timer_broadcast","game":"wingo","payload":{"minute":0,"secondtime1":1,"secondtime2":8}}
{"timestamp":"2026-09-09T06:56:42.957Z","level":"INFO","event":"timer_broadcast","game":"wingo3","payload":{"minute":0,"secondtime1":1,"secondtime2":8}}
{"timestamp":"2026-09-09T06:56:42.958Z","level":"INFO","event":"timer_broadcast","game":"wingo5","payload":{"minute":3,"secondtime1":1,"secondtime2":8}}
{"timestamp":"2026-09-09T06:56:43.970Z","level":"INFO","event":"timer_broadcast","game":"wingo10","payload":{"minute":0,"secondtime1":1,"secondtime2":7}}
{"timestamp":"2026-09-09T06:56:43.971Z","level":"INFO","event":"timer_broadcast","game":"wingo","payload":{"minute":0,"secondtime1":1,"secondtime2":7}}
{"timestamp":"2026-09-09T06:56:43.971Z","level":"INFO","event":"timer_broadcast","game":"wingo3","payload":{"minute":0,"secondtime1":1,"secondtime2":7}}
{"timestamp":"2026-09-09T06:56:43.972Z","level":"INFO","event":"timer_broadcast","game":"wingo5","payload":{"minute":3,"secondtime1":1,"secondtime2":7}}
{"timestamp":"2026-09-09T06:56:44.970Z","level":"INFO","event":"timer_broadcast","game":"wingo10","payload":{"minute":0,"secondtime1":1,"secondtime2":6}}
{"timestamp":"2026-09-09T06:56:44.970Z","level":"INFO","event":"timer_broadcast","game":"wingo","payload":{"minute":0,"secondtime1":1,"secondtime2":6}}
{"timestamp":"2026-09-09T06:56:44.971Z","level":"INFO","event":"timer_broadcast","game":"wingo3","payload":{"minute":0,"secondtime1":1,"secondtime2":6}}
{"timestamp":"2026-09-09T06:56:44.972Z","level":"INFO","event":"timer_broadcast","game":"wingo5","payload":{"minute":3,"secondtime1":1,"secondtime2":6}}
{"timestamp":"2026-09-09T06:56:45.984Z","level":"INFO","event":"timer_broadcast","game":"wingo10","payload":{"minute":0,"secondtime1":1,"secondtime2":5}}
{"timestamp":"2026-09-09T06:56:45.985Z","level":"INFO","event":"timer_broadcast","game":"wingo","payload":{"minute":0,"secondtime1":1,"secondtime2":5}}
{"timestamp":"2026-09-09T06:56:45.985Z","level":"INFO","event":"timer_broadcast","game":"wingo3","payload":{"minute":0,"secondtime1":1,"secondtime2":5}}
{"timestamp":"2026-09-09T06:56:45.986Z","level":"INFO","event":"timer_broadcast","game":"wingo5","payload":{"minute":3,"secondtime1":1,"secondtime2":5}}
{"timestamp":"2026-09-09T06:56:46.985Z","level":"INFO","event":"timer_broadcast","game":"wingo10","payload":{"minute":0,"secondtime1":1,"secondtime2":4}}
{"timestamp":"2026-09-09T06:56:46.986Z","level":"INFO","event":"timer_broadcast","game":"wingo","payload":{"minute":0,"secondtime1":1,"secondtime2":4}}
{"timestamp":"2026-09-09T06:56:46.986Z","level":"INFO","event":"timer_broadcast","game":"wingo3","payload":{"minute":0,"secondtime1":1,"secondtime2":4}}
{"timestamp":"2026-09-09T06:56:46.987Z","level":"INFO","event":"timer_broadcast","game":"wingo5","payload":{"minute":3,"secondtime1":1,"secondtime2":4}}
{"timestamp":"2026-09-09T06:56:48.000Z","level":"INFO","event":"timer_broadcast","game":"wingo10","payload":{"minute":0,"secondtime1":1,"secondtime2":2}}
{"timestamp":"2026-09-09T06:56:48.000Z","level":"INFO","event":"timer_broadcast","game":"wingo","payload":{"minute":0,"secondtime1":1,"secondtime2":2}}
{"timestamp":"2026-09-09T06:56:48.001Z","level":"INFO","event":"timer_broadcast","game":"wingo3","payload":{"minute":0,"secondtime1":1,"secondtime2":2}}
{"timestamp":"2026-09-09T06:56:48.001Z","level":"INFO","event":"timer_broadcast","game":"wingo5","payload":{"minute":3,"secondtime1":1,"secondtime2":2}}
{"timestamp":"2026-09-09T06:56:49.002Z","level":"INFO","event":"timer_broadcast","game":"wingo10","payload":{"minute":0,"secondtime1":1,"secondtime2":1}}
{"timestamp":"2026-09-09T06:56:49.003Z","level":"INFO","event":"timer_broadcast","game":"wingo","payload":{"minute":0,"secondtime1":1,"secondtime2":1}}
{"timestamp":"2026-09-09T06:56:49.003Z","level":"INFO","event":"timer_broadcast","game":"wingo3","payload":{"minute":0,"secondtime1":1,"secondtime2":1}}
{"timestamp":"2026-09-09T06:56:49.004Z","level":"INFO","event":"timer_broadcast","game":"wingo5","payload":{"minute":3,"secondtime1":1,"secondtime2":1}}
{"timestamp":"2026-09-09T06:56:50.003Z","level":"INFO","event":"timer_broadcast","game":"wingo10","payload":{"minute":0,"secondtime1":1,"secondtime2":0}}
{"timestamp":"2026-09-09T06:56:50.004Z","level":"INFO","event":"timer_broadcast","game":"wingo","payload":{"minute":0,"secondtime1":1,"secondtime2":0}}
{"timestamp":"2026-09-09T06:56:50.004Z","level":"INFO","event":"timer_broadcast","game":"wingo3","payload":{"minute":0,"secondtime1":1,"secondtime2":0}}
{"timestamp":"2026-09-09T06:56:50.005Z","level":"INFO","event":"timer_broadcast","game":"wingo5","payload":{"minute":3,"secondtime1":1,"secondtime2":0}}
{"timestamp":"2026-09-09T06:56:51.017Z","level":"INFO","event":"timer_broadcast","game":"wingo10","payload":{"minute":0,"secondtime1":0,"secondtime2":9}}
{"timestamp":"2026-09-09T06:56:51.018Z","level":"INFO","event":"timer_broadcast","game":"wingo","payload":{"minute":0,"secondtime1":0,"secondtime2":9}}
{"timestamp":"2026-09-09T06:56:51.018Z","level":"INFO","event":"timer_broadcast","game":"wingo3","payload":{"minute":0,"secondtime1":0,"secondtime2":9}}
{"timestamp":"2026-09-09T06:56:51.019Z","level":"INFO","event":"timer_broadcast","game":"wingo5","payload":{"minute":3,"secondtime1":0,"secondtime2":9}}
{"timestamp":"2026-09-09T06:56:52.018Z","level":"INFO","event":"timer_broadcast","game":"wingo10","payload":{"minute":0,"secondtime1":0,"secondtime2":8}}
{"timestamp":"2026-09-09T06:56:52.018Z","level":"INFO","event":"timer_broadcast","game":"wingo","payload":{"minute":0,"secondtime1":0,"secondtime2":8}}
{"timestamp":"2026-09-09T06:56:52.018Z","level":"INFO","event":"timer_broadcast","game":"wingo3","payload":{"minute":0,"secondtime1":0,"secondtime2":8}}
{"timestamp":"2026-09-09T06:56:52.019Z","level":"INFO","event":"timer_broadcast","game":"wingo5","payload":{"minute":3,"secondtime1":0,"secondtime2":8}}
{"timestamp":"2026-09-09T06:56:53.018Z","level":"INFO","event":"timer_broadcast","game":"wingo10","payload":{"minute":0,"secondtime1":0,"secondtime2":7}}
{"timestamp":"2026-09-09T06:56:53.019Z","level":"INFO","event":"timer_broadcast","game":"wingo","payload":{"minute":0,"secondtime1":0,"secondtime2":7}}
{"timestamp":"2026-09-09T06:56:53.019Z","level":"INFO","event":"timer_broadcast","game":"wingo3","payload":{"minute":0,"secondtime1":0,"secondtime2":7}}
{"timestamp":"2026-09-09T06:56:53.019Z","level":"INFO","event":"timer_broadcast","game":"wingo5","payload":{"minute":3,"secondtime1":0,"secondtime2":7}}
{"timestamp":"2026-09-09T06:56:54.019Z","level":"INFO","event":"timer_broadcast","game":"wingo10","payload":{"minute":0,"secondtime1":0,"secondtime2":6}}
{"timestamp":"2026-09-09T06:56:54.019Z","level":"INFO","event":"timer_broadcast","game":"wingo","payload":{"minute":0,"secondtime1":0,"secondtime2":6}}
{"timestamp":"2026-09-09T06:56:54.020Z","level":"INFO","event":"timer_broadcast","game":"wingo3","payload":{"minute":0,"secondtime1":0,"secondtime2":6}}
{"timestamp":"2026-09-09T06:56:54.020Z","level":"INFO","event":"timer_broadcast","game":"wingo5","payload":{"minute":3,"secondtime1":0,"secondtime2":6}}
{"timestamp":"2026-09-09T06:56:55.019Z","level":"INFO","event":"timer_broadcast","game":"wingo10","payload":{"minute":0,"secondtime1":0,"secondtime2":5}}
{"timestamp":"2026-09-09T06:56:55.020Z","level":"INFO","event":"timer_broadcast","game":"wingo","payload":{"minute":0,"secondtime1":0,"secondtime2":5}}
{"timestamp":"2026-09-09T06:56:55.020Z","level":"INFO","event":"timer_broadcast","game":"wingo3","payload":{"minute":0,"secondtime1":0,"secondtime2":5}}
{"timestamp":"2026-09-09T06:56:55.020Z","level":"INFO","event":"timer_broadcast","game":"wingo5","payload":{"minute":3,"secondtime1":0,"secondtime2":5}}
{"timestamp":"2026-09-09T06:56:56.019Z","level":"INFO","event":"timer_broadcast","game":"wingo10","payload":{"minute":0,"secondtime1":0,"secondtime2":4}}
{"timestamp":"2026-09-09T06:56:56.020Z","level":"INFO","event":"timer_broadcast","game":"wingo","payload":{"minute":0,"secondtime1":0,"secondtime2":4}}
{"timestamp":"2026-09-09T06:56:56.020Z","level":"INFO","event":"timer_broadcast","game":"wingo3","payload":{"minute":0,"secondtime1":0,"secondtime2":4}}
{"timestamp":"2026-09-09T06:56:56.021Z","level":"INFO","event":"timer_broadcast","game":"wingo5","payload":{"minute":3,"secondtime1":0,"secondtime2":4}}
{"timestamp":"2026-09-09T06:56:57.020Z","level":"INFO","event":"timer_broadcast","game":"wingo10","payload":{"minute":0,"secondtime1":0,"secondtime2":3}}
{"timestamp":"2026-09-09T06:56:57.021Z","level":"INFO","event":"timer_broadcast","game":"wingo","payload":{"minute":0,"secondtime1":0,"secondtime2":3}}
{"timestamp":"2026-09-09T06:56:57.023Z","level":"INFO","event":"timer_broadcast","game":"wingo3","payload":{"minute":0,"secondtime1":0,"secondtime2":3}}
{"timestamp":"2026-09-09T06:56:57.024Z","level":"INFO","event":"timer_broadcast","game":"wingo5","payload":{"minute":3,"secondtime1":0,"secondtime2":3}}
{"timestamp":"2026-09-09T06:56:58.019Z","level":"INFO","event":"timer_broadcast","game":"wingo10","payload":{"minute":0,"secondtime1":0,"secondtime2":2}}
{"timestamp":"2026-09-09T06:56:58.020Z","level":"INFO","event":"timer_broadcast","game":"wingo","payload":{"minute":0,"secondtime1":0,"secondtime2":2}}
{"timestamp":"2026-09-09T06:56:58.021Z","level":"INFO","event":"timer_broadcast","game":"wingo3","payload":{"minute":0,"secondtime1":0,"secondtime2":2}}
{"timestamp":"2026-09-09T06:56:58.021Z","level":"INFO","event":"timer_broadcast","game":"wingo5","payload":{"minute":3,"secondtime1":0,"secondtime2":2}}
{"timestamp":"2026-09-09T06:56:59.036Z","level":"INFO","event":"timer_broadcast","game":"wingo10","payload":{"minute":0,"secondtime1":0,"secondtime2":1}}
{"timestamp":"2026-09-09T06:56:59.036Z","level":"INFO","event":"timer_broadcast","game":"wingo","payload":{"minute":0,"secondtime1":0,"secondtime2":1}}
{"timestamp":"2026-09-09T06:56:59.037Z","level":"INFO","event":"timer_broadcast","game":"wingo3","payload":{"minute":0,"secondtime1":0,"secondtime2":1}}
{"timestamp":"2026-09-09T06:56:59.037Z","level":"INFO","event":"timer_broadcast","game":"wingo5","payload":{"minute":3,"secondtime1":0,"secondtime2":1}}
{"timestamp":"2026-09-09T06:57:00.037Z","level":"INFO","event":"timer_broadcast","game":"wingo10","payload":{"minute":0,"secondtime1":3,"secondtime2":0}}
{"timestamp":"2026-09-09T06:57:00.038Z","level":"INFO","event":"timer_broadcast","game":"wingo","payload":{"minute":1,"secondtime1":0,"secondtime2":0}}
{"timestamp":"2026-09-09T06:57:00.039Z","level":"INFO","event":"timer_broadcast","game":"wingo3","payload":{"minute":3,"secondtime1":0,"secondtime2":0}}
{"timestamp":"2026-09-09T06:57:00.039Z","level":"INFO","event":"timer_broadcast","game":"wingo5","payload":{"minute":3,"secondtime1":0,"secondtime2":0}}
{"timestamp":"2026-09-09T06:57:00.043Z","level":"INFO","event":"timer_boundary","game":"wingo10","intervalSeconds":30,"totalSeconds":44820,"boundary":1494}
{"timestamp":"2026-09-09T06:57:00.045Z","level":"INFO","event":"timer_boundary","game":"wingo","intervalSeconds":60,"totalSeconds":44820,"boundary":747}
{"timestamp":"2026-09-09T06:57:00.047Z","level":"INFO","event":"timer_boundary","game":"wingo3","intervalSeconds":180,"totalSeconds":44820,"boundary":249}
{"timestamp":"2026-09-09T06:57:00.439Z","level":"INFO","event":"result_emitted","game":"wingo10","period":"38463917","amount":0}
{"timestamp":"2026-09-09T06:57:00.460Z","level":"INFO","event":"result_emitted","game":"wingo","period":"2667739","amount":8}
{"timestamp":"2026-09-09T06:57:00.487Z","level":"INFO","event":"result_emitted","game":"wingo3","period":"20260903100021031","amount":1}
{"timestamp":"2026-09-09T06:57:01.052Z","level":"INFO","event":"timer_broadcast","game":"wingo10","payload":{"minute":0,"secondtime1":2,"secondtime2":9}}
{"timestamp":"2026-09-09T06:57:01.053Z","level":"INFO","event":"timer_broadcast","game":"wingo","payload":{"minute":0,"secondtime1":5,"secondtime2":9}}
{"timestamp":"2026-09-09T06:57:01.054Z","level":"INFO","event":"timer_broadcast","game":"wingo3","payload":{"minute":2,"secondtime1":5,"secondtime2":9}}
{"timestamp":"2026-09-09T06:57:01.055Z","level":"INFO","event":"timer_broadcast","game":"wingo5","payload":{"minute":2,"secondtime1":5,"secondtime2":9}}
{"timestamp":"2026-09-09T06:57:02.052Z","level":"INFO","event":"timer_broadcast","game":"wingo10","payload":{"minute":0,"secondtime1":2,"secondtime2":8}}
{"timestamp":"2026-09-09T06:57:02.053Z","level":"INFO","event":"timer_broadcast","game":"wingo","payload":{"minute":0,"secondtime1":5,"secondtime2":8}}
{"timestamp":"2026-09-09T06:57:02.054Z","level":"INFO","event":"timer_broadcast","game":"wingo3","payload":{"minute":2,"secondtime1":5,"secondtime2":8}}
{"timestamp":"2026-09-09T06:57:02.054Z","level":"INFO","event":"timer_broadcast","game":"wingo5","payload":{"minute":2,"secondtime1":5,"secondtime2":8}}
{"timestamp":"2026-09-09T06:57:03.053Z","level":"INFO","event":"timer_broadcast","game":"wingo10","payload":{"minute":0,"secondtime1":2,"secondtime2":7}}
{"timestamp":"2026-09-09T06:57:03.053Z","level":"INFO","event":"timer_broadcast","game":"wingo","payload":{"minute":0,"secondtime1":5,"secondtime2":7}}
{"timestamp":"2026-09-09T06:57:03.054Z","level":"INFO","event":"timer_broadcast","game":"wingo3","payload":{"minute":2,"secondtime1":5,"secondtime2":7}}
{"timestamp":"2026-09-09T06:57:03.054Z","level":"INFO","event":"timer_broadcast","game":"wingo5","payload":{"minute":2,"secondtime1":5,"secondtime2":7}}
{"timestamp":"2026-09-09T06:57:04.053Z","level":"INFO","event":"timer_broadcast","game":"wingo10","payload":{"minute":0,"secondtime1":2,"secondtime2":6}}
{"timestamp":"2026-09-09T06:57:04.053Z","level":"INFO","event":"timer_broadcast","game":"wingo","payload":{"minute":0,"secondtime1":5,"secondtime2":6}}
{"timestamp":"2026-09-09T06:57:04.054Z","level":"INFO","event":"timer_broadcast","game":"wingo3","payload":{"minute":2,"secondtime1":5,"secondtime2":6}}
{"timestamp":"2026-09-09T06:57:04.054Z","level":"INFO","event":"timer_broadcast","game":"wingo5","payload":{"minute":2,"secondtime1":5,"secondtime2":6}}
{"timestamp":"2026-09-09T06:57:05.069Z","level":"INFO","event":"timer_broadcast","game":"wingo10","payload":{"minute":0,"secondtime1":2,"secondtime2":5}}
{"timestamp":"2026-09-09T06:57:05.070Z","level":"INFO","event":"timer_broadcast","game":"wingo","payload":{"minute":0,"secondtime1":5,"secondtime2":5}}
{"timestamp":"2026-09-09T06:57:05.071Z","level":"INFO","event":"timer_broadcast","game":"wingo3","payload":{"minute":2,"secondtime1":5,"secondtime2":5}}
{"timestamp":"2026-09-09T06:57:05.071Z","level":"INFO","event":"timer_broadcast","game":"wingo5","payload":{"minute":2,"secondtime1":5,"secondtime2":5}}
{"timestamp":"2026-09-09T06:57:06.069Z","level":"INFO","event":"timer_broadcast","game":"wingo10","payload":{"minute":0,"secondtime1":2,"secondtime2":4}}
{"timestamp":"2026-09-09T06:57:06.070Z","level":"INFO","event":"timer_broadcast","game":"wingo","payload":{"minute":0,"secondtime1":5,"secondtime2":4}}
{"timestamp":"2026-09-09T06:57:06.070Z","level":"INFO","event":"timer_broadcast","game":"wingo3","payload":{"minute":2,"secondtime1":5,"secondtime2":4}}
{"timestamp":"2026-09-09T06:57:06.071Z","level":"INFO","event":"timer_broadcast","game":"wingo5","payload":{"minute":2,"secondtime1":5,"secondtime2":4}}
{"timestamp":"2026-09-09T06:57:07.069Z","level":"INFO","event":"timer_broadcast","game":"wingo10","payload":{"minute":0,"secondtime1":2,"secondtime2":3}}
{"timestamp":"2026-09-09T06:57:07.070Z","level":"INFO","event":"timer_broadcast","game":"wingo","payload":{"minute":0,"secondtime1":5,"secondtime2":3}}
{"timestamp":"2026-09-09T06:57:07.070Z","level":"INFO","event":"timer_broadcast","game":"wingo3","payload":{"minute":2,"secondtime1":5,"secondtime2":3}}
{"timestamp":"2026-09-09T06:57:07.071Z","level":"INFO","event":"timer_broadcast","game":"wingo5","payload":{"minute":2,"secondtime1":5,"secondtime2":3}}
{"timestamp":"2026-09-09T06:57:08.084Z","level":"INFO","event":"timer_broadcast","game":"wingo10","payload":{"minute":0,"secondtime1":2,"secondtime2":2}}
{"timestamp":"2026-09-09T06:57:08.084Z","level":"INFO","event":"timer_broadcast","game":"wingo","payload":{"minute":0,"secondtime1":5,"secondtime2":2}}
{"timestamp":"2026-09-09T06:57:08.084Z","level":"INFO","event":"timer_broadcast","game":"wingo3","payload":{"minute":2,"secondtime1":5,"secondtime2":2}}
{"timestamp":"2026-09-09T06:57:08.085Z","level":"INFO","event":"timer_broadcast","game":"wingo5","payload":{"minute":2,"secondtime1":5,"secondtime2":2}}
{"timestamp":"2026-09-09T06:57:09.086Z","level":"INFO","event":"timer_broadcast","game":"wingo10","payload":{"minute":0,"secondtime1":2,"secondtime2":1}}
{"timestamp":"2026-09-09T06:57:09.086Z","level":"INFO","event":"timer_broadcast","game":"wingo","payload":{"minute":0,"secondtime1":5,"secondtime2":1}}
{"timestamp":"2026-09-09T06:57:09.087Z","level":"INFO","event":"timer_broadcast","game":"wingo3","payload":{"minute":2,"secondtime1":5,"secondtime2":1}}
{"timestamp":"2026-09-09T06:57:09.087Z","level":"INFO","event":"timer_broadcast","game":"wingo5","payload":{"minute":2,"secondtime1":5,"secondtime2":1}}
{"timestamp":"2026-09-09T06:57:10.100Z","level":"INFO","event":"timer_broadcast","game":"wingo10","payload":{"minute":0,"secondtime1":2,"secondtime2":0}}
{"timestamp":"2026-09-09T06:57:10.101Z","level":"INFO","event":"timer_broadcast","game":"wingo","payload":{"minute":0,"secondtime1":5,"secondtime2":0}}
{"timestamp":"2026-09-09T06:57:10.101Z","level":"INFO","event":"timer_broadcast","game":"wingo3","payload":{"minute":2,"secondtime1":5,"secondtime2":0}}
{"timestamp":"2026-09-09T06:57:10.102Z","level":"INFO","event":"timer_broadcast","game":"wingo5","payload":{"minute":2,"secondtime1":5,"secondtime2":0}}
{"timestamp":"2026-09-09T06:57:11.102Z","level":"INFO","event":"timer_broadcast","game":"wingo10","payload":{"minute":0,"secondtime1":1,"secondtime2":9}}
{"timestamp":"2026-09-09T06:57:11.103Z","level":"INFO","event":"timer_broadcast","game":"wingo","payload":{"minute":0,"secondtime1":4,"secondtime2":9}}
{"timestamp":"2026-09-09T06:57:11.104Z","level":"INFO","event":"timer_broadcast","game":"wingo3","payload":{"minute":2,"secondtime1":4,"secondtime2":9}}
{"timestamp":"2026-09-09T06:57:11.105Z","level":"INFO","event":"timer_broadcast","game":"wingo5","payload":{"minute":2,"secondtime1":4,"secondtime2":9}}
{"timestamp":"2026-09-09T06:57:12.102Z","level":"INFO","event":"timer_broadcast","game":"wingo10","payload":{"minute":0,"secondtime1":1,"secondtime2":8}}
{"timestamp":"2026-09-09T06:57:12.103Z","level":"INFO","event":"timer_broadcast","game":"wingo","payload":{"minute":0,"secondtime1":4,"secondtime2":8}}
{"timestamp":"2026-09-09T06:57:12.103Z","level":"INFO","event":"timer_broadcast","game":"wingo3","payload":{"minute":2,"secondtime1":4,"secondtime2":8}}
{"timestamp":"2026-09-09T06:57:12.104Z","level":"INFO","event":"timer_broadcast","game":"wingo5","payload":{"minute":2,"secondtime1":4,"secondtime2":8}}
{"timestamp":"2026-09-09T06:57:13.103Z","level":"INFO","event":"timer_broadcast","game":"wingo10","payload":{"minute":0,"secondtime1":1,"secondtime2":7}}
{"timestamp":"2026-09-09T06:57:13.104Z","level":"INFO","event":"timer_broadcast","game":"wingo","payload":{"minute":0,"secondtime1":4,"secondtime2":7}}
{"timestamp":"2026-09-09T06:57:13.104Z","level":"INFO","event":"timer_broadcast","game":"wingo3","payload":{"minute":2,"secondtime1":4,"secondtime2":7}}
{"timestamp":"2026-09-09T06:57:13.105Z","level":"INFO","event":"timer_broadcast","game":"wingo5","payload":{"minute":2,"secondtime1":4,"secondtime2":7}}
{"timestamp":"2026-09-09T06:57:14.103Z","level":"INFO","event":"timer_broadcast","game":"wingo10","payload":{"minute":0,"secondtime1":1,"secondtime2":6}}
{"timestamp":"2026-09-09T06:57:14.104Z","level":"INFO","event":"timer_broadcast","game":"wingo","payload":{"minute":0,"secondtime1":4,"secondtime2":6}}
{"timestamp":"2026-09-09T06:57:14.105Z","level":"INFO","event":"timer_broadcast","game":"wingo3","payload":{"minute":2,"secondtime1":4,"secondtime2":6}}
{"timestamp":"2026-09-09T06:57:14.106Z","level":"INFO","event":"timer_broadcast","game":"wingo5","payload":{"minute":2,"secondtime1":4,"secondtime2":6}}
{"timestamp":"2026-09-09T06:57:15.103Z","level":"INFO","event":"timer_broadcast","game":"wingo10","payload":{"minute":0,"secondtime1":1,"secondtime2":5}}
{"timestamp":"2026-09-09T06:57:15.104Z","level":"INFO","event":"timer_broadcast","game":"wingo","payload":{"minute":0,"secondtime1":4,"secondtime2":5}}
{"timestamp":"2026-09-09T06:57:15.105Z","level":"INFO","event":"timer_broadcast","game":"wingo3","payload":{"minute":2,"secondtime1":4,"secondtime2":5}}
{"timestamp":"2026-09-09T06:57:15.106Z","level":"INFO","event":"timer_broadcast","game":"wingo5","payload":{"minute":2,"secondtime1":4,"secondtime2":5}}
{"timestamp":"2026-09-09T06:57:16.103Z","level":"INFO","event":"timer_broadcast","game":"wingo10","payload":{"minute":0,"secondtime1":1,"secondtime2":4}}
{"timestamp":"2026-09-09T06:57:16.104Z","level":"INFO","event":"timer_broadcast","game":"wingo","payload":{"minute":0,"secondtime1":4,"secondtime2":4}}
{"timestamp":"2026-09-09T06:57:16.105Z","level":"INFO","event":"timer_broadcast","game":"wingo3","payload":{"minute":2,"secondtime1":4,"secondtime2":4}}
{"timestamp":"2026-09-09T06:57:16.105Z","level":"INFO","event":"timer_broadcast","game":"wingo5","payload":{"minute":2,"secondtime1":4,"secondtime2":4}}
{"timestamp":"2026-09-09T06:57:17.104Z","level":"INFO","event":"timer_broadcast","game":"wingo10","payload":{"minute":0,"secondtime1":1,"secondtime2":3}}
{"timestamp":"2026-09-09T06:57:17.104Z","level":"INFO","event":"timer_broadcast","game":"wingo","payload":{"minute":0,"secondtime1":4,"secondtime2":3}}
{"timestamp":"2026-09-09T06:57:17.105Z","level":"INFO","event":"timer_broadcast","game":"wingo3","payload":{"minute":2,"secondtime1":4,"secondtime2":3}}
{"timestamp":"2026-09-09T06:57:17.105Z","level":"INFO","event":"timer_broadcast","game":"wingo5","payload":{"minute":2,"secondtime1":4,"secondtime2":3}}
{"timestamp":"2026-09-09T06:57:18.103Z","level":"INFO","event":"timer_broadcast","game":"wingo10","payload":{"minute":0,"secondtime1":1,"secondtime2":2}}
{"timestamp":"2026-09-09T06:57:18.104Z","level":"INFO","event":"timer_broadcast","game":"wingo","payload":{"minute":0,"secondtime1":4,"secondtime2":2}}
{"timestamp":"2026-09-09T06:57:18.104Z","level":"INFO","event":"timer_broadcast","game":"wingo3","payload":{"minute":2,"secondtime1":4,"secondtime2":2}}
{"timestamp":"2026-09-09T06:57:18.105Z","level":"INFO","event":"timer_broadcast","game":"wingo5","payload":{"minute":2,"secondtime1":4,"secondtime2":2}}
{"timestamp":"2026-09-09T06:57:19.119Z","level":"INFO","event":"timer_broadcast","game":"wingo10","payload":{"minute":0,"secondtime1":1,"secondtime2":1}}
{"timestamp":"2026-09-09T06:57:19.120Z","level":"INFO","event":"timer_broadcast","game":"wingo","payload":{"minute":0,"secondtime1":4,"secondtime2":1}}
{"timestamp":"2026-09-09T06:57:19.120Z","level":"INFO","event":"timer_broadcast","game":"wingo3","payload":{"minute":2,"secondtime1":4,"secondtime2":1}}
{"timestamp":"2026-09-09T06:57:19.121Z","level":"INFO","event":"timer_broadcast","game":"wingo5","payload":{"minute":2,"secondtime1":4,"secondtime2":1}}
{"timestamp":"2026-09-09T06:57:20.120Z","level":"INFO","event":"timer_broadcast","game":"wingo10","payload":{"minute":0,"secondtime1":1,"secondtime2":0}}
{"timestamp":"2026-09-09T06:57:20.121Z","level":"INFO","event":"timer_broadcast","game":"wingo","payload":{"minute":0,"secondtime1":4,"secondtime2":0}}
{"timestamp":"2026-09-09T06:57:20.122Z","level":"INFO","event":"timer_broadcast","game":"wingo3","payload":{"minute":2,"secondtime1":4,"secondtime2":0}}
{"timestamp":"2026-09-09T06:57:20.122Z","level":"INFO","event":"timer_broadcast","game":"wingo5","payload":{"minute":2,"secondtime1":4,"secondtime2":0}}
{"timestamp":"2026-09-09T06:57:21.120Z","level":"INFO","event":"timer_broadcast","game":"wingo10","payload":{"minute":0,"secondtime1":0,"secondtime2":9}}
{"timestamp":"2026-09-09T06:57:21.121Z","level":"INFO","event":"timer_broadcast","game":"wingo","payload":{"minute":0,"secondtime1":3,"secondtime2":9}}
{"timestamp":"2026-09-09T06:57:21.122Z","level":"INFO","event":"timer_broadcast","game":"wingo3","payload":{"minute":2,"secondtime1":3,"secondtime2":9}}
{"timestamp":"2026-09-09T06:57:21.122Z","level":"INFO","event":"timer_broadcast","game":"wingo5","payload":{"minute":2,"secondtime1":3,"secondtime2":9}}
{"timestamp":"2026-09-09T06:57:22.134Z","level":"INFO","event":"timer_broadcast","game":"wingo10","payload":{"minute":0,"secondtime1":0,"secondtime2":8}}
{"timestamp":"2026-09-09T06:57:22.135Z","level":"INFO","event":"timer_broadcast","game":"wingo","payload":{"minute":0,"secondtime1":3,"secondtime2":8}}
{"timestamp":"2026-09-09T06:57:22.135Z","level":"INFO","event":"timer_broadcast","game":"wingo3","payload":{"minute":2,"secondtime1":3,"secondtime2":8}}
{"timestamp":"2026-09-09T06:57:22.135Z","level":"INFO","event":"timer_broadcast","game":"wingo5","payload":{"minute":2,"secondtime1":3,"secondtime2":8}}
{"timestamp":"2026-09-09T06:57:23.137Z","level":"INFO","event":"timer_broadcast","game":"wingo10","payload":{"minute":0,"secondtime1":0,"secondtime2":7}}
{"timestamp":"2026-09-09T06:57:23.138Z","level":"INFO","event":"timer_broadcast","game":"wingo","payload":{"minute":0,"secondtime1":3,"secondtime2":7}}
{"timestamp":"2026-09-09T06:57:23.138Z","level":"INFO","event":"timer_broadcast","game":"wingo3","payload":{"minute":2,"secondtime1":3,"secondtime2":7}}
{"timestamp":"2026-09-09T06:57:23.139Z","level":"INFO","event":"timer_broadcast","game":"wingo5","payload":{"minute":2,"secondtime1":3,"secondtime2":7}}
{"timestamp":"2026-09-09T06:57:24.137Z","level":"INFO","event":"timer_broadcast","game":"wingo10","payload":{"minute":0,"secondtime1":0,"secondtime2":6}}
{"timestamp":"2026-09-09T06:57:24.137Z","level":"INFO","event":"timer_broadcast","game":"wingo","payload":{"minute":0,"secondtime1":3,"secondtime2":6}}
{"timestamp":"2026-09-09T06:57:24.138Z","level":"INFO","event":"timer_broadcast","game":"wingo3","payload":{"minute":2,"secondtime1":3,"secondtime2":6}}
{"timestamp":"2026-09-09T06:57:24.138Z","level":"INFO","event":"timer_broadcast","game":"wingo5","payload":{"minute":2,"secondtime1":3,"secondtime2":6}}
{"timestamp":"2026-09-09T06:57:25.137Z","level":"INFO","event":"timer_broadcast","game":"wingo10","payload":{"minute":0,"secondtime1":0,"secondtime2":5}}
{"timestamp":"2026-09-09T06:57:25.137Z","level":"INFO","event":"timer_broadcast","game":"wingo","payload":{"minute":0,"secondtime1":3,"secondtime2":5}}
{"timestamp":"2026-09-09T06:57:25.138Z","level":"INFO","event":"timer_broadcast","game":"wingo3","payload":{"minute":2,"secondtime1":3,"secondtime2":5}}
{"timestamp":"2026-09-09T06:57:25.138Z","level":"INFO","event":"timer_broadcast","game":"wingo5","payload":{"minute":2,"secondtime1":3,"secondtime2":5}}
{"timestamp":"2026-09-09T06:57:26.137Z","level":"INFO","event":"timer_broadcast","game":"wingo10","payload":{"minute":0,"secondtime1":0,"secondtime2":4}}
{"timestamp":"2026-09-09T06:57:26.138Z","level":"INFO","event":"timer_broadcast","game":"wingo","payload":{"minute":0,"secondtime1":3,"secondtime2":4}}
{"timestamp":"2026-09-09T06:57:26.138Z","level":"INFO","event":"timer_broadcast","game":"wingo3","payload":{"minute":2,"secondtime1":3,"secondtime2":4}}
{"timestamp":"2026-09-09T06:57:26.139Z","level":"INFO","event":"timer_broadcast","game":"wingo5","payload":{"minute":2,"secondtime1":3,"secondtime2":4}}
{"timestamp":"2026-09-09T06:57:27.153Z","level":"INFO","event":"timer_broadcast","game":"wingo10","payload":{"minute":0,"secondtime1":0,"secondtime2":3}}
{"timestamp":"2026-09-09T06:57:27.153Z","level":"INFO","event":"timer_broadcast","game":"wingo","payload":{"minute":0,"secondtime1":3,"secondtime2":3}}
{"timestamp":"2026-09-09T06:57:27.153Z","level":"INFO","event":"timer_broadcast","game":"wingo3","payload":{"minute":2,"secondtime1":3,"secondtime2":3}}
{"timestamp":"2026-09-09T06:57:27.154Z","level":"INFO","event":"timer_broadcast","game":"wingo5","payload":{"minute":2,"secondtime1":3,"secondtime2":3}}
{"timestamp":"2026-09-09T06:57:28.152Z","level":"INFO","event":"timer_broadcast","game":"wingo10","payload":{"minute":0,"secondtime1":0,"secondtime2":2}}
{"timestamp":"2026-09-09T06:57:28.153Z","level":"INFO","event":"timer_broadcast","game":"wingo","payload":{"minute":0,"secondtime1":3,"secondtime2":2}}
{"timestamp":"2026-09-09T06:57:28.153Z","level":"INFO","event":"timer_broadcast","game":"wingo3","payload":{"minute":2,"secondtime1":3,"secondtime2":2}}
{"timestamp":"2026-09-09T06:57:28.153Z","level":"INFO","event":"timer_broadcast","game":"wingo5","payload":{"minute":2,"secondtime1":3,"secondtime2":2}}
{"timestamp":"2026-09-09T06:57:29.152Z","level":"INFO","event":"timer_broadcast","game":"wingo10","payload":{"minute":0,"secondtime1":0,"secondtime2":1}}
{"timestamp":"2026-09-09T06:57:29.153Z","level":"INFO","event":"timer_broadcast","game":"wingo","payload":{"minute":0,"secondtime1":3,"secondtime2":1}}
{"timestamp":"2026-09-09T06:57:29.153Z","level":"INFO","event":"timer_broadcast","game":"wingo3","payload":{"minute":2,"secondtime1":3,"secondtime2":1}}
{"timestamp":"2026-09-09T06:57:29.154Z","level":"INFO","event":"timer_broadcast","game":"wingo5","payload":{"minute":2,"secondtime1":3,"secondtime2":1}}
{"timestamp":"2026-09-09T06:57:30.152Z","level":"INFO","event":"timer_broadcast","game":"wingo10","payload":{"minute":0,"secondtime1":3,"secondtime2":0}}
{"timestamp":"2026-09-09T06:57:30.153Z","level":"INFO","event":"timer_broadcast","game":"wingo","payload":{"minute":0,"secondtime1":3,"secondtime2":0}}
{"timestamp":"2026-09-09T06:57:30.153Z","level":"INFO","event":"timer_broadcast","game":"wingo3","payload":{"minute":2,"secondtime1":3,"secondtime2":0}}
{"timestamp":"2026-09-09T06:57:30.154Z","level":"INFO","event":"timer_broadcast","game":"wingo5","payload":{"minute":2,"secondtime1":3,"secondtime2":0}}
{"timestamp":"2026-09-09T06:57:30.156Z","level":"INFO","event":"timer_boundary","game":"wingo10","intervalSeconds":30,"totalSeconds":44850,"boundary":1495}
{"timestamp":"2026-09-09T06:57:30.515Z","level":"INFO","event":"result_emitted","game":"wingo10","period":"38463919","amount":5}
{"timestamp":"2026-09-09T06:57:31.163Z","level":"INFO","event":"timer_broadcast","game":"wingo10","payload":{"minute":0,"secondtime1":2,"secondtime2":9}}
{"timestamp":"2026-09-09T06:57:31.164Z","level":"INFO","event":"timer_broadcast","game":"wingo","payload":{"minute":0,"secondtime1":2,"secondtime2":9}}
{"timestamp":"2026-09-09T06:57:31.164Z","level":"INFO","event":"timer_broadcast","game":"wingo3","payload":{"minute":2,"secondtime1":2,"secondtime2":9}}
{"timestamp":"2026-09-09T06:57:31.165Z","level":"INFO","event":"timer_broadcast","game":"wingo5","payload":{"minute":2,"secondtime1":2,"secondtime2":9}}
{"timestamp":"2026-09-09T06:57:32.171Z","level":"INFO","event":"timer_broadcast","game":"wingo10","payload":{"minute":0,"secondtime1":2,"secondtime2":8}}
{"timestamp":"2026-09-09T06:57:32.171Z","level":"INFO","event":"timer_broadcast","game":"wingo","payload":{"minute":0,"secondtime1":2,"secondtime2":8}}
{"timestamp":"2026-09-09T06:57:32.172Z","level":"INFO","event":"timer_broadcast","game":"wingo3","payload":{"minute":2,"secondtime1":2,"secondtime2":8}}
{"timestamp":"2026-09-09T06:57:32.172Z","level":"INFO","event":"timer_broadcast","game":"wingo5","payload":{"minute":2,"secondtime1":2,"secondtime2":8}}
{"timestamp":"2026-09-09T06:57:33.187Z","level":"INFO","event":"timer_broadcast","game":"wingo10","payload":{"minute":0,"secondtime1":2,"secondtime2":7}}
{"timestamp":"2026-09-09T06:57:33.188Z","level":"INFO","event":"timer_broadcast","game":"wingo","payload":{"minute":0,"secondtime1":2,"secondtime2":7}}
{"timestamp":"2026-09-09T06:57:33.188Z","level":"INFO","event":"timer_broadcast","game":"wingo3","payload":{"minute":2,"secondtime1":2,"secondtime2":7}}
{"timestamp":"2026-09-09T06:57:33.189Z","level":"INFO","event":"timer_broadcast","game":"wingo5","payload":{"minute":2,"secondtime1":2,"secondtime2":7}}
{"timestamp":"2026-09-09T06:57:34.187Z","level":"INFO","event":"timer_broadcast","game":"wingo10","payload":{"minute":0,"secondtime1":2,"secondtime2":6}}
{"timestamp":"2026-09-09T06:57:34.188Z","level":"INFO","event":"timer_broadcast","game":"wingo","payload":{"minute":0,"secondtime1":2,"secondtime2":6}}
{"timestamp":"2026-09-09T06:57:34.189Z","level":"INFO","event":"timer_broadcast","game":"wingo3","payload":{"minute":2,"secondtime1":2,"secondtime2":6}}
{"timestamp":"2026-09-09T06:57:34.190Z","level":"INFO","event":"timer_broadcast","game":"wingo5","payload":{"minute":2,"secondtime1":2,"secondtime2":6}}
{"timestamp":"2026-09-09T06:57:35.203Z","level":"INFO","event":"timer_broadcast","game":"wingo10","payload":{"minute":0,"secondtime1":2,"secondtime2":5}}
{"timestamp":"2026-09-09T06:57:35.203Z","level":"INFO","event":"timer_broadcast","game":"wingo","payload":{"minute":0,"secondtime1":2,"secondtime2":5}}
{"timestamp":"2026-09-09T06:57:35.205Z","level":"INFO","event":"timer_broadcast","game":"wingo3","payload":{"minute":2,"secondtime1":2,"secondtime2":5}}
{"timestamp":"2026-09-09T06:57:35.205Z","level":"INFO","event":"timer_broadcast","game":"wingo5","payload":{"minute":2,"secondtime1":2,"secondtime2":5}}
{"timestamp":"2026-09-09T06:57:36.204Z","level":"INFO","event":"timer_broadcast","game":"wingo10","payload":{"minute":0,"secondtime1":2,"secondtime2":4}}
{"timestamp":"2026-09-09T06:57:36.205Z","level":"INFO","event":"timer_broadcast","game":"wingo","payload":{"minute":0,"secondtime1":2,"secondtime2":4}}
{"timestamp":"2026-09-09T06:57:36.205Z","level":"INFO","event":"timer_broadcast","game":"wingo3","payload":{"minute":2,"secondtime1":2,"secondtime2":4}}
{"timestamp":"2026-09-09T06:57:36.206Z","level":"INFO","event":"timer_broadcast","game":"wingo5","payload":{"minute":2,"secondtime1":2,"secondtime2":4}}
{"timestamp":"2026-09-09T06:57:37.204Z","level":"INFO","event":"timer_broadcast","game":"wingo10","payload":{"minute":0,"secondtime1":2,"secondtime2":3}}
{"timestamp":"2026-09-09T06:57:37.205Z","level":"INFO","event":"timer_broadcast","game":"wingo","payload":{"minute":0,"secondtime1":2,"secondtime2":3}}
{"timestamp":"2026-09-09T06:57:37.205Z","level":"INFO","event":"timer_broadcast","game":"wingo3","payload":{"minute":2,"secondtime1":2,"secondtime2":3}}
{"timestamp":"2026-09-09T06:57:37.206Z","level":"INFO","event":"timer_broadcast","game":"wingo5","payload":{"minute":2,"secondtime1":2,"secondtime2":3}}
{"timestamp":"2026-09-09T06:57:38.220Z","level":"INFO","event":"timer_broadcast","game":"wingo10","payload":{"minute":0,"secondtime1":2,"secondtime2":2}}
{"timestamp":"2026-09-09T06:57:38.221Z","level":"INFO","event":"timer_broadcast","game":"wingo","payload":{"minute":0,"secondtime1":2,"secondtime2":2}}
{"timestamp":"2026-09-09T06:57:38.221Z","level":"INFO","event":"timer_broadcast","game":"wingo3","payload":{"minute":2,"secondtime1":2,"secondtime2":2}}
{"timestamp":"2026-09-09T06:57:38.221Z","level":"INFO","event":"timer_broadcast","game":"wingo5","payload":{"minute":2,"secondtime1":2,"secondtime2":2}}
{"timestamp":"2026-09-09T06:57:39.220Z","level":"INFO","event":"timer_broadcast","game":"wingo10","payload":{"minute":0,"secondtime1":2,"secondtime2":1}}
{"timestamp":"2026-09-09T06:57:39.221Z","level":"INFO","event":"timer_broadcast","game":"wingo","payload":{"minute":0,"secondtime1":2,"secondtime2":1}}
{"timestamp":"2026-09-09T06:57:39.221Z","level":"INFO","event":"timer_broadcast","game":"wingo3","payload":{"minute":2,"secondtime1":2,"secondtime2":1}}
{"timestamp":"2026-09-09T06:57:39.222Z","level":"INFO","event":"timer_broadcast","game":"wingo5","payload":{"minute":2,"secondtime1":2,"secondtime2":1}}
{"timestamp":"2026-09-09T06:57:40.220Z","level":"INFO","event":"timer_broadcast","game":"wingo10","payload":{"minute":0,"secondtime1":2,"secondtime2":0}}
{"timestamp":"2026-09-09T06:57:40.220Z","level":"INFO","event":"timer_broadcast","game":"wingo","payload":{"minute":0,"secondtime1":2,"secondtime2":0}}
{"timestamp":"2026-09-09T06:57:40.221Z","level":"INFO","event":"timer_broadcast","game":"wingo3","payload":{"minute":2,"secondtime1":2,"secondtime2":0}}
{"timestamp":"2026-09-09T06:57:40.221Z","level":"INFO","event":"timer_broadcast","game":"wingo5","payload":{"minute":2,"secondtime1":2,"secondtime2":0}}
{"timestamp":"2026-09-09T06:57:41.220Z","level":"INFO","event":"timer_broadcast","game":"wingo10","payload":{"minute":0,"secondtime1":1,"secondtime2":9}}
{"timestamp":"2026-09-09T06:57:41.220Z","level":"INFO","event":"timer_broadcast","game":"wingo","payload":{"minute":0,"secondtime1":1,"secondtime2":9}}
{"timestamp":"2026-09-09T06:57:41.221Z","level":"INFO","event":"timer_broadcast","game":"wingo3","payload":{"minute":2,"secondtime1":1,"secondtime2":9}}
{"timestamp":"2026-09-09T06:57:41.221Z","level":"INFO","event":"timer_broadcast","game":"wingo5","payload":{"minute":2,"secondtime1":1,"secondtime2":9}}
{"timestamp":"2026-09-09T06:57:42.221Z","level":"INFO","event":"timer_broadcast","game":"wingo10","payload":{"minute":0,"secondtime1":1,"secondtime2":8}}
{"timestamp":"2026-09-09T06:57:42.222Z","level":"INFO","event":"timer_broadcast","game":"wingo","payload":{"minute":0,"secondtime1":1,"secondtime2":8}}
{"timestamp":"2026-09-09T06:57:42.222Z","level":"INFO","event":"timer_broadcast","game":"wingo3","payload":{"minute":2,"secondtime1":1,"secondtime2":8}}
{"timestamp":"2026-09-09T06:57:42.223Z","level":"INFO","event":"timer_broadcast","game":"wingo5","payload":{"minute":2,"secondtime1":1,"secondtime2":8}}
{"timestamp":"2026-09-09T06:57:43.236Z","level":"INFO","event":"timer_broadcast","game":"wingo10","payload":{"minute":0,"secondtime1":1,"secondtime2":7}}
{"timestamp":"2026-09-09T06:57:43.237Z","level":"INFO","event":"timer_broadcast","game":"wingo","payload":{"minute":0,"secondtime1":1,"secondtime2":7}}
{"timestamp":"2026-09-09T06:57:43.237Z","level":"INFO","event":"timer_broadcast","game":"wingo3","payload":{"minute":2,"secondtime1":1,"secondtime2":7}}
{"timestamp":"2026-09-09T06:57:43.238Z","level":"INFO","event":"timer_broadcast","game":"wingo5","payload":{"minute":2,"secondtime1":1,"secondtime2":7}}
{"timestamp":"2026-09-09T06:57:44.252Z","level":"INFO","event":"timer_broadcast","game":"wingo10","payload":{"minute":0,"secondtime1":1,"secondtime2":6}}
{"timestamp":"2026-09-09T06:57:44.252Z","level":"INFO","event":"timer_broadcast","game":"wingo","payload":{"minute":0,"secondtime1":1,"secondtime2":6}}
{"timestamp":"2026-09-09T06:57:44.253Z","level":"INFO","event":"timer_broadcast","game":"wingo3","payload":{"minute":2,"secondtime1":1,"secondtime2":6}}
{"timestamp":"2026-09-09T06:57:44.253Z","level":"INFO","event":"timer_broadcast","game":"wingo5","payload":{"minute":2,"secondtime1":1,"secondtime2":6}}
{"timestamp":"2026-09-09T06:57:45.253Z","level":"INFO","event":"timer_broadcast","game":"wingo10","payload":{"minute":0,"secondtime1":1,"secondtime2":5}}
{"timestamp":"2026-09-09T06:57:45.254Z","level":"INFO","event":"timer_broadcast","game":"wingo","payload":{"minute":0,"secondtime1":1,"secondtime2":5}}
{"timestamp":"2026-09-09T06:57:45.254Z","level":"INFO","event":"timer_broadcast","game":"wingo3","payload":{"minute":2,"secondtime1":1,"secondtime2":5}}
{"timestamp":"2026-09-09T06:57:45.255Z","level":"INFO","event":"timer_broadcast","game":"wingo5","payload":{"minute":2,"secondtime1":1,"secondtime2":5}}
{"timestamp":"2026-09-09T06:57:46.269Z","level":"INFO","event":"timer_broadcast","game":"wingo10","payload":{"minute":0,"secondtime1":1,"secondtime2":4}}
{"timestamp":"2026-09-09T06:57:46.269Z","level":"INFO","event":"timer_broadcast","game":"wingo","payload":{"minute":0,"secondtime1":1,"secondtime2":4}}
{"timestamp":"2026-09-09T06:57:46.269Z","level":"INFO","event":"timer_broadcast","game":"wingo3","payload":{"minute":2,"secondtime1":1,"secondtime2":4}}
{"timestamp":"2026-09-09T06:57:46.270Z","level":"INFO","event":"timer_broadcast","game":"wingo5","payload":{"minute":2,"secondtime1":1,"secondtime2":4}}
{"timestamp":"2026-09-09T06:57:47.271Z","level":"INFO","event":"timer_broadcast","game":"wingo10","payload":{"minute":0,"secondtime1":1,"secondtime2":3}}
{"timestamp":"2026-09-09T06:57:47.272Z","level":"INFO","event":"timer_broadcast","game":"wingo","payload":{"minute":0,"secondtime1":1,"secondtime2":3}}
{"timestamp":"2026-09-09T06:57:47.272Z","level":"INFO","event":"timer_broadcast","game":"wingo3","payload":{"minute":2,"secondtime1":1,"secondtime2":3}}
{"timestamp":"2026-09-09T06:57:47.272Z","level":"INFO","event":"timer_broadcast","game":"wingo5","payload":{"minute":2,"secondtime1":1,"secondtime2":3}}
{"timestamp":"2026-09-09T06:57:48.272Z","level":"INFO","event":"timer_broadcast","game":"wingo10","payload":{"minute":0,"secondtime1":1,"secondtime2":2}}
{"timestamp":"2026-09-09T06:57:48.273Z","level":"INFO","event":"timer_broadcast","game":"wingo","payload":{"minute":0,"secondtime1":1,"secondtime2":2}}
{"timestamp":"2026-09-09T06:57:48.273Z","level":"INFO","event":"timer_broadcast","game":"wingo3","payload":{"minute":2,"secondtime1":1,"secondtime2":2}}
{"timestamp":"2026-09-09T06:57:48.273Z","level":"INFO","event":"timer_broadcast","game":"wingo5","payload":{"minute":2,"secondtime1":1,"secondtime2":2}}
{"timestamp":"2026-09-09T06:57:49.278Z","level":"INFO","event":"timer_broadcast","game":"wingo10","payload":{"minute":0,"secondtime1":1,"secondtime2":1}}
{"timestamp":"2026-09-09T06:57:49.279Z","level":"INFO","event":"timer_broadcast","game":"wingo","payload":{"minute":0,"secondtime1":1,"secondtime2":1}}
{"timestamp":"2026-09-09T06:57:49.279Z","level":"INFO","event":"timer_broadcast","game":"wingo3","payload":{"minute":2,"secondtime1":1,"secondtime2":1}}
{"timestamp":"2026-09-09T06:57:49.279Z","level":"INFO","event":"timer_broadcast","game":"wingo5","payload":{"minute":2,"secondtime1":1,"secondtime2":1}}
{"timestamp":"2026-09-09T06:57:50.286Z","level":"INFO","event":"timer_broadcast","game":"wingo10","payload":{"minute":0,"secondtime1":1,"secondtime2":0}}
{"timestamp":"2026-09-09T06:57:50.287Z","level":"INFO","event":"timer_broadcast","game":"wingo","payload":{"minute":0,"secondtime1":1,"secondtime2":0}}
{"timestamp":"2026-09-09T06:57:50.288Z","level":"INFO","event":"timer_broadcast","game":"wingo3","payload":{"minute":2,"secondtime1":1,"secondtime2":0}}
{"timestamp":"2026-09-09T06:57:50.288Z","level":"INFO","event":"timer_broadcast","game":"wingo5","payload":{"minute":2,"secondtime1":1,"secondtime2":0}}
{"timestamp":"2026-09-09T06:57:51.304Z","level":"INFO","event":"timer_broadcast","game":"wingo10","payload":{"minute":0,"secondtime1":0,"secondtime2":9}}
{"timestamp":"2026-09-09T06:57:51.304Z","level":"INFO","event":"timer_broadcast","game":"wingo","payload":{"minute":0,"secondtime1":0,"secondtime2":9}}
{"timestamp":"2026-09-09T06:57:51.305Z","level":"INFO","event":"timer_broadcast","game":"wingo3","payload":{"minute":2,"secondtime1":0,"secondtime2":9}}
{"timestamp":"2026-09-09T06:57:51.305Z","level":"INFO","event":"timer_broadcast","game":"wingo5","payload":{"minute":2,"secondtime1":0,"secondtime2":9}}
{"timestamp":"2026-09-09T06:57:52.303Z","level":"INFO","event":"timer_broadcast","game":"wingo10","payload":{"minute":0,"secondtime1":0,"secondtime2":8}}
{"timestamp":"2026-09-09T06:57:52.304Z","level":"INFO","event":"timer_broadcast","game":"wingo","payload":{"minute":0,"secondtime1":0,"secondtime2":8}}
{"timestamp":"2026-09-09T06:57:52.304Z","level":"INFO","event":"timer_broadcast","game":"wingo3","payload":{"minute":2,"secondtime1":0,"secondtime2":8}}
{"timestamp":"2026-09-09T06:57:52.305Z","level":"INFO","event":"timer_broadcast","game":"wingo5","payload":{"minute":2,"secondtime1":0,"secondtime2":8}}
{"timestamp":"2026-09-09T06:57:53.307Z","level":"INFO","event":"timer_broadcast","game":"wingo10","payload":{"minute":0,"secondtime1":0,"secondtime2":7}}
{"timestamp":"2026-09-09T06:57:53.308Z","level":"INFO","event":"timer_broadcast","game":"wingo","payload":{"minute":0,"secondtime1":0,"secondtime2":7}}
{"timestamp":"2026-09-09T06:57:53.308Z","level":"INFO","event":"timer_broadcast","game":"wingo3","payload":{"minute":2,"secondtime1":0,"secondtime2":7}}
{"timestamp":"2026-09-09T06:57:53.308Z","level":"INFO","event":"timer_broadcast","game":"wingo5","payload":{"minute":2,"secondtime1":0,"secondtime2":7}}
{"timestamp":"2026-09-09T06:57:54.321Z","level":"INFO","event":"timer_broadcast","game":"wingo10","payload":{"minute":0,"secondtime1":0,"secondtime2":6}}
{"timestamp":"2026-09-09T06:57:54.322Z","level":"INFO","event":"timer_broadcast","game":"wingo","payload":{"minute":0,"secondtime1":0,"secondtime2":6}}
{"timestamp":"2026-09-09T06:57:54.322Z","level":"INFO","event":"timer_broadcast","game":"wingo3","payload":{"minute":2,"secondtime1":0,"secondtime2":6}}
{"timestamp":"2026-09-09T06:57:54.323Z","level":"INFO","event":"timer_broadcast","game":"wingo5","payload":{"minute":2,"secondtime1":0,"secondtime2":6}}
{"timestamp":"2026-09-09T06:57:55.336Z","level":"INFO","event":"timer_broadcast","game":"wingo10","payload":{"minute":0,"secondtime1":0,"secondtime2":5}}
{"timestamp":"2026-09-09T06:57:55.336Z","level":"INFO","event":"timer_broadcast","game":"wingo","payload":{"minute":0,"secondtime1":0,"secondtime2":5}}
{"timestamp":"2026-09-09T06:57:55.336Z","level":"INFO","event":"timer_broadcast","game":"wingo3","payload":{"minute":2,"secondtime1":0,"secondtime2":5}}
{"timestamp":"2026-09-09T06:57:55.337Z","level":"INFO","event":"timer_broadcast","game":"wingo5","payload":{"minute":2,"secondtime1":0,"secondtime2":5}}
{"timestamp":"2026-09-09T06:57:56.335Z","level":"INFO","event":"timer_broadcast","game":"wingo10","payload":{"minute":0,"secondtime1":0,"secondtime2":4}}
{"timestamp":"2026-09-09T06:57:56.336Z","level":"INFO","event":"timer_broadcast","game":"wingo","payload":{"minute":0,"secondtime1":0,"secondtime2":4}}
{"timestamp":"2026-09-09T06:57:56.336Z","level":"INFO","event":"timer_broadcast","game":"wingo3","payload":{"minute":2,"secondtime1":0,"secondtime2":4}}
{"timestamp":"2026-09-09T06:57:56.336Z","level":"INFO","event":"timer_broadcast","game":"wingo5","payload":{"minute":2,"secondtime1":0,"secondtime2":4}}
{"timestamp":"2026-09-09T06:57:57.336Z","level":"INFO","event":"timer_broadcast","game":"wingo10","payload":{"minute":0,"secondtime1":0,"secondtime2":3}}
{"timestamp":"2026-09-09T06:57:57.337Z","level":"INFO","event":"timer_broadcast","game":"wingo","payload":{"minute":0,"secondtime1":0,"secondtime2":3}}
{"timestamp":"2026-09-09T06:57:57.337Z","level":"INFO","event":"timer_broadcast","game":"wingo3","payload":{"minute":2,"secondtime1":0,"secondtime2":3}}
{"timestamp":"2026-09-09T06:57:57.337Z","level":"INFO","event":"timer_broadcast","game":"wingo5","payload":{"minute":2,"secondtime1":0,"secondtime2":3}}
{"timestamp":"2026-09-09T06:57:58.337Z","level":"INFO","event":"timer_broadcast","game":"wingo10","payload":{"minute":0,"secondtime1":0,"secondtime2":2}}
{"timestamp":"2026-09-09T06:57:58.337Z","level":"INFO","event":"timer_broadcast","game":"wingo","payload":{"minute":0,"secondtime1":0,"secondtime2":2}}
{"timestamp":"2026-09-09T06:57:58.337Z","level":"INFO","event":"timer_broadcast","game":"wingo3","payload":{"minute":2,"secondtime1":0,"secondtime2":2}}
{"timestamp":"2026-09-09T06:57:58.338Z","level":"INFO","event":"timer_broadcast","game":"wingo5","payload":{"minute":2,"secondtime1":0,"secondtime2":2}}
{"timestamp":"2026-09-09T06:57:59.338Z","level":"INFO","event":"timer_broadcast","game":"wingo10","payload":{"minute":0,"secondtime1":0,"secondtime2":1}}
{"timestamp":"2026-09-09T06:57:59.339Z","level":"INFO","event":"timer_broadcast","game":"wingo","payload":{"minute":0,"secondtime1":0,"secondtime2":1}}
{"timestamp":"2026-09-09T06:57:59.340Z","level":"INFO","event":"timer_broadcast","game":"wingo3","payload":{"minute":2,"secondtime1":0,"secondtime2":1}}
{"timestamp":"2026-09-09T06:57:59.341Z","level":"INFO","event":"timer_broadcast","game":"wingo5","payload":{"minute":2,"secondtime1":0,"secondtime2":1}}
{"timestamp":"2026-09-09T06:58:00.338Z","level":"INFO","event":"timer_broadcast","game":"wingo10","payload":{"minute":0,"secondtime1":3,"secondtime2":0}}
{"timestamp":"2026-09-09T06:58:00.339Z","level":"INFO","event":"timer_broadcast","game":"wingo","payload":{"minute":1,"secondtime1":0,"secondtime2":0}}
{"timestamp":"2026-09-09T06:58:00.340Z","level":"INFO","event":"timer_broadcast","game":"wingo3","payload":{"minute":2,"secondtime1":0,"secondtime2":0}}
{"timestamp":"2026-09-09T06:58:00.340Z","level":"INFO","event":"timer_broadcast","game":"wingo5","payload":{"minute":2,"secondtime1":0,"secondtime2":0}}
{"timestamp":"2026-09-09T06:58:00.342Z","level":"INFO","event":"timer_boundary","game":"wingo10","intervalSeconds":30,"totalSeconds":44880,"boundary":1496}
{"timestamp":"2026-09-09T06:58:00.343Z","level":"INFO","event":"timer_boundary","game":"wingo","intervalSeconds":60,"totalSeconds":44880,"boundary":748}
{"timestamp":"2026-09-09T06:58:00.731Z","level":"INFO","event":"result_emitted","game":"wingo10","period":"38463921","amount":9}
{"timestamp":"2026-09-09T06:58:00.913Z","level":"INFO","event":"result_emitted","game":"wingo","period":"2667741","amount":5}
{"timestamp":"2026-09-09T06:58:01.338Z","level":"INFO","event":"timer_broadcast","game":"wingo10","payload":{"minute":0,"secondtime1":2,"secondtime2":9}}
{"timestamp":"2026-09-09T06:58:01.339Z","level":"INFO","event":"timer_broadcast","game":"wingo","payload":{"minute":0,"secondtime1":5,"secondtime2":9}}
{"timestamp":"2026-09-09T06:58:01.339Z","level":"INFO","event":"timer_broadcast","game":"wingo3","payload":{"minute":1,"secondtime1":5,"secondtime2":9}}
{"timestamp":"2026-09-09T06:58:01.340Z","level":"INFO","event":"timer_broadcast","game":"wingo5","payload":{"minute":1,"secondtime1":5,"secondtime2":9}}
{"timestamp":"2026-09-09T06:58:02.339Z","level":"INFO","event":"timer_broadcast","game":"wingo10","payload":{"minute":0,"secondtime1":2,"secondtime2":8}}
{"timestamp":"2026-09-09T06:58:02.340Z","level":"INFO","event":"timer_broadcast","game":"wingo","payload":{"minute":0,"secondtime1":5,"secondtime2":8}}
{"timestamp":"2026-09-09T06:58:02.341Z","level":"INFO","event":"timer_broadcast","game":"wingo3","payload":{"minute":1,"secondtime1":5,"secondtime2":8}}
{"timestamp":"2026-09-09T06:58:02.341Z","level":"INFO","event":"timer_broadcast","game":"wingo5","payload":{"minute":1,"secondtime1":5,"secondtime2":8}}
{"timestamp":"2026-09-09T06:58:03.339Z","level":"INFO","event":"timer_broadcast","game":"wingo10","payload":{"minute":0,"secondtime1":2,"secondtime2":7}}
{"timestamp":"2026-09-09T06:58:03.340Z","level":"INFO","event":"timer_broadcast","game":"wingo","payload":{"minute":0,"secondtime1":5,"secondtime2":7}}
{"timestamp":"2026-09-09T06:58:03.341Z","level":"INFO","event":"timer_broadcast","game":"wingo3","payload":{"minute":1,"secondtime1":5,"secondtime2":7}}
{"timestamp":"2026-09-09T06:58:03.341Z","level":"INFO","event":"timer_broadcast","game":"wingo5","payload":{"minute":1,"secondtime1":5,"secondtime2":7}}
{"timestamp":"2026-09-09T06:58:04.339Z","level":"INFO","event":"timer_broadcast","game":"wingo10","payload":{"minute":0,"secondtime1":2,"secondtime2":6}}
{"timestamp":"2026-09-09T06:58:04.340Z","level":"INFO","event":"timer_broadcast","game":"wingo","payload":{"minute":0,"secondtime1":5,"secondtime2":6}}
{"timestamp":"2026-09-09T06:58:04.341Z","level":"INFO","event":"timer_broadcast","game":"wingo3","payload":{"minute":1,"secondtime1":5,"secondtime2":6}}
{"timestamp":"2026-09-09T06:58:04.341Z","level":"INFO","event":"timer_broadcast","game":"wingo5","payload":{"minute":1,"secondtime1":5,"secondtime2":6}}
{"timestamp":"2026-09-09T06:58:05.339Z","level":"INFO","event":"timer_broadcast","game":"wingo10","payload":{"minute":0,"secondtime1":2,"secondtime2":5}}
{"timestamp":"2026-09-09T06:58:05.340Z","level":"INFO","event":"timer_broadcast","game":"wingo","payload":{"minute":0,"secondtime1":5,"secondtime2":5}}
{"timestamp":"2026-09-09T06:58:05.341Z","level":"INFO","event":"timer_broadcast","game":"wingo3","payload":{"minute":1,"secondtime1":5,"secondtime2":5}}
{"timestamp":"2026-09-09T06:58:05.342Z","level":"INFO","event":"timer_broadcast","game":"wingo5","payload":{"minute":1,"secondtime1":5,"secondtime2":5}}
{"timestamp":"2026-09-09T06:58:06.355Z","level":"INFO","event":"timer_broadcast","game":"wingo10","payload":{"minute":0,"secondtime1":2,"secondtime2":4}}
{"timestamp":"2026-09-09T06:58:06.356Z","level":"INFO","event":"timer_broadcast","game":"wingo","payload":{"minute":0,"secondtime1":5,"secondtime2":4}}
{"timestamp":"2026-09-09T06:58:06.357Z","level":"INFO","event":"timer_broadcast","game":"wingo3","payload":{"minute":1,"secondtime1":5,"secondtime2":4}}
{"timestamp":"2026-09-09T06:58:06.358Z","level":"INFO","event":"timer_broadcast","game":"wingo5","payload":{"minute":1,"secondtime1":5,"secondtime2":4}}
{"timestamp":"2026-09-09T06:58:07.355Z","level":"INFO","event":"timer_broadcast","game":"wingo10","payload":{"minute":0,"secondtime1":2,"secondtime2":3}}
{"timestamp":"2026-09-09T06:58:07.356Z","level":"INFO","event":"timer_broadcast","game":"wingo","payload":{"minute":0,"secondtime1":5,"secondtime2":3}}
{"timestamp":"2026-09-09T06:58:07.357Z","level":"INFO","event":"timer_broadcast","game":"wingo3","payload":{"minute":1,"secondtime1":5,"secondtime2":3}}
{"timestamp":"2026-09-09T06:58:07.358Z","level":"INFO","event":"timer_broadcast","game":"wingo5","payload":{"minute":1,"secondtime1":5,"secondtime2":3}}
{"timestamp":"2026-09-09T06:58:08.356Z","level":"INFO","event":"timer_broadcast","game":"wingo10","payload":{"minute":0,"secondtime1":2,"secondtime2":2}}
{"timestamp":"2026-09-09T06:58:08.357Z","level":"INFO","event":"timer_broadcast","game":"wingo","payload":{"minute":0,"secondtime1":5,"secondtime2":2}}
{"timestamp":"2026-09-09T06:58:08.358Z","level":"INFO","event":"timer_broadcast","game":"wingo3","payload":{"minute":1,"secondtime1":5,"secondtime2":2}}
{"timestamp":"2026-09-09T06:58:08.358Z","level":"INFO","event":"timer_broadcast","game":"wingo5","payload":{"minute":1,"secondtime1":5,"secondtime2":2}}
{"timestamp":"2026-09-09T06:58:09.372Z","level":"INFO","event":"timer_broadcast","game":"wingo10","payload":{"minute":0,"secondtime1":2,"secondtime2":1}}
{"timestamp":"2026-09-09T06:58:09.373Z","level":"INFO","event":"timer_broadcast","game":"wingo","payload":{"minute":0,"secondtime1":5,"secondtime2":1}}
{"timestamp":"2026-09-09T06:58:09.374Z","level":"INFO","event":"timer_broadcast","game":"wingo3","payload":{"minute":1,"secondtime1":5,"secondtime2":1}}
{"timestamp":"2026-09-09T06:58:09.375Z","level":"INFO","event":"timer_broadcast","game":"wingo5","payload":{"minute":1,"secondtime1":5,"secondtime2":1}}
{"timestamp":"2026-09-09T06:58:10.372Z","level":"INFO","event":"timer_broadcast","game":"wingo10","payload":{"minute":0,"secondtime1":2,"secondtime2":0}}
{"timestamp":"2026-09-09T06:58:10.373Z","level":"INFO","event":"timer_broadcast","game":"wingo","payload":{"minute":0,"secondtime1":5,"secondtime2":0}}
{"timestamp":"2026-09-09T06:58:10.374Z","level":"INFO","event":"timer_broadcast","game":"wingo3","payload":{"minute":1,"secondtime1":5,"secondtime2":0}}
{"timestamp":"2026-09-09T06:58:10.375Z","level":"INFO","event":"timer_broadcast","game":"wingo5","payload":{"minute":1,"secondtime1":5,"secondtime2":0}}
{"timestamp":"2026-09-09T06:58:11.372Z","level":"INFO","event":"timer_broadcast","game":"wingo10","payload":{"minute":0,"secondtime1":1,"secondtime2":9}}
{"timestamp":"2026-09-09T06:58:11.373Z","level":"INFO","event":"timer_broadcast","game":"wingo","payload":{"minute":0,"secondtime1":4,"secondtime2":9}}
{"timestamp":"2026-09-09T06:58:11.374Z","level":"INFO","event":"timer_broadcast","game":"wingo3","payload":{"minute":1,"secondtime1":4,"secondtime2":9}}
{"timestamp":"2026-09-09T06:58:11.374Z","level":"INFO","event":"timer_broadcast","game":"wingo5","payload":{"minute":1,"secondtime1":4,"secondtime2":9}}
{"timestamp":"2026-09-09T06:58:12.372Z","level":"INFO","event":"timer_broadcast","game":"wingo10","payload":{"minute":0,"secondtime1":1,"secondtime2":8}}
{"timestamp":"2026-09-09T06:58:12.373Z","level":"INFO","event":"timer_broadcast","game":"wingo","payload":{"minute":0,"secondtime1":4,"secondtime2":8}}
{"timestamp":"2026-09-09T06:58:12.374Z","level":"INFO","event":"timer_broadcast","game":"wingo3","payload":{"minute":1,"secondtime1":4,"secondtime2":8}}
{"timestamp":"2026-09-09T06:58:12.376Z","level":"INFO","event":"timer_broadcast","game":"wingo5","payload":{"minute":1,"secondtime1":4,"secondtime2":8}}
{"timestamp":"2026-09-09T06:58:13.372Z","level":"INFO","event":"timer_broadcast","game":"wingo10","payload":{"minute":0,"secondtime1":1,"secondtime2":7}}
{"timestamp":"2026-09-09T06:58:13.373Z","level":"INFO","event":"timer_broadcast","game":"wingo","payload":{"minute":0,"secondtime1":4,"secondtime2":7}}
{"timestamp":"2026-09-09T06:58:13.374Z","level":"INFO","event":"timer_broadcast","game":"wingo3","payload":{"minute":1,"secondtime1":4,"secondtime2":7}}
{"timestamp":"2026-09-09T06:58:13.374Z","level":"INFO","event":"timer_broadcast","game":"wingo5","payload":{"minute":1,"secondtime1":4,"secondtime2":7}}
{"timestamp":"2026-09-09T06:58:14.372Z","level":"INFO","event":"timer_broadcast","game":"wingo10","payload":{"minute":0,"secondtime1":1,"secondtime2":6}}
{"timestamp":"2026-09-09T06:58:14.373Z","level":"INFO","event":"timer_broadcast","game":"wingo","payload":{"minute":0,"secondtime1":4,"secondtime2":6}}
{"timestamp":"2026-09-09T06:58:14.374Z","level":"INFO","event":"timer_broadcast","game":"wingo3","payload":{"minute":1,"secondtime1":4,"secondtime2":6}}
{"timestamp":"2026-09-09T06:58:14.375Z","level":"INFO","event":"timer_broadcast","game":"wingo5","payload":{"minute":1,"secondtime1":4,"secondtime2":6}}
{"timestamp":"2026-09-09T06:58:15.373Z","level":"INFO","event":"timer_broadcast","game":"wingo10","payload":{"minute":0,"secondtime1":1,"secondtime2":5}}
{"timestamp":"2026-09-09T06:58:15.374Z","level":"INFO","event":"timer_broadcast","game":"wingo","payload":{"minute":0,"secondtime1":4,"secondtime2":5}}
{"timestamp":"2026-09-09T06:58:15.375Z","level":"INFO","event":"timer_broadcast","game":"wingo3","payload":{"minute":1,"secondtime1":4,"secondtime2":5}}
{"timestamp":"2026-09-09T06:58:15.375Z","level":"INFO","event":"timer_broadcast","game":"wingo5","payload":{"minute":1,"secondtime1":4,"secondtime2":5}}
{"timestamp":"2026-09-09T06:58:16.373Z","level":"INFO","event":"timer_broadcast","game":"wingo10","payload":{"minute":0,"secondtime1":1,"secondtime2":4}}
{"timestamp":"2026-09-09T06:58:16.378Z","level":"INFO","event":"timer_broadcast","game":"wingo","payload":{"minute":0,"secondtime1":4,"secondtime2":4}}
{"timestamp":"2026-09-09T06:58:16.379Z","level":"INFO","event":"timer_broadcast","game":"wingo3","payload":{"minute":1,"secondtime1":4,"secondtime2":4}}
{"timestamp":"2026-09-09T06:58:16.380Z","level":"INFO","event":"timer_broadcast","game":"wingo5","payload":{"minute":1,"secondtime1":4,"secondtime2":4}}
{"timestamp":"2026-09-09T06:58:17.388Z","level":"INFO","event":"timer_broadcast","game":"wingo10","payload":{"minute":0,"secondtime1":1,"secondtime2":3}}
{"timestamp":"2026-09-09T06:58:17.389Z","level":"INFO","event":"timer_broadcast","game":"wingo","payload":{"minute":0,"secondtime1":4,"secondtime2":3}}
{"timestamp":"2026-09-09T06:58:17.390Z","level":"INFO","event":"timer_broadcast","game":"wingo3","payload":{"minute":1,"secondtime1":4,"secondtime2":3}}
{"timestamp":"2026-09-09T06:58:17.391Z","level":"INFO","event":"timer_broadcast","game":"wingo5","payload":{"minute":1,"secondtime1":4,"secondtime2":3}}
{"timestamp":"2026-09-09T06:58:18.389Z","level":"INFO","event":"timer_broadcast","game":"wingo10","payload":{"minute":0,"secondtime1":1,"secondtime2":2}}
{"timestamp":"2026-09-09T06:58:18.390Z","level":"INFO","event":"timer_broadcast","game":"wingo","payload":{"minute":0,"secondtime1":4,"secondtime2":2}}
{"timestamp":"2026-09-09T06:58:18.391Z","level":"INFO","event":"timer_broadcast","game":"wingo3","payload":{"minute":1,"secondtime1":4,"secondtime2":2}}
{"timestamp":"2026-09-09T06:58:18.392Z","level":"INFO","event":"timer_broadcast","game":"wingo5","payload":{"minute":1,"secondtime1":4,"secondtime2":2}}
{"timestamp":"2026-09-09T06:58:19.389Z","level":"INFO","event":"timer_broadcast","game":"wingo10","payload":{"minute":0,"secondtime1":1,"secondtime2":1}}
{"timestamp":"2026-09-09T06:58:19.389Z","level":"INFO","event":"timer_broadcast","game":"wingo","payload":{"minute":0,"secondtime1":4,"secondtime2":1}}
{"timestamp":"2026-09-09T06:58:19.390Z","level":"INFO","event":"timer_broadcast","game":"wingo3","payload":{"minute":1,"secondtime1":4,"secondtime2":1}}
{"timestamp":"2026-09-09T06:58:19.391Z","level":"INFO","event":"timer_broadcast","game":"wingo5","payload":{"minute":1,"secondtime1":4,"secondtime2":1}}
{"timestamp":"2026-09-09T06:58:20.389Z","level":"INFO","event":"timer_broadcast","game":"wingo10","payload":{"minute":0,"secondtime1":1,"secondtime2":0}}
{"timestamp":"2026-09-09T06:58:20.390Z","level":"INFO","event":"timer_broadcast","game":"wingo","payload":{"minute":0,"secondtime1":4,"secondtime2":0}}
{"timestamp":"2026-09-09T06:58:20.391Z","level":"INFO","event":"timer_broadcast","game":"wingo3","payload":{"minute":1,"secondtime1":4,"secondtime2":0}}
{"timestamp":"2026-09-09T06:58:20.392Z","level":"INFO","event":"timer_broadcast","game":"wingo5","payload":{"minute":1,"secondtime1":4,"secondtime2":0}}
{"timestamp":"2026-09-09T06:58:21.389Z","level":"INFO","event":"timer_broadcast","game":"wingo10","payload":{"minute":0,"secondtime1":0,"secondtime2":9}}
{"timestamp":"2026-09-09T06:58:21.391Z","level":"INFO","event":"timer_broadcast","game":"wingo","payload":{"minute":0,"secondtime1":3,"secondtime2":9}}
{"timestamp":"2026-09-09T06:58:21.392Z","level":"INFO","event":"timer_broadcast","game":"wingo3","payload":{"minute":1,"secondtime1":3,"secondtime2":9}}
{"timestamp":"2026-09-09T06:58:21.392Z","level":"INFO","event":"timer_broadcast","game":"wingo5","payload":{"minute":1,"secondtime1":3,"secondtime2":9}}
{"timestamp":"2026-09-09T06:58:22.405Z","level":"INFO","event":"timer_broadcast","game":"wingo10","payload":{"minute":0,"secondtime1":0,"secondtime2":8}}
{"timestamp":"2026-09-09T06:58:22.406Z","level":"INFO","event":"timer_broadcast","game":"wingo","payload":{"minute":0,"secondtime1":3,"secondtime2":8}}
{"timestamp":"2026-09-09T06:58:22.407Z","level":"INFO","event":"timer_broadcast","game":"wingo3","payload":{"minute":1,"secondtime1":3,"secondtime2":8}}
{"timestamp":"2026-09-09T06:58:22.408Z","level":"INFO","event":"timer_broadcast","game":"wingo5","payload":{"minute":1,"secondtime1":3,"secondtime2":8}}
{"timestamp":"2026-09-09T06:58:23.406Z","level":"INFO","event":"timer_broadcast","game":"wingo10","payload":{"minute":0,"secondtime1":0,"secondtime2":7}}
{"timestamp":"2026-09-09T06:58:23.407Z","level":"INFO","event":"timer_broadcast","game":"wingo","payload":{"minute":0,"secondtime1":3,"secondtime2":7}}
{"timestamp":"2026-09-09T06:58:23.408Z","level":"INFO","event":"timer_broadcast","game":"wingo3","payload":{"minute":1,"secondtime1":3,"secondtime2":7}}
{"timestamp":"2026-09-09T06:58:23.408Z","level":"INFO","event":"timer_broadcast","game":"wingo5","payload":{"minute":1,"secondtime1":3,"secondtime2":7}}
{"timestamp":"2026-09-09T06:58:24.406Z","level":"INFO","event":"timer_broadcast","game":"wingo10","payload":{"minute":0,"secondtime1":0,"secondtime2":6}}
{"timestamp":"2026-09-09T06:58:24.407Z","level":"INFO","event":"timer_broadcast","game":"wingo","payload":{"minute":0,"secondtime1":3,"secondtime2":6}}
{"timestamp":"2026-09-09T06:58:24.408Z","level":"INFO","event":"timer_broadcast","game":"wingo3","payload":{"minute":1,"secondtime1":3,"secondtime2":6}}
{"timestamp":"2026-09-09T06:58:24.409Z","level":"INFO","event":"timer_broadcast","game":"wingo5","payload":{"minute":1,"secondtime1":3,"secondtime2":6}}
{"timestamp":"2026-09-09T06:58:25.422Z","level":"INFO","event":"timer_broadcast","game":"wingo10","payload":{"minute":0,"secondtime1":0,"secondtime2":5}}
{"timestamp":"2026-09-09T06:58:25.423Z","level":"INFO","event":"timer_broadcast","game":"wingo","payload":{"minute":0,"secondtime1":3,"secondtime2":5}}
{"timestamp":"2026-09-09T06:58:25.424Z","level":"INFO","event":"timer_broadcast","game":"wingo3","payload":{"minute":1,"secondtime1":3,"secondtime2":5}}
{"timestamp":"2026-09-09T06:58:25.425Z","level":"INFO","event":"timer_broadcast","game":"wingo5","payload":{"minute":1,"secondtime1":3,"secondtime2":5}}
{"timestamp":"2026-09-09T06:58:26.422Z","level":"INFO","event":"timer_broadcast","game":"wingo10","payload":{"minute":0,"secondtime1":0,"secondtime2":4}}
{"timestamp":"2026-09-09T06:58:26.423Z","level":"INFO","event":"timer_broadcast","game":"wingo","payload":{"minute":0,"secondtime1":3,"secondtime2":4}}
{"timestamp":"2026-09-09T06:58:26.424Z","level":"INFO","event":"timer_broadcast","game":"wingo3","payload":{"minute":1,"secondtime1":3,"secondtime2":4}}
{"timestamp":"2026-09-09T06:58:26.425Z","level":"INFO","event":"timer_broadcast","game":"wingo5","payload":{"minute":1,"secondtime1":3,"secondtime2":4}}
{"timestamp":"2026-09-09T06:58:27.423Z","level":"INFO","event":"timer_broadcast","game":"wingo10","payload":{"minute":0,"secondtime1":0,"secondtime2":3}}
{"timestamp":"2026-09-09T06:58:27.424Z","level":"INFO","event":"timer_broadcast","game":"wingo","payload":{"minute":0,"secondtime1":3,"secondtime2":3}}
{"timestamp":"2026-09-09T06:58:27.425Z","level":"INFO","event":"timer_broadcast","game":"wingo3","payload":{"minute":1,"secondtime1":3,"secondtime2":3}}
{"timestamp":"2026-09-09T06:58:27.426Z","level":"INFO","event":"timer_broadcast","game":"wingo5","payload":{"minute":1,"secondtime1":3,"secondtime2":3}}
{"timestamp":"2026-09-09T06:58:28.423Z","level":"INFO","event":"timer_broadcast","game":"wingo10","payload":{"minute":0,"secondtime1":0,"secondtime2":2}}
{"timestamp":"2026-09-09T06:58:28.424Z","level":"INFO","event":"timer_broadcast","game":"wingo","payload":{"minute":0,"secondtime1":3,"secondtime2":2}}
{"timestamp":"2026-09-09T06:58:28.425Z","level":"INFO","event":"timer_broadcast","game":"wingo3","payload":{"minute":1,"secondtime1":3,"secondtime2":2}}
{"timestamp":"2026-09-09T06:58:28.426Z","level":"INFO","event":"timer_broadcast","game":"wingo5","payload":{"minute":1,"secondtime1":3,"secondtime2":2}}
{"timestamp":"2026-09-09T06:58:29.439Z","level":"INFO","event":"timer_broadcast","game":"wingo10","payload":{"minute":0,"secondtime1":0,"secondtime2":1}}
{"timestamp":"2026-09-09T06:58:29.440Z","level":"INFO","event":"timer_broadcast","game":"wingo","payload":{"minute":0,"secondtime1":3,"secondtime2":1}}
{"timestamp":"2026-09-09T06:58:29.441Z","level":"INFO","event":"timer_broadcast","game":"wingo3","payload":{"minute":1,"secondtime1":3,"secondtime2":1}}
{"timestamp":"2026-09-09T06:58:29.442Z","level":"INFO","event":"timer_broadcast","game":"wingo5","payload":{"minute":1,"secondtime1":3,"secondtime2":1}}
{"timestamp":"2026-09-09T06:58:30.439Z","level":"INFO","event":"timer_broadcast","game":"wingo10","payload":{"minute":0,"secondtime1":3,"secondtime2":0}}
{"timestamp":"2026-09-09T06:58:30.441Z","level":"INFO","event":"timer_broadcast","game":"wingo","payload":{"minute":0,"secondtime1":3,"secondtime2":0}}
{"timestamp":"2026-09-09T06:58:30.441Z","level":"INFO","event":"timer_broadcast","game":"wingo3","payload":{"minute":1,"secondtime1":3,"secondtime2":0}}
{"timestamp":"2026-09-09T06:58:30.442Z","level":"INFO","event":"timer_broadcast","game":"wingo5","payload":{"minute":1,"secondtime1":3,"secondtime2":0}}
{"timestamp":"2026-09-09T06:58:30.443Z","level":"INFO","event":"timer_boundary","game":"wingo10","intervalSeconds":30,"totalSeconds":44910,"boundary":1497}
{"timestamp":"2026-09-09T06:58:30.775Z","level":"INFO","event":"result_emitted","game":"wingo10","period":"38463923","amount":1}
{"timestamp":"2026-09-09T06:58:31.440Z","level":"INFO","event":"timer_broadcast","game":"wingo10","payload":{"minute":0,"secondtime1":2,"secondtime2":9}}
{"timestamp":"2026-09-09T06:58:31.441Z","level":"INFO","event":"timer_broadcast","game":"wingo","payload":{"minute":0,"secondtime1":2,"secondtime2":9}}
{"timestamp":"2026-09-09T06:58:31.442Z","level":"INFO","event":"timer_broadcast","game":"wingo3","payload":{"minute":1,"secondtime1":2,"secondtime2":9}}
{"timestamp":"2026-09-09T06:58:31.443Z","level":"INFO","event":"timer_broadcast","game":"wingo5","payload":{"minute":1,"secondtime1":2,"secondtime2":9}}
{"timestamp":"2026-09-09T06:58:32.440Z","level":"INFO","event":"timer_broadcast","game":"wingo10","payload":{"minute":0,"secondtime1":2,"secondtime2":8}}
{"timestamp":"2026-09-09T06:58:32.441Z","level":"INFO","event":"timer_broadcast","game":"wingo","payload":{"minute":0,"secondtime1":2,"secondtime2":8}}
{"timestamp":"2026-09-09T06:58:32.442Z","level":"INFO","event":"timer_broadcast","game":"wingo3","payload":{"minute":1,"secondtime1":2,"secondtime2":8}}
{"timestamp":"2026-09-09T06:58:32.442Z","level":"INFO","event":"timer_broadcast","game":"wingo5","payload":{"minute":1,"secondtime1":2,"secondtime2":8}}
{"timestamp":"2026-09-09T06:58:33.439Z","level":"INFO","event":"timer_broadcast","game":"wingo10","payload":{"minute":0,"secondtime1":2,"secondtime2":7}}
{"timestamp":"2026-09-09T06:58:33.441Z","level":"INFO","event":"timer_broadcast","game":"wingo","payload":{"minute":0,"secondtime1":2,"secondtime2":7}}
{"timestamp":"2026-09-09T06:58:33.441Z","level":"INFO","event":"timer_broadcast","game":"wingo3","payload":{"minute":1,"secondtime1":2,"secondtime2":7}}
{"timestamp":"2026-09-09T06:58:33.442Z","level":"INFO","event":"timer_broadcast","game":"wingo5","payload":{"minute":1,"secondtime1":2,"secondtime2":7}}
{"timestamp":"2026-09-09T06:58:34.456Z","level":"INFO","event":"timer_broadcast","game":"wingo10","payload":{"minute":0,"secondtime1":2,"secondtime2":6}}
{"timestamp":"2026-09-09T06:58:34.456Z","level":"INFO","event":"timer_broadcast","game":"wingo","payload":{"minute":0,"secondtime1":2,"secondtime2":6}}
{"timestamp":"2026-09-09T06:58:34.457Z","level":"INFO","event":"timer_broadcast","game":"wingo3","payload":{"minute":1,"secondtime1":2,"secondtime2":6}}
{"timestamp":"2026-09-09T06:58:34.458Z","level":"INFO","event":"timer_broadcast","game":"wingo5","payload":{"minute":1,"secondtime1":2,"secondtime2":6}}
{"timestamp":"2026-09-09T06:58:35.456Z","level":"INFO","event":"timer_broadcast","game":"wingo10","payload":{"minute":0,"secondtime1":2,"secondtime2":5}}
{"timestamp":"2026-09-09T06:58:35.457Z","level":"INFO","event":"timer_broadcast","game":"wingo","payload":{"minute":0,"secondtime1":2,"secondtime2":5}}
{"timestamp":"2026-09-09T06:58:35.458Z","level":"INFO","event":"timer_broadcast","game":"wingo3","payload":{"minute":1,"secondtime1":2,"secondtime2":5}}
{"timestamp":"2026-09-09T06:58:35.458Z","level":"INFO","event":"timer_broadcast","game":"wingo5","payload":{"minute":1,"secondtime1":2,"secondtime2":5}}
{"timestamp":"2026-09-09T06:58:36.463Z","level":"INFO","event":"timer_broadcast","game":"wingo10","payload":{"minute":0,"secondtime1":2,"secondtime2":4}}
{"timestamp":"2026-09-09T06:58:36.464Z","level":"INFO","event":"timer_broadcast","game":"wingo","payload":{"minute":0,"secondtime1":2,"secondtime2":4}}
{"timestamp":"2026-09-09T06:58:36.465Z","level":"INFO","event":"timer_broadcast","game":"wingo3","payload":{"minute":1,"secondtime1":2,"secondtime2":4}}
{"timestamp":"2026-09-09T06:58:36.466Z","level":"INFO","event":"timer_broadcast","game":"wingo5","payload":{"minute":1,"secondtime1":2,"secondtime2":4}}
{"timestamp":"2026-09-09T06:58:37.472Z","level":"INFO","event":"timer_broadcast","game":"wingo10","payload":{"minute":0,"secondtime1":2,"secondtime2":3}}
{"timestamp":"2026-09-09T06:58:37.473Z","level":"INFO","event":"timer_broadcast","game":"wingo","payload":{"minute":0,"secondtime1":2,"secondtime2":3}}
{"timestamp":"2026-09-09T06:58:37.474Z","level":"INFO","event":"timer_broadcast","game":"wingo3","payload":{"minute":1,"secondtime1":2,"secondtime2":3}}
{"timestamp":"2026-09-09T06:58:37.475Z","level":"INFO","event":"timer_broadcast","game":"wingo5","payload":{"minute":1,"secondtime1":2,"secondtime2":3}}
{"timestamp":"2026-09-09T06:58:38.473Z","level":"INFO","event":"timer_broadcast","game":"wingo10","payload":{"minute":0,"secondtime1":2,"secondtime2":2}}
{"timestamp":"2026-09-09T06:58:38.474Z","level":"INFO","event":"timer_broadcast","game":"wingo","payload":{"minute":0,"secondtime1":2,"secondtime2":2}}
{"timestamp":"2026-09-09T06:58:38.475Z","level":"INFO","event":"timer_broadcast","game":"wingo3","payload":{"minute":1,"secondtime1":2,"secondtime2":2}}
{"timestamp":"2026-09-09T06:58:38.475Z","level":"INFO","event":"timer_broadcast","game":"wingo5","payload":{"minute":1,"secondtime1":2,"secondtime2":2}}
{"timestamp":"2026-09-09T06:58:39.472Z","level":"INFO","event":"timer_broadcast","game":"wingo10","payload":{"minute":0,"secondtime1":2,"secondtime2":1}}
{"timestamp":"2026-09-09T06:58:39.473Z","level":"INFO","event":"timer_broadcast","game":"wingo","payload":{"minute":0,"secondtime1":2,"secondtime2":1}}
{"timestamp":"2026-09-09T06:58:39.474Z","level":"INFO","event":"timer_broadcast","game":"wingo3","payload":{"minute":1,"secondtime1":2,"secondtime2":1}}
{"timestamp":"2026-09-09T06:58:39.475Z","level":"INFO","event":"timer_broadcast","game":"wingo5","payload":{"minute":1,"secondtime1":2,"secondtime2":1}}
{"timestamp":"2026-09-09T06:58:40.472Z","level":"INFO","event":"timer_broadcast","game":"wingo10","payload":{"minute":0,"secondtime1":2,"secondtime2":0}}
{"timestamp":"2026-09-09T06:58:40.473Z","level":"INFO","event":"timer_broadcast","game":"wingo","payload":{"minute":0,"secondtime1":2,"secondtime2":0}}
{"timestamp":"2026-09-09T06:58:40.474Z","level":"INFO","event":"timer_broadcast","game":"wingo3","payload":{"minute":1,"secondtime1":2,"secondtime2":0}}
{"timestamp":"2026-09-09T06:58:40.475Z","level":"INFO","event":"timer_broadcast","game":"wingo5","payload":{"minute":1,"secondtime1":2,"secondtime2":0}}
{"timestamp":"2026-09-09T06:58:41.473Z","level":"INFO","event":"timer_broadcast","game":"wingo10","payload":{"minute":0,"secondtime1":1,"secondtime2":9}}
{"timestamp":"2026-09-09T06:58:41.474Z","level":"INFO","event":"timer_broadcast","game":"wingo","payload":{"minute":0,"secondtime1":1,"secondtime2":9}}
{"timestamp":"2026-09-09T06:58:41.475Z","level":"INFO","event":"timer_broadcast","game":"wingo3","payload":{"minute":1,"secondtime1":1,"secondtime2":9}}
{"timestamp":"2026-09-09T06:58:41.475Z","level":"INFO","event":"timer_broadcast","game":"wingo5","payload":{"minute":1,"secondtime1":1,"secondtime2":9}}
{"timestamp":"2026-09-09T06:58:42.472Z","level":"INFO","event":"timer_broadcast","game":"wingo10","payload":{"minute":0,"secondtime1":1,"secondtime2":8}}
{"timestamp":"2026-09-09T06:58:42.473Z","level":"INFO","event":"timer_broadcast","game":"wingo","payload":{"minute":0,"secondtime1":1,"secondtime2":8}}
{"timestamp":"2026-09-09T06:58:42.474Z","level":"INFO","event":"timer_broadcast","game":"wingo3","payload":{"minute":1,"secondtime1":1,"secondtime2":8}}
{"timestamp":"2026-09-09T06:58:42.475Z","level":"INFO","event":"timer_broadcast","game":"wingo5","payload":{"minute":1,"secondtime1":1,"secondtime2":8}}
{"timestamp":"2026-09-09T06:58:43.473Z","level":"INFO","event":"timer_broadcast","game":"wingo10","payload":{"minute":0,"secondtime1":1,"secondtime2":7}}
{"timestamp":"2026-09-09T06:58:43.474Z","level":"INFO","event":"timer_broadcast","game":"wingo","payload":{"minute":0,"secondtime1":1,"secondtime2":7}}
{"timestamp":"2026-09-09T06:58:43.475Z","level":"INFO","event":"timer_broadcast","game":"wingo3","payload":{"minute":1,"secondtime1":1,"secondtime2":7}}
{"timestamp":"2026-09-09T06:58:43.476Z","level":"INFO","event":"timer_broadcast","game":"wingo5","payload":{"minute":1,"secondtime1":1,"secondtime2":7}}
{"timestamp":"2026-09-09T06:58:44.472Z","level":"INFO","event":"timer_broadcast","game":"wingo10","payload":{"minute":0,"secondtime1":1,"secondtime2":6}}
{"timestamp":"2026-09-09T06:58:44.476Z","level":"INFO","event":"timer_broadcast","game":"wingo","payload":{"minute":0,"secondtime1":1,"secondtime2":6}}
{"timestamp":"2026-09-09T06:58:44.477Z","level":"INFO","event":"timer_broadcast","game":"wingo3","payload":{"minute":1,"secondtime1":1,"secondtime2":6}}
{"timestamp":"2026-09-09T06:58:44.477Z","level":"INFO","event":"timer_broadcast","game":"wingo5","payload":{"minute":1,"secondtime1":1,"secondtime2":6}}
{"timestamp":"2026-09-09T06:58:45.474Z","level":"INFO","event":"timer_broadcast","game":"wingo10","payload":{"minute":0,"secondtime1":1,"secondtime2":5}}
{"timestamp":"2026-09-09T06:58:45.477Z","level":"INFO","event":"timer_broadcast","game":"wingo","payload":{"minute":0,"secondtime1":1,"secondtime2":5}}
{"timestamp":"2026-09-09T06:58:45.478Z","level":"INFO","event":"timer_broadcast","game":"wingo3","payload":{"minute":1,"secondtime1":1,"secondtime2":5}}
{"timestamp":"2026-09-09T06:58:45.478Z","level":"INFO","event":"timer_broadcast","game":"wingo5","payload":{"minute":1,"secondtime1":1,"secondtime2":5}}
{"timestamp":"2026-09-09T06:58:46.489Z","level":"INFO","event":"timer_broadcast","game":"wingo10","payload":{"minute":0,"secondtime1":1,"secondtime2":4}}
{"timestamp":"2026-09-09T06:58:46.490Z","level":"INFO","event":"timer_broadcast","game":"wingo","payload":{"minute":0,"secondtime1":1,"secondtime2":4}}
{"timestamp":"2026-09-09T06:58:46.491Z","level":"INFO","event":"timer_broadcast","game":"wingo3","payload":{"minute":1,"secondtime1":1,"secondtime2":4}}
{"timestamp":"2026-09-09T06:58:46.492Z","level":"INFO","event":"timer_broadcast","game":"wingo5","payload":{"minute":1,"secondtime1":1,"secondtime2":4}}
{"timestamp":"2026-09-09T06:58:47.489Z","level":"INFO","event":"timer_broadcast","game":"wingo10","payload":{"minute":0,"secondtime1":1,"secondtime2":3}}
{"timestamp":"2026-09-09T06:58:47.491Z","level":"INFO","event":"timer_broadcast","game":"wingo","payload":{"minute":0,"secondtime1":1,"secondtime2":3}}
{"timestamp":"2026-09-09T06:58:47.492Z","level":"INFO","event":"timer_broadcast","game":"wingo3","payload":{"minute":1,"secondtime1":1,"secondtime2":3}}
{"timestamp":"2026-09-09T06:58:47.492Z","level":"INFO","event":"timer_broadcast","game":"wingo5","payload":{"minute":1,"secondtime1":1,"secondtime2":3}}
{"timestamp":"2026-09-09T06:58:48.490Z","level":"INFO","event":"timer_broadcast","game":"wingo10","payload":{"minute":0,"secondtime1":1,"secondtime2":2}}
{"timestamp":"2026-09-09T06:58:48.491Z","level":"INFO","event":"timer_broadcast","game":"wingo","payload":{"minute":0,"secondtime1":1,"secondtime2":2}}
{"timestamp":"2026-09-09T06:58:48.492Z","level":"INFO","event":"timer_broadcast","game":"wingo3","payload":{"minute":1,"secondtime1":1,"secondtime2":2}}
{"timestamp":"2026-09-09T06:58:48.493Z","level":"INFO","event":"timer_broadcast","game":"wingo5","payload":{"minute":1,"secondtime1":1,"secondtime2":2}}
{"timestamp":"2026-09-09T06:58:49.490Z","level":"INFO","event":"timer_broadcast","game":"wingo10","payload":{"minute":0,"secondtime1":1,"secondtime2":1}}
{"timestamp":"2026-09-09T06:58:49.491Z","level":"INFO","event":"timer_broadcast","game":"wingo","payload":{"minute":0,"secondtime1":1,"secondtime2":1}}
{"timestamp":"2026-09-09T06:58:49.492Z","level":"INFO","event":"timer_broadcast","game":"wingo3","payload":{"minute":1,"secondtime1":1,"secondtime2":1}}
{"timestamp":"2026-09-09T06:58:49.493Z","level":"INFO","event":"timer_broadcast","game":"wingo5","payload":{"minute":1,"secondtime1":1,"secondtime2":1}}
{"timestamp":"2026-09-09T06:58:50.505Z","level":"INFO","event":"timer_broadcast","game":"wingo10","payload":{"minute":0,"secondtime1":1,"secondtime2":0}}
{"timestamp":"2026-09-09T06:58:50.506Z","level":"INFO","event":"timer_broadcast","game":"wingo","payload":{"minute":0,"secondtime1":1,"secondtime2":0}}
{"timestamp":"2026-09-09T06:58:50.507Z","level":"INFO","event":"timer_broadcast","game":"wingo3","payload":{"minute":1,"secondtime1":1,"secondtime2":0}}
{"timestamp":"2026-09-09T06:58:50.508Z","level":"INFO","event":"timer_broadcast","game":"wingo5","payload":{"minute":1,"secondtime1":1,"secondtime2":0}}
{"timestamp":"2026-09-09T06:58:51.506Z","level":"INFO","event":"timer_broadcast","game":"wingo10","payload":{"minute":0,"secondtime1":0,"secondtime2":9}}
{"timestamp":"2026-09-09T06:58:51.507Z","level":"INFO","event":"timer_broadcast","game":"wingo","payload":{"minute":0,"secondtime1":0,"secondtime2":9}}
{"timestamp":"2026-09-09T06:58:51.507Z","level":"INFO","event":"timer_broadcast","game":"wingo3","payload":{"minute":1,"secondtime1":0,"secondtime2":9}}
{"timestamp":"2026-09-09T06:58:51.508Z","level":"INFO","event":"timer_broadcast","game":"wingo5","payload":{"minute":1,"secondtime1":0,"secondtime2":9}}
{"timestamp":"2026-09-09T06:58:52.506Z","level":"INFO","event":"timer_broadcast","game":"wingo10","payload":{"minute":0,"secondtime1":0,"secondtime2":8}}
{"timestamp":"2026-09-09T06:58:52.507Z","level":"INFO","event":"timer_broadcast","game":"wingo","payload":{"minute":0,"secondtime1":0,"secondtime2":8}}
{"timestamp":"2026-09-09T06:58:52.507Z","level":"INFO","event":"timer_broadcast","game":"wingo3","payload":{"minute":1,"secondtime1":0,"secondtime2":8}}
{"timestamp":"2026-09-09T06:58:52.508Z","level":"INFO","event":"timer_broadcast","game":"wingo5","payload":{"minute":1,"secondtime1":0,"secondtime2":8}}
{"timestamp":"2026-09-09T06:58:53.506Z","level":"INFO","event":"timer_broadcast","game":"wingo10","payload":{"minute":0,"secondtime1":0,"secondtime2":7}}
{"timestamp":"2026-09-09T06:58:53.507Z","level":"INFO","event":"timer_broadcast","game":"wingo","payload":{"minute":0,"secondtime1":0,"secondtime2":7}}
{"timestamp":"2026-09-09T06:58:53.508Z","level":"INFO","event":"timer_broadcast","game":"wingo3","payload":{"minute":1,"secondtime1":0,"secondtime2":7}}
{"timestamp":"2026-09-09T06:58:53.509Z","level":"INFO","event":"timer_broadcast","game":"wingo5","payload":{"minute":1,"secondtime1":0,"secondtime2":7}}
{"timestamp":"2026-09-09T06:58:54.507Z","level":"INFO","event":"timer_broadcast","game":"wingo10","payload":{"minute":0,"secondtime1":0,"secondtime2":6}}
{"timestamp":"2026-09-09T06:58:54.508Z","level":"INFO","event":"timer_broadcast","game":"wingo","payload":{"minute":0,"secondtime1":0,"secondtime2":6}}
{"timestamp":"2026-09-09T06:58:54.508Z","level":"INFO","event":"timer_broadcast","game":"wingo3","payload":{"minute":1,"secondtime1":0,"secondtime2":6}}
{"timestamp":"2026-09-09T06:58:54.509Z","level":"INFO","event":"timer_broadcast","game":"wingo5","payload":{"minute":1,"secondtime1":0,"secondtime2":6}}
{"timestamp":"2026-09-09T06:58:55.507Z","level":"INFO","event":"timer_broadcast","game":"wingo10","payload":{"minute":0,"secondtime1":0,"secondtime2":5}}
{"timestamp":"2026-09-09T06:58:55.508Z","level":"INFO","event":"timer_broadcast","game":"wingo","payload":{"minute":0,"secondtime1":0,"secondtime2":5}}
{"timestamp":"2026-09-09T06:58:55.509Z","level":"INFO","event":"timer_broadcast","game":"wingo3","payload":{"minute":1,"secondtime1":0,"secondtime2":5}}
{"timestamp":"2026-09-09T06:58:55.509Z","level":"INFO","event":"timer_broadcast","game":"wingo5","payload":{"minute":1,"secondtime1":0,"secondtime2":5}}
{"timestamp":"2026-09-09T06:58:56.511Z","level":"INFO","event":"timer_broadcast","game":"wingo10","payload":{"minute":0,"secondtime1":0,"secondtime2":4}}
{"timestamp":"2026-09-09T06:58:56.511Z","level":"INFO","event":"timer_broadcast","game":"wingo","payload":{"minute":0,"secondtime1":0,"secondtime2":4}}
{"timestamp":"2026-09-09T06:58:56.512Z","level":"INFO","event":"timer_broadcast","game":"wingo3","payload":{"minute":1,"secondtime1":0,"secondtime2":4}}
{"timestamp":"2026-09-09T06:58:56.512Z","level":"INFO","event":"timer_broadcast","game":"wingo5","payload":{"minute":1,"secondtime1":0,"secondtime2":4}}
{"timestamp":"2026-09-09T06:58:57.522Z","level":"INFO","event":"timer_broadcast","game":"wingo10","payload":{"minute":0,"secondtime1":0,"secondtime2":3}}
{"timestamp":"2026-09-09T06:58:57.524Z","level":"INFO","event":"timer_broadcast","game":"wingo","payload":{"minute":0,"secondtime1":0,"secondtime2":3}}
{"timestamp":"2026-09-09T06:58:57.525Z","level":"INFO","event":"timer_broadcast","game":"wingo3","payload":{"minute":1,"secondtime1":0,"secondtime2":3}}
{"timestamp":"2026-09-09T06:58:57.525Z","level":"INFO","event":"timer_broadcast","game":"wingo5","payload":{"minute":1,"secondtime1":0,"secondtime2":3}}
{"timestamp":"2026-09-09T06:58:58.523Z","level":"INFO","event":"timer_broadcast","game":"wingo10","payload":{"minute":0,"secondtime1":0,"secondtime2":2}}
{"timestamp":"2026-09-09T06:58:58.524Z","level":"INFO","event":"timer_broadcast","game":"wingo","payload":{"minute":0,"secondtime1":0,"secondtime2":2}}
{"timestamp":"2026-09-09T06:58:58.525Z","level":"INFO","event":"timer_broadcast","game":"wingo3","payload":{"minute":1,"secondtime1":0,"secondtime2":2}}
{"timestamp":"2026-09-09T06:58:58.525Z","level":"INFO","event":"timer_broadcast","game":"wingo5","payload":{"minute":1,"secondtime1":0,"secondtime2":2}}
{"timestamp":"2026-09-09T06:58:59.524Z","level":"INFO","event":"timer_broadcast","game":"wingo10","payload":{"minute":0,"secondtime1":0,"secondtime2":1}}
{"timestamp":"2026-09-09T06:58:59.525Z","level":"INFO","event":"timer_broadcast","game":"wingo","payload":{"minute":0,"secondtime1":0,"secondtime2":1}}
{"timestamp":"2026-09-09T06:58:59.525Z","level":"INFO","event":"timer_broadcast","game":"wingo3","payload":{"minute":1,"secondtime1":0,"secondtime2":1}}
{"timestamp":"2026-09-09T06:58:59.526Z","level":"INFO","event":"timer_broadcast","game":"wingo5","payload":{"minute":1,"secondtime1":0,"secondtime2":1}}
{"timestamp":"2026-09-09T06:59:00.524Z","level":"INFO","event":"timer_broadcast","game":"wingo10","payload":{"minute":0,"secondtime1":3,"secondtime2":0}}
{"timestamp":"2026-09-09T06:59:00.525Z","level":"INFO","event":"timer_broadcast","game":"wingo","payload":{"minute":1,"secondtime1":0,"secondtime2":0}}
{"timestamp":"2026-09-09T06:59:00.525Z","level":"INFO","event":"timer_broadcast","game":"wingo3","payload":{"minute":1,"secondtime1":0,"secondtime2":0}}
{"timestamp":"2026-09-09T06:59:00.526Z","level":"INFO","event":"timer_broadcast","game":"wingo5","payload":{"minute":1,"secondtime1":0,"secondtime2":0}}
{"timestamp":"2026-09-09T06:59:00.528Z","level":"INFO","event":"timer_boundary","game":"wingo10","intervalSeconds":30,"totalSeconds":44940,"boundary":1498}
{"timestamp":"2026-09-09T06:59:00.528Z","level":"INFO","event":"timer_boundary","game":"wingo","intervalSeconds":60,"totalSeconds":44940,"boundary":749}
{"timestamp":"2026-09-09T06:59:00.862Z","level":"INFO","event":"result_emitted","game":"wingo10","period":"38463925","amount":7}
{"timestamp":"2026-09-09T06:59:00.880Z","level":"INFO","event":"result_emitted","game":"wingo","period":"2667743","amount":0}
{"timestamp":"2026-09-09T06:59:01.524Z","level":"INFO","event":"timer_broadcast","game":"wingo10","payload":{"minute":0,"secondtime1":2,"secondtime2":9}}
{"timestamp":"2026-09-09T06:59:01.525Z","level":"INFO","event":"timer_broadcast","game":"wingo","payload":{"minute":0,"secondtime1":5,"secondtime2":9}}
{"timestamp":"2026-09-09T06:59:01.525Z","level":"INFO","event":"timer_broadcast","game":"wingo3","payload":{"minute":0,"secondtime1":5,"secondtime2":9}}
{"timestamp":"2026-09-09T06:59:01.526Z","level":"INFO","event":"timer_broadcast","game":"wingo5","payload":{"minute":0,"secondtime1":5,"secondtime2":9}}
{"timestamp":"2026-09-09T06:59:02.524Z","level":"INFO","event":"timer_broadcast","game":"wingo10","payload":{"minute":0,"secondtime1":2,"secondtime2":8}}
{"timestamp":"2026-09-09T06:59:02.525Z","level":"INFO","event":"timer_broadcast","game":"wingo","payload":{"minute":0,"secondtime1":5,"secondtime2":8}}
{"timestamp":"2026-09-09T06:59:02.526Z","level":"INFO","event":"timer_broadcast","game":"wingo3","payload":{"minute":0,"secondtime1":5,"secondtime2":8}}
{"timestamp":"2026-09-09T06:59:02.526Z","level":"INFO","event":"timer_broadcast","game":"wingo5","payload":{"minute":0,"secondtime1":5,"secondtime2":8}}
{"timestamp":"2026-09-09T06:59:03.524Z","level":"INFO","event":"timer_broadcast","game":"wingo10","payload":{"minute":0,"secondtime1":2,"secondtime2":7}}
{"timestamp":"2026-09-09T06:59:03.525Z","level":"INFO","event":"timer_broadcast","game":"wingo","payload":{"minute":0,"secondtime1":5,"secondtime2":7}}
{"timestamp":"2026-09-09T06:59:03.525Z","level":"INFO","event":"timer_broadcast","game":"wingo3","payload":{"minute":0,"secondtime1":5,"secondtime2":7}}
{"timestamp":"2026-09-09T06:59:03.526Z","level":"INFO","event":"timer_broadcast","game":"wingo5","payload":{"minute":0,"secondtime1":5,"secondtime2":7}}
{"timestamp":"2026-09-09T06:59:04.539Z","level":"INFO","event":"timer_broadcast","game":"wingo10","payload":{"minute":0,"secondtime1":2,"secondtime2":6}}
{"timestamp":"2026-09-09T06:59:04.540Z","level":"INFO","event":"timer_broadcast","game":"wingo","payload":{"minute":0,"secondtime1":5,"secondtime2":6}}
{"timestamp":"2026-09-09T06:59:04.541Z","level":"INFO","event":"timer_broadcast","game":"wingo3","payload":{"minute":0,"secondtime1":5,"secondtime2":6}}
{"timestamp":"2026-09-09T06:59:04.542Z","level":"INFO","event":"timer_broadcast","game":"wingo5","payload":{"minute":0,"secondtime1":5,"secondtime2":6}}
{"timestamp":"2026-09-09T06:59:05.541Z","level":"INFO","event":"timer_broadcast","game":"wingo10","payload":{"minute":0,"secondtime1":2,"secondtime2":5}}
{"timestamp":"2026-09-09T06:59:05.541Z","level":"INFO","event":"timer_broadcast","game":"wingo","payload":{"minute":0,"secondtime1":5,"secondtime2":5}}
{"timestamp":"2026-09-09T06:59:05.543Z","level":"INFO","event":"timer_broadcast","game":"wingo3","payload":{"minute":0,"secondtime1":5,"secondtime2":5}}
{"timestamp":"2026-09-09T06:59:05.544Z","level":"INFO","event":"timer_broadcast","game":"wingo5","payload":{"minute":0,"secondtime1":5,"secondtime2":5}}
{"timestamp":"2026-09-09T06:59:06.540Z","level":"INFO","event":"timer_broadcast","game":"wingo10","payload":{"minute":0,"secondtime1":2,"secondtime2":4}}
{"timestamp":"2026-09-09T06:59:06.542Z","level":"INFO","event":"timer_broadcast","game":"wingo","payload":{"minute":0,"secondtime1":5,"secondtime2":4}}
{"timestamp":"2026-09-09T06:59:06.542Z","level":"INFO","event":"timer_broadcast","game":"wingo3","payload":{"minute":0,"secondtime1":5,"secondtime2":4}}
{"timestamp":"2026-09-09T06:59:06.543Z","level":"INFO","event":"timer_broadcast","game":"wingo5","payload":{"minute":0,"secondtime1":5,"secondtime2":4}}
{"timestamp":"2026-09-09T06:59:07.541Z","level":"INFO","event":"timer_broadcast","game":"wingo10","payload":{"minute":0,"secondtime1":2,"secondtime2":3}}
{"timestamp":"2026-09-09T06:59:07.542Z","level":"INFO","event":"timer_broadcast","game":"wingo","payload":{"minute":0,"secondtime1":5,"secondtime2":3}}
{"timestamp":"2026-09-09T06:59:07.542Z","level":"INFO","event":"timer_broadcast","game":"wingo3","payload":{"minute":0,"secondtime1":5,"secondtime2":3}}
{"timestamp":"2026-09-09T06:59:07.543Z","level":"INFO","event":"timer_broadcast","game":"wingo5","payload":{"minute":0,"secondtime1":5,"secondtime2":3}}
{"timestamp":"2026-09-09T06:59:08.541Z","level":"INFO","event":"timer_broadcast","game":"wingo10","payload":{"minute":0,"secondtime1":2,"secondtime2":2}}
{"timestamp":"2026-09-09T06:59:08.542Z","level":"INFO","event":"timer_broadcast","game":"wingo","payload":{"minute":0,"secondtime1":5,"secondtime2":2}}
{"timestamp":"2026-09-09T06:59:08.542Z","level":"INFO","event":"timer_broadcast","game":"wingo3","payload":{"minute":0,"secondtime1":5,"secondtime2":2}}
{"timestamp":"2026-09-09T06:59:08.543Z","level":"INFO","event":"timer_broadcast","game":"wingo5","payload":{"minute":0,"secondtime1":5,"secondtime2":2}}
{"timestamp":"2026-09-09T06:59:09.541Z","level":"INFO","event":"timer_broadcast","game":"wingo10","payload":{"minute":0,"secondtime1":2,"secondtime2":1}}
{"timestamp":"2026-09-09T06:59:09.542Z","level":"INFO","event":"timer_broadcast","game":"wingo","payload":{"minute":0,"secondtime1":5,"secondtime2":1}}
{"timestamp":"2026-09-09T06:59:09.542Z","level":"INFO","event":"timer_broadcast","game":"wingo3","payload":{"minute":0,"secondtime1":5,"secondtime2":1}}
{"timestamp":"2026-09-09T06:59:09.543Z","level":"INFO","event":"timer_broadcast","game":"wingo5","payload":{"minute":0,"secondtime1":5,"secondtime2":1}}
{"timestamp":"2026-09-09T06:59:10.555Z","level":"INFO","event":"timer_broadcast","game":"wingo10","payload":{"minute":0,"secondtime1":2,"secondtime2":0}}
{"timestamp":"2026-09-09T06:59:10.556Z","level":"INFO","event":"timer_broadcast","game":"wingo","payload":{"minute":0,"secondtime1":5,"secondtime2":0}}
{"timestamp":"2026-09-09T06:59:10.558Z","level":"INFO","event":"timer_broadcast","game":"wingo3","payload":{"minute":0,"secondtime1":5,"secondtime2":0}}
{"timestamp":"2026-09-09T06:59:10.558Z","level":"INFO","event":"timer_broadcast","game":"wingo5","payload":{"minute":0,"secondtime1":5,"secondtime2":0}}
{"timestamp":"2026-09-09T06:59:11.556Z","level":"INFO","event":"timer_broadcast","game":"wingo10","payload":{"minute":0,"secondtime1":1,"secondtime2":9}}
{"timestamp":"2026-09-09T06:59:11.557Z","level":"INFO","event":"timer_broadcast","game":"wingo","payload":{"minute":0,"secondtime1":4,"secondtime2":9}}
{"timestamp":"2026-09-09T06:59:11.558Z","level":"INFO","event":"timer_broadcast","game":"wingo3","payload":{"minute":0,"secondtime1":4,"secondtime2":9}}
{"timestamp":"2026-09-09T06:59:11.559Z","level":"INFO","event":"timer_broadcast","game":"wingo5","payload":{"minute":0,"secondtime1":4,"secondtime2":9}}
{"timestamp":"2026-09-09T06:59:12.557Z","level":"INFO","event":"timer_broadcast","game":"wingo10","payload":{"minute":0,"secondtime1":1,"secondtime2":8}}
{"timestamp":"2026-09-09T06:59:12.558Z","level":"INFO","event":"timer_broadcast","game":"wingo","payload":{"minute":0,"secondtime1":4,"secondtime2":8}}
{"timestamp":"2026-09-09T06:59:12.559Z","level":"INFO","event":"timer_broadcast","game":"wingo3","payload":{"minute":0,"secondtime1":4,"secondtime2":8}}
{"timestamp":"2026-09-09T06:59:12.560Z","level":"INFO","event":"timer_broadcast","game":"wingo5","payload":{"minute":0,"secondtime1":4,"secondtime2":8}}
{"timestamp":"2026-09-09T06:59:13.561Z","level":"INFO","event":"timer_broadcast","game":"wingo10","payload":{"minute":0,"secondtime1":1,"secondtime2":7}}
{"timestamp":"2026-09-09T06:59:13.561Z","level":"INFO","event":"timer_broadcast","game":"wingo","payload":{"minute":0,"secondtime1":4,"secondtime2":7}}
{"timestamp":"2026-09-09T06:59:13.561Z","level":"INFO","event":"timer_broadcast","game":"wingo3","payload":{"minute":0,"secondtime1":4,"secondtime2":7}}
{"timestamp":"2026-09-09T06:59:13.562Z","level":"INFO","event":"timer_broadcast","game":"wingo5","payload":{"minute":0,"secondtime1":4,"secondtime2":7}}
{"timestamp":"2026-09-09T06:59:14.562Z","level":"INFO","event":"timer_broadcast","game":"wingo10","payload":{"minute":0,"secondtime1":1,"secondtime2":6}}
{"timestamp":"2026-09-09T06:59:14.562Z","level":"INFO","event":"timer_broadcast","game":"wingo","payload":{"minute":0,"secondtime1":4,"secondtime2":6}}
{"timestamp":"2026-09-09T06:59:14.563Z","level":"INFO","event":"timer_broadcast","game":"wingo3","payload":{"minute":0,"secondtime1":4,"secondtime2":6}}
{"timestamp":"2026-09-09T06:59:14.563Z","level":"INFO","event":"timer_broadcast","game":"wingo5","payload":{"minute":0,"secondtime1":4,"secondtime2":6}}
{"timestamp":"2026-09-09T06:59:15.562Z","level":"INFO","event":"timer_broadcast","game":"wingo10","payload":{"minute":0,"secondtime1":1,"secondtime2":5}}
{"timestamp":"2026-09-09T06:59:15.562Z","level":"INFO","event":"timer_broadcast","game":"wingo","payload":{"minute":0,"secondtime1":4,"secondtime2":5}}
{"timestamp":"2026-09-09T06:59:15.563Z","level":"INFO","event":"timer_broadcast","game":"wingo3","payload":{"minute":0,"secondtime1":4,"secondtime2":5}}
{"timestamp":"2026-09-09T06:59:15.563Z","level":"INFO","event":"timer_broadcast","game":"wingo5","payload":{"minute":0,"secondtime1":4,"secondtime2":5}}
{"timestamp":"2026-09-09T06:59:16.572Z","level":"INFO","event":"timer_broadcast","game":"wingo10","payload":{"minute":0,"secondtime1":1,"secondtime2":4}}
{"timestamp":"2026-09-09T06:59:16.574Z","level":"INFO","event":"timer_broadcast","game":"wingo","payload":{"minute":0,"secondtime1":4,"secondtime2":4}}
{"timestamp":"2026-09-09T06:59:16.574Z","level":"INFO","event":"timer_broadcast","game":"wingo3","payload":{"minute":0,"secondtime1":4,"secondtime2":4}}
{"timestamp":"2026-09-09T06:59:16.575Z","level":"INFO","event":"timer_broadcast","game":"wingo5","payload":{"minute":0,"secondtime1":4,"secondtime2":4}}
{"timestamp":"2026-09-09T06:59:17.572Z","level":"INFO","event":"timer_broadcast","game":"wingo10","payload":{"minute":0,"secondtime1":1,"secondtime2":3}}
{"timestamp":"2026-09-09T06:59:17.573Z","level":"INFO","event":"timer_broadcast","game":"wingo","payload":{"minute":0,"secondtime1":4,"secondtime2":3}}
{"timestamp":"2026-09-09T06:59:17.574Z","level":"INFO","event":"timer_broadcast","game":"wingo3","payload":{"minute":0,"secondtime1":4,"secondtime2":3}}
{"timestamp":"2026-09-09T06:59:17.575Z","level":"INFO","event":"timer_broadcast","game":"wingo5","payload":{"minute":0,"secondtime1":4,"secondtime2":3}}
{"timestamp":"2026-09-09T06:59:18.573Z","level":"INFO","event":"timer_broadcast","game":"wingo10","payload":{"minute":0,"secondtime1":1,"secondtime2":2}}
{"timestamp":"2026-09-09T06:59:18.574Z","level":"INFO","event":"timer_broadcast","game":"wingo","payload":{"minute":0,"secondtime1":4,"secondtime2":2}}
{"timestamp":"2026-09-09T06:59:18.575Z","level":"INFO","event":"timer_broadcast","game":"wingo3","payload":{"minute":0,"secondtime1":4,"secondtime2":2}}
{"timestamp":"2026-09-09T06:59:18.575Z","level":"INFO","event":"timer_broadcast","game":"wingo5","payload":{"minute":0,"secondtime1":4,"secondtime2":2}}
{"timestamp":"2026-09-09T06:59:19.573Z","level":"INFO","event":"timer_broadcast","game":"wingo10","payload":{"minute":0,"secondtime1":1,"secondtime2":1}}
{"timestamp":"2026-09-09T06:59:19.574Z","level":"INFO","event":"timer_broadcast","game":"wingo","payload":{"minute":0,"secondtime1":4,"secondtime2":1}}
{"timestamp":"2026-09-09T06:59:19.574Z","level":"INFO","event":"timer_broadcast","game":"wingo3","payload":{"minute":0,"secondtime1":4,"secondtime2":1}}
{"timestamp":"2026-09-09T06:59:19.575Z","level":"INFO","event":"timer_broadcast","game":"wingo5","payload":{"minute":0,"secondtime1":4,"secondtime2":1}}
{"timestamp":"2026-09-09T06:59:20.573Z","level":"INFO","event":"timer_broadcast","game":"wingo10","payload":{"minute":0,"secondtime1":1,"secondtime2":0}}
{"timestamp":"2026-09-09T06:59:20.574Z","level":"INFO","event":"timer_broadcast","game":"wingo","payload":{"minute":0,"secondtime1":4,"secondtime2":0}}
{"timestamp":"2026-09-09T06:59:20.575Z","level":"INFO","event":"timer_broadcast","game":"wingo3","payload":{"minute":0,"secondtime1":4,"secondtime2":0}}
{"timestamp":"2026-09-09T06:59:20.575Z","level":"INFO","event":"timer_broadcast","game":"wingo5","payload":{"minute":0,"secondtime1":4,"secondtime2":0}}
{"timestamp":"2026-09-09T06:59:21.573Z","level":"INFO","event":"timer_broadcast","game":"wingo10","payload":{"minute":0,"secondtime1":0,"secondtime2":9}}
{"timestamp":"2026-09-09T06:59:21.574Z","level":"INFO","event":"timer_broadcast","game":"wingo","payload":{"minute":0,"secondtime1":3,"secondtime2":9}}
{"timestamp":"2026-09-09T06:59:21.575Z","level":"INFO","event":"timer_broadcast","game":"wingo3","payload":{"minute":0,"secondtime1":3,"secondtime2":9}}
{"timestamp":"2026-09-09T06:59:21.576Z","level":"INFO","event":"timer_broadcast","game":"wingo5","payload":{"minute":0,"secondtime1":3,"secondtime2":9}}
{"timestamp":"2026-09-09T06:59:22.574Z","level":"INFO","event":"timer_broadcast","game":"wingo10","payload":{"minute":0,"secondtime1":0,"secondtime2":8}}
{"timestamp":"2026-09-09T06:59:22.575Z","level":"INFO","event":"timer_broadcast","game":"wingo","payload":{"minute":0,"secondtime1":3,"secondtime2":8}}
{"timestamp":"2026-09-09T06:59:22.576Z","level":"INFO","event":"timer_broadcast","game":"wingo3","payload":{"minute":0,"secondtime1":3,"secondtime2":8}}
{"timestamp":"2026-09-09T06:59:22.577Z","level":"INFO","event":"timer_broadcast","game":"wingo5","payload":{"minute":0,"secondtime1":3,"secondtime2":8}}
{"timestamp":"2026-09-09T06:59:23.576Z","level":"INFO","event":"timer_broadcast","game":"wingo10","payload":{"minute":0,"secondtime1":0,"secondtime2":7}}
{"timestamp":"2026-09-09T06:59:23.577Z","level":"INFO","event":"timer_broadcast","game":"wingo","payload":{"minute":0,"secondtime1":3,"secondtime2":7}}
{"timestamp":"2026-09-09T06:59:23.577Z","level":"INFO","event":"timer_broadcast","game":"wingo3","payload":{"minute":0,"secondtime1":3,"secondtime2":7}}
{"timestamp":"2026-09-09T06:59:23.578Z","level":"INFO","event":"timer_broadcast","game":"wingo5","payload":{"minute":0,"secondtime1":3,"secondtime2":7}}
{"timestamp":"2026-09-09T06:59:24.590Z","level":"INFO","event":"timer_broadcast","game":"wingo10","payload":{"minute":0,"secondtime1":0,"secondtime2":6}}
{"timestamp":"2026-09-09T06:59:24.591Z","level":"INFO","event":"timer_broadcast","game":"wingo","payload":{"minute":0,"secondtime1":3,"secondtime2":6}}
{"timestamp":"2026-09-09T06:59:24.592Z","level":"INFO","event":"timer_broadcast","game":"wingo3","payload":{"minute":0,"secondtime1":3,"secondtime2":6}}
{"timestamp":"2026-09-09T06:59:24.592Z","level":"INFO","event":"timer_broadcast","game":"wingo5","payload":{"minute":0,"secondtime1":3,"secondtime2":6}}
{"timestamp":"2026-09-09T06:59:25.590Z","level":"INFO","event":"timer_broadcast","game":"wingo10","payload":{"minute":0,"secondtime1":0,"secondtime2":5}}
{"timestamp":"2026-09-09T06:59:25.591Z","level":"INFO","event":"timer_broadcast","game":"wingo","payload":{"minute":0,"secondtime1":3,"secondtime2":5}}
{"timestamp":"2026-09-09T06:59:25.592Z","level":"INFO","event":"timer_broadcast","game":"wingo3","payload":{"minute":0,"secondtime1":3,"secondtime2":5}}
{"timestamp":"2026-09-09T06:59:25.592Z","level":"INFO","event":"timer_broadcast","game":"wingo5","payload":{"minute":0,"secondtime1":3,"secondtime2":5}}
{"timestamp":"2026-09-09T06:59:26.607Z","level":"INFO","event":"timer_broadcast","game":"wingo10","payload":{"minute":0,"secondtime1":0,"secondtime2":4}}
{"timestamp":"2026-09-09T06:59:26.608Z","level":"INFO","event":"timer_broadcast","game":"wingo","payload":{"minute":0,"secondtime1":3,"secondtime2":4}}
{"timestamp":"2026-09-09T06:59:26.608Z","level":"INFO","event":"timer_broadcast","game":"wingo3","payload":{"minute":0,"secondtime1":3,"secondtime2":4}}
{"timestamp":"2026-09-09T06:59:26.609Z","level":"INFO","event":"timer_broadcast","game":"wingo5","payload":{"minute":0,"secondtime1":3,"secondtime2":4}}
{"timestamp":"2026-09-09T06:59:27.607Z","level":"INFO","event":"timer_broadcast","game":"wingo10","payload":{"minute":0,"secondtime1":0,"secondtime2":3}}
{"timestamp":"2026-09-09T06:59:27.608Z","level":"INFO","event":"timer_broadcast","game":"wingo","payload":{"minute":0,"secondtime1":3,"secondtime2":3}}
{"timestamp":"2026-09-09T06:59:27.609Z","level":"INFO","event":"timer_broadcast","game":"wingo3","payload":{"minute":0,"secondtime1":3,"secondtime2":3}}
{"timestamp":"2026-09-09T06:59:27.610Z","level":"INFO","event":"timer_broadcast","game":"wingo5","payload":{"minute":0,"secondtime1":3,"secondtime2":3}}
{"timestamp":"2026-09-09T06:59:28.608Z","level":"INFO","event":"timer_broadcast","game":"wingo10","payload":{"minute":0,"secondtime1":0,"secondtime2":2}}
{"timestamp":"2026-09-09T06:59:28.609Z","level":"INFO","event":"timer_broadcast","game":"wingo","payload":{"minute":0,"secondtime1":3,"secondtime2":2}}
{"timestamp":"2026-09-09T06:59:28.610Z","level":"INFO","event":"timer_broadcast","game":"wingo3","payload":{"minute":0,"secondtime1":3,"secondtime2":2}}
{"timestamp":"2026-09-09T06:59:28.610Z","level":"INFO","event":"timer_broadcast","game":"wingo5","payload":{"minute":0,"secondtime1":3,"secondtime2":2}}
{"timestamp":"2026-09-09T06:59:29.610Z","level":"INFO","event":"timer_broadcast","game":"wingo10","payload":{"minute":0,"secondtime1":0,"secondtime2":1}}
{"timestamp":"2026-09-09T06:59:29.611Z","level":"INFO","event":"timer_broadcast","game":"wingo","payload":{"minute":0,"secondtime1":3,"secondtime2":1}}
{"timestamp":"2026-09-09T06:59:29.611Z","level":"INFO","event":"timer_broadcast","game":"wingo3","payload":{"minute":0,"secondtime1":3,"secondtime2":1}}
{"timestamp":"2026-09-09T06:59:29.612Z","level":"INFO","event":"timer_broadcast","game":"wingo5","payload":{"minute":0,"secondtime1":3,"secondtime2":1}}
{"timestamp":"2026-09-09T06:59:30.623Z","level":"INFO","event":"timer_broadcast","game":"wingo10","payload":{"minute":0,"secondtime1":3,"secondtime2":0}}
{"timestamp":"2026-09-09T06:59:30.624Z","level":"INFO","event":"timer_broadcast","game":"wingo","payload":{"minute":0,"secondtime1":3,"secondtime2":0}}
{"timestamp":"2026-09-09T06:59:30.625Z","level":"INFO","event":"timer_broadcast","game":"wingo3","payload":{"minute":0,"secondtime1":3,"secondtime2":0}}
{"timestamp":"2026-09-09T06:59:30.626Z","level":"INFO","event":"timer_broadcast","game":"wingo5","payload":{"minute":0,"secondtime1":3,"secondtime2":0}}
{"timestamp":"2026-09-09T06:59:30.628Z","level":"INFO","event":"timer_boundary","game":"wingo10","intervalSeconds":30,"totalSeconds":44970,"boundary":1499}
{"timestamp":"2026-09-09T06:59:31.012Z","level":"INFO","event":"result_emitted","game":"wingo10","period":"38463927","amount":2}
{"timestamp":"2026-09-09T06:59:31.625Z","level":"INFO","event":"timer_broadcast","game":"wingo10","payload":{"minute":0,"secondtime1":2,"secondtime2":9}}
{"timestamp":"2026-09-09T06:59:31.626Z","level":"INFO","event":"timer_broadcast","game":"wingo","payload":{"minute":0,"secondtime1":2,"secondtime2":9}}
{"timestamp":"2026-09-09T06:59:31.627Z","level":"INFO","event":"timer_broadcast","game":"wingo3","payload":{"minute":0,"secondtime1":2,"secondtime2":9}}
{"timestamp":"2026-09-09T06:59:31.627Z","level":"INFO","event":"timer_broadcast","game":"wingo5","payload":{"minute":0,"secondtime1":2,"secondtime2":9}}
{"timestamp":"2026-09-09T06:59:32.640Z","level":"INFO","event":"timer_broadcast","game":"wingo10","payload":{"minute":0,"secondtime1":2,"secondtime2":8}}
{"timestamp":"2026-09-09T06:59:32.641Z","level":"INFO","event":"timer_broadcast","game":"wingo","payload":{"minute":0,"secondtime1":2,"secondtime2":8}}
{"timestamp":"2026-09-09T06:59:32.642Z","level":"INFO","event":"timer_broadcast","game":"wingo3","payload":{"minute":0,"secondtime1":2,"secondtime2":8}}
{"timestamp":"2026-09-09T06:59:32.642Z","level":"INFO","event":"timer_broadcast","game":"wingo5","payload":{"minute":0,"secondtime1":2,"secondtime2":8}}
{"timestamp":"2026-09-09T06:59:33.641Z","level":"INFO","event":"timer_broadcast","game":"wingo10","payload":{"minute":0,"secondtime1":2,"secondtime2":7}}
{"timestamp":"2026-09-09T06:59:33.642Z","level":"INFO","event":"timer_broadcast","game":"wingo","payload":{"minute":0,"secondtime1":2,"secondtime2":7}}
{"timestamp":"2026-09-09T06:59:33.642Z","level":"INFO","event":"timer_broadcast","game":"wingo3","payload":{"minute":0,"secondtime1":2,"secondtime2":7}}
{"timestamp":"2026-09-09T06:59:33.643Z","level":"INFO","event":"timer_broadcast","game":"wingo5","payload":{"minute":0,"secondtime1":2,"secondtime2":7}}
{"timestamp":"2026-09-09T06:59:34.641Z","level":"INFO","event":"timer_broadcast","game":"wingo10","payload":{"minute":0,"secondtime1":2,"secondtime2":6}}
{"timestamp":"2026-09-09T06:59:34.642Z","level":"INFO","event":"timer_broadcast","game":"wingo","payload":{"minute":0,"secondtime1":2,"secondtime2":6}}
{"timestamp":"2026-09-09T06:59:34.642Z","level":"INFO","event":"timer_broadcast","game":"wingo3","payload":{"minute":0,"secondtime1":2,"secondtime2":6}}
{"timestamp":"2026-09-09T06:59:34.643Z","level":"INFO","event":"timer_broadcast","game":"wingo5","payload":{"minute":0,"secondtime1":2,"secondtime2":6}}
{"timestamp":"2026-09-09T06:59:35.657Z","level":"INFO","event":"timer_broadcast","game":"wingo10","payload":{"minute":0,"secondtime1":2,"secondtime2":5}}
{"timestamp":"2026-09-09T06:59:35.658Z","level":"INFO","event":"timer_broadcast","game":"wingo","payload":{"minute":0,"secondtime1":2,"secondtime2":5}}
{"timestamp":"2026-09-09T06:59:35.659Z","level":"INFO","event":"timer_broadcast","game":"wingo3","payload":{"minute":0,"secondtime1":2,"secondtime2":5}}
{"timestamp":"2026-09-09T06:59:35.659Z","level":"INFO","event":"timer_broadcast","game":"wingo5","payload":{"minute":0,"secondtime1":2,"secondtime2":5}}
{"timestamp":"2026-09-09T06:59:36.657Z","level":"INFO","event":"timer_broadcast","game":"wingo10","payload":{"minute":0,"secondtime1":2,"secondtime2":4}}
{"timestamp":"2026-09-09T06:59:36.658Z","level":"INFO","event":"timer_broadcast","game":"wingo","payload":{"minute":0,"secondtime1":2,"secondtime2":4}}
{"timestamp":"2026-09-09T06:59:36.659Z","level":"INFO","event":"timer_broadcast","game":"wingo3","payload":{"minute":0,"secondtime1":2,"secondtime2":4}}
{"timestamp":"2026-09-09T06:59:36.660Z","level":"INFO","event":"timer_broadcast","game":"wingo5","payload":{"minute":0,"secondtime1":2,"secondtime2":4}}
{"timestamp":"2026-09-09T06:59:37.673Z","level":"INFO","event":"timer_broadcast","game":"wingo10","payload":{"minute":0,"secondtime1":2,"secondtime2":3}}
{"timestamp":"2026-09-09T06:59:37.674Z","level":"INFO","event":"timer_broadcast","game":"wingo","payload":{"minute":0,"secondtime1":2,"secondtime2":3}}
{"timestamp":"2026-09-09T06:59:37.675Z","level":"INFO","event":"timer_broadcast","game":"wingo3","payload":{"minute":0,"secondtime1":2,"secondtime2":3}}
{"timestamp":"2026-09-09T06:59:37.676Z","level":"INFO","event":"timer_broadcast","game":"wingo5","payload":{"minute":0,"secondtime1":2,"secondtime2":3}}
{"timestamp":"2026-09-09T06:59:38.673Z","level":"INFO","event":"timer_broadcast","game":"wingo10","payload":{"minute":0,"secondtime1":2,"secondtime2":2}}
{"timestamp":"2026-09-09T06:59:38.674Z","level":"INFO","event":"timer_broadcast","game":"wingo","payload":{"minute":0,"secondtime1":2,"secondtime2":2}}
{"timestamp":"2026-09-09T06:59:38.675Z","level":"INFO","event":"timer_broadcast","game":"wingo3","payload":{"minute":0,"secondtime1":2,"secondtime2":2}}
{"timestamp":"2026-09-09T06:59:38.676Z","level":"INFO","event":"timer_broadcast","game":"wingo5","payload":{"minute":0,"secondtime1":2,"secondtime2":2}}
{"timestamp":"2026-09-09T06:59:39.673Z","level":"INFO","event":"timer_broadcast","game":"wingo10","payload":{"minute":0,"secondtime1":2,"secondtime2":1}}
{"timestamp":"2026-09-09T06:59:39.674Z","level":"INFO","event":"timer_broadcast","game":"wingo","payload":{"minute":0,"secondtime1":2,"secondtime2":1}}
{"timestamp":"2026-09-09T06:59:39.675Z","level":"INFO","event":"timer_broadcast","game":"wingo3","payload":{"minute":0,"secondtime1":2,"secondtime2":1}}
{"timestamp":"2026-09-09T06:59:39.676Z","level":"INFO","event":"timer_broadcast","game":"wingo5","payload":{"minute":0,"secondtime1":2,"secondtime2":1}}
{"timestamp":"2026-09-09T06:59:40.674Z","level":"INFO","event":"timer_broadcast","game":"wingo10","payload":{"minute":0,"secondtime1":2,"secondtime2":0}}
{"timestamp":"2026-09-09T06:59:40.675Z","level":"INFO","event":"timer_broadcast","game":"wingo","payload":{"minute":0,"secondtime1":2,"secondtime2":0}}
{"timestamp":"2026-09-09T06:59:40.676Z","level":"INFO","event":"timer_broadcast","game":"wingo3","payload":{"minute":0,"secondtime1":2,"secondtime2":0}}
{"timestamp":"2026-09-09T06:59:40.677Z","level":"INFO","event":"timer_broadcast","game":"wingo5","payload":{"minute":0,"secondtime1":2,"secondtime2":0}}
{"timestamp":"2026-09-09T06:59:41.674Z","level":"INFO","event":"timer_broadcast","game":"wingo10","payload":{"minute":0,"secondtime1":1,"secondtime2":9}}
{"timestamp":"2026-09-09T06:59:41.675Z","level":"INFO","event":"timer_broadcast","game":"wingo","payload":{"minute":0,"secondtime1":1,"secondtime2":9}}
{"timestamp":"2026-09-09T06:59:41.676Z","level":"INFO","event":"timer_broadcast","game":"wingo3","payload":{"minute":0,"secondtime1":1,"secondtime2":9}}
{"timestamp":"2026-09-09T06:59:41.677Z","level":"INFO","event":"timer_broadcast","game":"wingo5","payload":{"minute":0,"secondtime1":1,"secondtime2":9}}
{"timestamp":"2026-09-09T06:59:42.690Z","level":"INFO","event":"timer_broadcast","game":"wingo10","payload":{"minute":0,"secondtime1":1,"secondtime2":8}}
{"timestamp":"2026-09-09T06:59:42.691Z","level":"INFO","event":"timer_broadcast","game":"wingo","payload":{"minute":0,"secondtime1":1,"secondtime2":8}}
{"timestamp":"2026-09-09T06:59:42.692Z","level":"INFO","event":"timer_broadcast","game":"wingo3","payload":{"minute":0,"secondtime1":1,"secondtime2":8}}
{"timestamp":"2026-09-09T06:59:42.693Z","level":"INFO","event":"timer_broadcast","game":"wingo5","payload":{"minute":0,"secondtime1":1,"secondtime2":8}}
{"timestamp":"2026-09-09T06:59:43.690Z","level":"INFO","event":"timer_broadcast","game":"wingo10","payload":{"minute":0,"secondtime1":1,"secondtime2":7}}
{"timestamp":"2026-09-09T06:59:43.691Z","level":"INFO","event":"timer_broadcast","game":"wingo","payload":{"minute":0,"secondtime1":1,"secondtime2":7}}
{"timestamp":"2026-09-09T06:59:43.692Z","level":"INFO","event":"timer_broadcast","game":"wingo3","payload":{"minute":0,"secondtime1":1,"secondtime2":7}}
{"timestamp":"2026-09-09T06:59:43.693Z","level":"INFO","event":"timer_broadcast","game":"wingo5","payload":{"minute":0,"secondtime1":1,"secondtime2":7}}
{"timestamp":"2026-09-09T06:59:44.691Z","level":"INFO","event":"timer_broadcast","game":"wingo10","payload":{"minute":0,"secondtime1":1,"secondtime2":6}}
{"timestamp":"2026-09-09T06:59:44.692Z","level":"INFO","event":"timer_broadcast","game":"wingo","payload":{"minute":0,"secondtime1":1,"secondtime2":6}}
{"timestamp":"2026-09-09T06:59:44.693Z","level":"INFO","event":"timer_broadcast","game":"wingo3","payload":{"minute":0,"secondtime1":1,"secondtime2":6}}
{"timestamp":"2026-09-09T06:59:44.693Z","level":"INFO","event":"timer_broadcast","game":"wingo5","payload":{"minute":0,"secondtime1":1,"secondtime2":6}}
{"timestamp":"2026-09-09T06:59:45.691Z","level":"INFO","event":"timer_broadcast","game":"wingo10","payload":{"minute":0,"secondtime1":1,"secondtime2":5}}
{"timestamp":"2026-09-09T06:59:45.692Z","level":"INFO","event":"timer_broadcast","game":"wingo","payload":{"minute":0,"secondtime1":1,"secondtime2":5}}
{"timestamp":"2026-09-09T06:59:45.693Z","level":"INFO","event":"timer_broadcast","game":"wingo3","payload":{"minute":0,"secondtime1":1,"secondtime2":5}}
{"timestamp":"2026-09-09T06:59:45.693Z","level":"INFO","event":"timer_broadcast","game":"wingo5","payload":{"minute":0,"secondtime1":1,"secondtime2":5}}
{"timestamp":"2026-09-09T06:59:46.691Z","level":"INFO","event":"timer_broadcast","game":"wingo10","payload":{"minute":0,"secondtime1":1,"secondtime2":4}}
{"timestamp":"2026-09-09T06:59:46.692Z","level":"INFO","event":"timer_broadcast","game":"wingo","payload":{"minute":0,"secondtime1":1,"secondtime2":4}}
{"timestamp":"2026-09-09T06:59:46.693Z","level":"INFO","event":"timer_broadcast","game":"wingo3","payload":{"minute":0,"secondtime1":1,"secondtime2":4}}
{"timestamp":"2026-09-09T06:59:46.693Z","level":"INFO","event":"timer_broadcast","game":"wingo5","payload":{"minute":0,"secondtime1":1,"secondtime2":4}}
{"timestamp":"2026-09-09T06:59:47.691Z","level":"INFO","event":"timer_broadcast","game":"wingo10","payload":{"minute":0,"secondtime1":1,"secondtime2":3}}
{"timestamp":"2026-09-09T06:59:47.694Z","level":"INFO","event":"timer_broadcast","game":"wingo","payload":{"minute":0,"secondtime1":1,"secondtime2":3}}
{"timestamp":"2026-09-09T06:59:47.695Z","level":"INFO","event":"timer_broadcast","game":"wingo3","payload":{"minute":0,"secondtime1":1,"secondtime2":3}}
{"timestamp":"2026-09-09T06:59:47.695Z","level":"INFO","event":"timer_broadcast","game":"wingo5","payload":{"minute":0,"secondtime1":1,"secondtime2":3}}
{"timestamp":"2026-09-09T06:59:48.690Z","level":"INFO","event":"timer_broadcast","game":"wingo10","payload":{"minute":0,"secondtime1":1,"secondtime2":2}}
{"timestamp":"2026-09-09T06:59:48.691Z","level":"INFO","event":"timer_broadcast","game":"wingo","payload":{"minute":0,"secondtime1":1,"secondtime2":2}}
{"timestamp":"2026-09-09T06:59:48.692Z","level":"INFO","event":"timer_broadcast","game":"wingo3","payload":{"minute":0,"secondtime1":1,"secondtime2":2}}
{"timestamp":"2026-09-09T06:59:48.693Z","level":"INFO","event":"timer_broadcast","game":"wingo5","payload":{"minute":0,"secondtime1":1,"secondtime2":2}}
{"timestamp":"2026-09-09T06:59:49.691Z","level":"INFO","event":"timer_broadcast","game":"wingo10","payload":{"minute":0,"secondtime1":1,"secondtime2":1}}
{"timestamp":"2026-09-09T06:59:49.692Z","level":"INFO","event":"timer_broadcast","game":"wingo","payload":{"minute":0,"secondtime1":1,"secondtime2":1}}
{"timestamp":"2026-09-09T06:59:49.693Z","level":"INFO","event":"timer_broadcast","game":"wingo3","payload":{"minute":0,"secondtime1":1,"secondtime2":1}}
{"timestamp":"2026-09-09T06:59:49.693Z","level":"INFO","event":"timer_broadcast","game":"wingo5","payload":{"minute":0,"secondtime1":1,"secondtime2":1}}
{"timestamp":"2026-09-09T06:59:50.707Z","level":"INFO","event":"timer_broadcast","game":"wingo10","payload":{"minute":0,"secondtime1":1,"secondtime2":0}}
{"timestamp":"2026-09-09T06:59:50.708Z","level":"INFO","event":"timer_broadcast","game":"wingo","payload":{"minute":0,"secondtime1":1,"secondtime2":0}}
{"timestamp":"2026-09-09T06:59:50.709Z","level":"INFO","event":"timer_broadcast","game":"wingo3","payload":{"minute":0,"secondtime1":1,"secondtime2":0}}
{"timestamp":"2026-09-09T06:59:50.709Z","level":"INFO","event":"timer_broadcast","game":"wingo5","payload":{"minute":0,"secondtime1":1,"secondtime2":0}}
{"timestamp":"2026-09-09T06:59:51.708Z","level":"INFO","event":"timer_broadcast","game":"wingo10","payload":{"minute":0,"secondtime1":0,"secondtime2":9}}
{"timestamp":"2026-09-09T06:59:51.709Z","level":"INFO","event":"timer_broadcast","game":"wingo","payload":{"minute":0,"secondtime1":0,"secondtime2":9}}
{"timestamp":"2026-09-09T06:59:51.709Z","level":"INFO","event":"timer_broadcast","game":"wingo3","payload":{"minute":0,"secondtime1":0,"secondtime2":9}}
{"timestamp":"2026-09-09T06:59:51.710Z","level":"INFO","event":"timer_broadcast","game":"wingo5","payload":{"minute":0,"secondtime1":0,"secondtime2":9}}
{"timestamp":"2026-09-09T06:59:52.723Z","level":"INFO","event":"timer_broadcast","game":"wingo10","payload":{"minute":0,"secondtime1":0,"secondtime2":8}}
{"timestamp":"2026-09-09T06:59:52.725Z","level":"INFO","event":"timer_broadcast","game":"wingo","payload":{"minute":0,"secondtime1":0,"secondtime2":8}}
{"timestamp":"2026-09-09T06:59:52.726Z","level":"INFO","event":"timer_broadcast","game":"wingo3","payload":{"minute":0,"secondtime1":0,"secondtime2":8}}
{"timestamp":"2026-09-09T06:59:52.726Z","level":"INFO","event":"timer_broadcast","game":"wingo5","payload":{"minute":0,"secondtime1":0,"secondtime2":8}}
{"timestamp":"2026-09-09T06:59:53.723Z","level":"INFO","event":"timer_broadcast","game":"wingo10","payload":{"minute":0,"secondtime1":0,"secondtime2":7}}
{"timestamp":"2026-09-09T06:59:53.725Z","level":"INFO","event":"timer_broadcast","game":"wingo","payload":{"minute":0,"secondtime1":0,"secondtime2":7}}
{"timestamp":"2026-09-09T06:59:53.725Z","level":"INFO","event":"timer_broadcast","game":"wingo3","payload":{"minute":0,"secondtime1":0,"secondtime2":7}}
{"timestamp":"2026-09-09T06:59:53.726Z","level":"INFO","event":"timer_broadcast","game":"wingo5","payload":{"minute":0,"secondtime1":0,"secondtime2":7}}
{"timestamp":"2026-09-09T06:59:54.724Z","level":"INFO","event":"timer_broadcast","game":"wingo10","payload":{"minute":0,"secondtime1":0,"secondtime2":6}}
{"timestamp":"2026-09-09T06:59:54.727Z","level":"INFO","event":"timer_broadcast","game":"wingo","payload":{"minute":0,"secondtime1":0,"secondtime2":6}}
{"timestamp":"2026-09-09T06:59:54.727Z","level":"INFO","event":"timer_broadcast","game":"wingo3","payload":{"minute":0,"secondtime1":0,"secondtime2":6}}
{"timestamp":"2026-09-09T06:59:54.728Z","level":"INFO","event":"timer_broadcast","game":"wingo5","payload":{"minute":0,"secondtime1":0,"secondtime2":6}}
{"timestamp":"2026-09-09T06:59:55.724Z","level":"INFO","event":"timer_broadcast","game":"wingo10","payload":{"minute":0,"secondtime1":0,"secondtime2":5}}
{"timestamp":"2026-09-09T06:59:55.724Z","level":"INFO","event":"timer_broadcast","game":"wingo","payload":{"minute":0,"secondtime1":0,"secondtime2":5}}
{"timestamp":"2026-09-09T06:59:55.725Z","level":"INFO","event":"timer_broadcast","game":"wingo3","payload":{"minute":0,"secondtime1":0,"secondtime2":5}}
{"timestamp":"2026-09-09T06:59:55.726Z","level":"INFO","event":"timer_broadcast","game":"wingo5","payload":{"minute":0,"secondtime1":0,"secondtime2":5}}
{"timestamp":"2026-09-09T06:59:56.724Z","level":"INFO","event":"timer_broadcast","game":"wingo10","payload":{"minute":0,"secondtime1":0,"secondtime2":4}}
{"timestamp":"2026-09-09T06:59:56.725Z","level":"INFO","event":"timer_broadcast","game":"wingo","payload":{"minute":0,"secondtime1":0,"secondtime2":4}}
{"timestamp":"2026-09-09T06:59:56.725Z","level":"INFO","event":"timer_broadcast","game":"wingo3","payload":{"minute":0,"secondtime1":0,"secondtime2":4}}
{"timestamp":"2026-09-09T06:59:56.726Z","level":"INFO","event":"timer_broadcast","game":"wingo5","payload":{"minute":0,"secondtime1":0,"secondtime2":4}}
{"timestamp":"2026-09-09T06:59:57.725Z","level":"INFO","event":"timer_broadcast","game":"wingo10","payload":{"minute":0,"secondtime1":0,"secondtime2":3}}
{"timestamp":"2026-09-09T06:59:57.726Z","level":"INFO","event":"timer_broadcast","game":"wingo","payload":{"minute":0,"secondtime1":0,"secondtime2":3}}
{"timestamp":"2026-09-09T06:59:57.726Z","level":"INFO","event":"timer_broadcast","game":"wingo3","payload":{"minute":0,"secondtime1":0,"secondtime2":3}}
{"timestamp":"2026-09-09T06:59:57.727Z","level":"INFO","event":"timer_broadcast","game":"wingo5","payload":{"minute":0,"secondtime1":0,"secondtime2":3}}
{"timestamp":"2026-09-09T06:59:58.740Z","level":"INFO","event":"timer_broadcast","game":"wingo10","payload":{"minute":0,"secondtime1":0,"secondtime2":2}}
{"timestamp":"2026-09-09T06:59:58.741Z","level":"INFO","event":"timer_broadcast","game":"wingo","payload":{"minute":0,"secondtime1":0,"secondtime2":2}}
{"timestamp":"2026-09-09T06:59:58.742Z","level":"INFO","event":"timer_broadcast","game":"wingo3","payload":{"minute":0,"secondtime1":0,"secondtime2":2}}
{"timestamp":"2026-09-09T06:59:58.743Z","level":"INFO","event":"timer_broadcast","game":"wingo5","payload":{"minute":0,"secondtime1":0,"secondtime2":2}}
{"timestamp":"2026-09-09T06:59:59.741Z","level":"INFO","event":"timer_broadcast","game":"wingo10","payload":{"minute":0,"secondtime1":0,"secondtime2":1}}
{"timestamp":"2026-09-09T06:59:59.742Z","level":"INFO","event":"timer_broadcast","game":"wingo","payload":{"minute":0,"secondtime1":0,"secondtime2":1}}
{"timestamp":"2026-09-09T06:59:59.742Z","level":"INFO","event":"timer_broadcast","game":"wingo3","payload":{"minute":0,"secondtime1":0,"secondtime2":1}}
{"timestamp":"2026-09-09T06:59:59.743Z","level":"INFO","event":"timer_broadcast","game":"wingo5","payload":{"minute":0,"secondtime1":0,"secondtime2":1}}
{"timestamp":"2026-09-09T07:00:00.756Z","level":"INFO","event":"timer_broadcast","game":"wingo10","payload":{"minute":0,"secondtime1":3,"secondtime2":0}}
{"timestamp":"2026-09-09T07:00:00.757Z","level":"INFO","event":"timer_broadcast","game":"wingo","payload":{"minute":1,"secondtime1":0,"secondtime2":0}}
{"timestamp":"2026-09-09T07:00:00.758Z","level":"INFO","event":"timer_broadcast","game":"wingo3","payload":{"minute":3,"secondtime1":0,"secondtime2":0}}
{"timestamp":"2026-09-09T07:00:00.758Z","level":"INFO","event":"timer_broadcast","game":"wingo5","payload":{"minute":5,"secondtime1":0,"secondtime2":0}}
{"timestamp":"2026-09-09T07:00:00.760Z","level":"INFO","event":"timer_boundary","game":"wingo10","intervalSeconds":30,"totalSeconds":45000,"boundary":1500}
{"timestamp":"2026-09-09T07:00:00.761Z","level":"INFO","event":"timer_boundary","game":"wingo","intervalSeconds":60,"totalSeconds":45000,"boundary":750}
{"timestamp":"2026-09-09T07:00:00.762Z","level":"INFO","event":"timer_boundary","game":"wingo3","intervalSeconds":180,"totalSeconds":45000,"boundary":250}
{"timestamp":"2026-09-09T07:00:00.763Z","level":"INFO","event":"timer_boundary","game":"wingo5","intervalSeconds":300,"totalSeconds":45000,"boundary":150}
{"timestamp":"2026-09-09T07:00:01.118Z","level":"INFO","event":"result_emitted","game":"wingo","period":"2667745","amount":2}
{"timestamp":"2026-09-09T07:00:01.123Z","level":"INFO","event":"result_emitted","game":"wingo3","period":"20260903100021033","amount":9}
{"timestamp":"2026-09-09T07:00:01.138Z","level":"INFO","event":"result_emitted","game":"wingo5","period":"20260903100030615","amount":6}
{"timestamp":"2026-09-09T07:00:01.139Z","level":"INFO","event":"result_emitted","game":"wingo10","period":"38463929","amount":5}
{"timestamp":"2026-09-09T07:00:01.757Z","level":"INFO","event":"timer_broadcast","game":"wingo10","payload":{"minute":0,"secondtime1":2,"secondtime2":9}}
{"timestamp":"2026-09-09T07:00:01.758Z","level":"INFO","event":"timer_broadcast","game":"wingo","payload":{"minute":0,"secondtime1":5,"secondtime2":9}}
{"timestamp":"2026-09-09T07:00:01.759Z","level":"INFO","event":"timer_broadcast","game":"wingo3","payload":{"minute":2,"secondtime1":5,"secondtime2":9}}
{"timestamp":"2026-09-09T07:00:01.760Z","level":"INFO","event":"timer_broadcast","game":"wingo5","payload":{"minute":4,"secondtime1":5,"secondtime2":9}}
{"timestamp":"2026-09-09T07:00:02.756Z","level":"INFO","event":"timer_broadcast","game":"wingo10","payload":{"minute":0,"secondtime1":2,"secondtime2":8}}
{"timestamp":"2026-09-09T07:00:02.757Z","level":"INFO","event":"timer_broadcast","game":"wingo","payload":{"minute":0,"secondtime1":5,"secondtime2":8}}
{"timestamp":"2026-09-09T07:00:02.758Z","level":"INFO","event":"timer_broadcast","game":"wingo3","payload":{"minute":2,"secondtime1":5,"secondtime2":8}}
{"timestamp":"2026-09-09T07:00:02.758Z","level":"INFO","event":"timer_broadcast","game":"wingo5","payload":{"minute":4,"secondtime1":5,"secondtime2":8}}
{"timestamp":"2026-09-09T07:00:03.757Z","level":"INFO","event":"timer_broadcast","game":"wingo10","payload":{"minute":0,"secondtime1":2,"secondtime2":7}}
{"timestamp":"2026-09-09T07:00:03.758Z","level":"INFO","event":"timer_broadcast","game":"wingo","payload":{"minute":0,"secondtime1":5,"secondtime2":7}}
{"timestamp":"2026-09-09T07:00:03.759Z","level":"INFO","event":"timer_broadcast","game":"wingo3","payload":{"minute":2,"secondtime1":5,"secondtime2":7}}
{"timestamp":"2026-09-09T07:00:03.760Z","level":"INFO","event":"timer_broadcast","game":"wingo5","payload":{"minute":4,"secondtime1":5,"secondtime2":7}}
{"timestamp":"2026-09-09T07:00:04.757Z","level":"INFO","event":"timer_broadcast","game":"wingo10","payload":{"minute":0,"secondtime1":2,"secondtime2":6}}
{"timestamp":"2026-09-09T07:00:04.758Z","level":"INFO","event":"timer_broadcast","game":"wingo","payload":{"minute":0,"secondtime1":5,"secondtime2":6}}
{"timestamp":"2026-09-09T07:00:04.759Z","level":"INFO","event":"timer_broadcast","game":"wingo3","payload":{"minute":2,"secondtime1":5,"secondtime2":6}}
{"timestamp":"2026-09-09T07:00:04.759Z","level":"INFO","event":"timer_broadcast","game":"wingo5","payload":{"minute":4,"secondtime1":5,"secondtime2":6}}
{"timestamp":"2026-09-09T07:00:05.757Z","level":"INFO","event":"timer_broadcast","game":"wingo10","payload":{"minute":0,"secondtime1":2,"secondtime2":5}}
{"timestamp":"2026-09-09T07:00:05.758Z","level":"INFO","event":"timer_broadcast","game":"wingo","payload":{"minute":0,"secondtime1":5,"secondtime2":5}}
{"timestamp":"2026-09-09T07:00:05.758Z","level":"INFO","event":"timer_broadcast","game":"wingo3","payload":{"minute":2,"secondtime1":5,"secondtime2":5}}
{"timestamp":"2026-09-09T07:00:05.759Z","level":"INFO","event":"timer_broadcast","game":"wingo5","payload":{"minute":4,"secondtime1":5,"secondtime2":5}}
{"timestamp":"2026-09-09T07:00:06.758Z","level":"INFO","event":"timer_broadcast","game":"wingo10","payload":{"minute":0,"secondtime1":2,"secondtime2":4}}
{"timestamp":"2026-09-09T07:00:06.759Z","level":"INFO","event":"timer_broadcast","game":"wingo","payload":{"minute":0,"secondtime1":5,"secondtime2":4}}
{"timestamp":"2026-09-09T07:00:06.760Z","level":"INFO","event":"timer_broadcast","game":"wingo3","payload":{"minute":2,"secondtime1":5,"secondtime2":4}}
{"timestamp":"2026-09-09T07:00:06.760Z","level":"INFO","event":"timer_broadcast","game":"wingo5","payload":{"minute":4,"secondtime1":5,"secondtime2":4}}
{"timestamp":"2026-09-09T07:00:07.774Z","level":"INFO","event":"timer_broadcast","game":"wingo10","payload":{"minute":0,"secondtime1":2,"secondtime2":3}}
{"timestamp":"2026-09-09T07:00:07.775Z","level":"INFO","event":"timer_broadcast","game":"wingo","payload":{"minute":0,"secondtime1":5,"secondtime2":3}}
{"timestamp":"2026-09-09T07:00:07.776Z","level":"INFO","event":"timer_broadcast","game":"wingo3","payload":{"minute":2,"secondtime1":5,"secondtime2":3}}
{"timestamp":"2026-09-09T07:00:07.777Z","level":"INFO","event":"timer_broadcast","game":"wingo5","payload":{"minute":4,"secondtime1":5,"secondtime2":3}}
{"timestamp":"2026-09-09T07:00:08.775Z","level":"INFO","event":"timer_broadcast","game":"wingo10","payload":{"minute":0,"secondtime1":2,"secondtime2":2}}
{"timestamp":"2026-09-09T07:00:08.776Z","level":"INFO","event":"timer_broadcast","game":"wingo","payload":{"minute":0,"secondtime1":5,"secondtime2":2}}
{"timestamp":"2026-09-09T07:00:08.777Z","level":"INFO","event":"timer_broadcast","game":"wingo3","payload":{"minute":2,"secondtime1":5,"secondtime2":2}}
{"timestamp":"2026-09-09T07:00:08.777Z","level":"INFO","event":"timer_broadcast","game":"wingo5","payload":{"minute":4,"secondtime1":5,"secondtime2":2}}
{"timestamp":"2026-09-09T07:00:09.775Z","level":"INFO","event":"timer_broadcast","game":"wingo10","payload":{"minute":0,"secondtime1":2,"secondtime2":1}}
{"timestamp":"2026-09-09T07:00:09.776Z","level":"INFO","event":"timer_broadcast","game":"wingo","payload":{"minute":0,"secondtime1":5,"secondtime2":1}}
{"timestamp":"2026-09-09T07:00:09.777Z","level":"INFO","event":"timer_broadcast","game":"wingo3","payload":{"minute":2,"secondtime1":5,"secondtime2":1}}
{"timestamp":"2026-09-09T07:00:09.777Z","level":"INFO","event":"timer_broadcast","game":"wingo5","payload":{"minute":4,"secondtime1":5,"secondtime2":1}}
{"timestamp":"2026-09-09T07:00:10.775Z","level":"INFO","event":"timer_broadcast","game":"wingo10","payload":{"minute":0,"secondtime1":2,"secondtime2":0}}
{"timestamp":"2026-09-09T07:00:10.776Z","level":"INFO","event":"timer_broadcast","game":"wingo","payload":{"minute":0,"secondtime1":5,"secondtime2":0}}
{"timestamp":"2026-09-09T07:00:10.777Z","level":"INFO","event":"timer_broadcast","game":"wingo3","payload":{"minute":2,"secondtime1":5,"secondtime2":0}}
{"timestamp":"2026-09-09T07:00:10.778Z","level":"INFO","event":"timer_broadcast","game":"wingo5","payload":{"minute":4,"secondtime1":5,"secondtime2":0}}
{"timestamp":"2026-09-09T07:00:11.775Z","level":"INFO","event":"timer_broadcast","game":"wingo10","payload":{"minute":0,"secondtime1":1,"secondtime2":9}}
{"timestamp":"2026-09-09T07:00:11.776Z","level":"INFO","event":"timer_broadcast","game":"wingo","payload":{"minute":0,"secondtime1":4,"secondtime2":9}}
{"timestamp":"2026-09-09T07:00:11.777Z","level":"INFO","event":"timer_broadcast","game":"wingo3","payload":{"minute":2,"secondtime1":4,"secondtime2":9}}
{"timestamp":"2026-09-09T07:00:11.778Z","level":"INFO","event":"timer_broadcast","game":"wingo5","payload":{"minute":4,"secondtime1":4,"secondtime2":9}}
{"timestamp":"2026-09-09T07:00:12.790Z","level":"INFO","event":"timer_broadcast","game":"wingo10","payload":{"minute":0,"secondtime1":1,"secondtime2":8}}
{"timestamp":"2026-09-09T07:00:12.791Z","level":"INFO","event":"timer_broadcast","game":"wingo","payload":{"minute":0,"secondtime1":4,"secondtime2":8}}
{"timestamp":"2026-09-09T07:00:12.792Z","level":"INFO","event":"timer_broadcast","game":"wingo3","payload":{"minute":2,"secondtime1":4,"secondtime2":8}}
{"timestamp":"2026-09-09T07:00:12.793Z","level":"INFO","event":"timer_broadcast","game":"wingo5","payload":{"minute":4,"secondtime1":4,"secondtime2":8}}
{"timestamp":"2026-09-09T07:00:13.790Z","level":"INFO","event":"timer_broadcast","game":"wingo10","payload":{"minute":0,"secondtime1":1,"secondtime2":7}}
{"timestamp":"2026-09-09T07:00:13.791Z","level":"INFO","event":"timer_broadcast","game":"wingo","payload":{"minute":0,"secondtime1":4,"secondtime2":7}}
{"timestamp":"2026-09-09T07:00:13.791Z","level":"INFO","event":"timer_broadcast","game":"wingo3","payload":{"minute":2,"secondtime1":4,"secondtime2":7}}
{"timestamp":"2026-09-09T07:00:13.792Z","level":"INFO","event":"timer_broadcast","game":"wingo5","payload":{"minute":4,"secondtime1":4,"secondtime2":7}}
{"timestamp":"2026-09-09T07:00:14.791Z","level":"INFO","event":"timer_broadcast","game":"wingo10","payload":{"minute":0,"secondtime1":1,"secondtime2":6}}
{"timestamp":"2026-09-09T07:00:14.792Z","level":"INFO","event":"timer_broadcast","game":"wingo","payload":{"minute":0,"secondtime1":4,"secondtime2":6}}
{"timestamp":"2026-09-09T07:00:14.792Z","level":"INFO","event":"timer_broadcast","game":"wingo3","payload":{"minute":2,"secondtime1":4,"secondtime2":6}}
{"timestamp":"2026-09-09T07:00:14.793Z","level":"INFO","event":"timer_broadcast","game":"wingo5","payload":{"minute":4,"secondtime1":4,"secondtime2":6}}
{"timestamp":"2026-09-09T07:00:15.791Z","level":"INFO","event":"timer_broadcast","game":"wingo10","payload":{"minute":0,"secondtime1":1,"secondtime2":5}}
{"timestamp":"2026-09-09T07:00:15.792Z","level":"INFO","event":"timer_broadcast","game":"wingo","payload":{"minute":0,"secondtime1":4,"secondtime2":5}}
{"timestamp":"2026-09-09T07:00:15.792Z","level":"INFO","event":"timer_broadcast","game":"wingo3","payload":{"minute":2,"secondtime1":4,"secondtime2":5}}
{"timestamp":"2026-09-09T07:00:15.793Z","level":"INFO","event":"timer_broadcast","game":"wingo5","payload":{"minute":4,"secondtime1":4,"secondtime2":5}}
{"timestamp":"2026-09-09T07:00:16.792Z","level":"INFO","event":"timer_broadcast","game":"wingo10","payload":{"minute":0,"secondtime1":1,"secondtime2":4}}
{"timestamp":"2026-09-09T07:00:16.793Z","level":"INFO","event":"timer_broadcast","game":"wingo","payload":{"minute":0,"secondtime1":4,"secondtime2":4}}
{"timestamp":"2026-09-09T07:00:16.794Z","level":"INFO","event":"timer_broadcast","game":"wingo3","payload":{"minute":2,"secondtime1":4,"secondtime2":4}}
{"timestamp":"2026-09-09T07:00:16.794Z","level":"INFO","event":"timer_broadcast","game":"wingo5","payload":{"minute":4,"secondtime1":4,"secondtime2":4}}
{"timestamp":"2026-09-09T07:00:17.807Z","level":"INFO","event":"timer_broadcast","game":"wingo10","payload":{"minute":0,"secondtime1":1,"secondtime2":3}}
{"timestamp":"2026-09-09T07:00:17.808Z","level":"INFO","event":"timer_broadcast","game":"wingo","payload":{"minute":0,"secondtime1":4,"secondtime2":3}}
{"timestamp":"2026-09-09T07:00:17.809Z","level":"INFO","event":"timer_broadcast","game":"wingo3","payload":{"minute":2,"secondtime1":4,"secondtime2":3}}
{"timestamp":"2026-09-09T07:00:17.809Z","level":"INFO","event":"timer_broadcast","game":"wingo5","payload":{"minute":4,"secondtime1":4,"secondtime2":3}}
{"timestamp":"2026-09-09T07:00:18.808Z","level":"INFO","event":"timer_broadcast","game":"wingo10","payload":{"minute":0,"secondtime1":1,"secondtime2":2}}
{"timestamp":"2026-09-09T07:00:18.808Z","level":"INFO","event":"timer_broadcast","game":"wingo","payload":{"minute":0,"secondtime1":4,"secondtime2":2}}
{"timestamp":"2026-09-09T07:00:18.809Z","level":"INFO","event":"timer_broadcast","game":"wingo3","payload":{"minute":2,"secondtime1":4,"secondtime2":2}}
{"timestamp":"2026-09-09T07:00:18.809Z","level":"INFO","event":"timer_broadcast","game":"wingo5","payload":{"minute":4,"secondtime1":4,"secondtime2":2}}
{"timestamp":"2026-09-09T07:00:19.808Z","level":"INFO","event":"timer_broadcast","game":"wingo10","payload":{"minute":0,"secondtime1":1,"secondtime2":1}}
{"timestamp":"2026-09-09T07:00:19.809Z","level":"INFO","event":"timer_broadcast","game":"wingo","payload":{"minute":0,"secondtime1":4,"secondtime2":1}}
{"timestamp":"2026-09-09T07:00:19.809Z","level":"INFO","event":"timer_broadcast","game":"wingo3","payload":{"minute":2,"secondtime1":4,"secondtime2":1}}
{"timestamp":"2026-09-09T07:00:19.810Z","level":"INFO","event":"timer_broadcast","game":"wingo5","payload":{"minute":4,"secondtime1":4,"secondtime2":1}}
{"timestamp":"2026-09-09T07:00:20.808Z","level":"INFO","event":"timer_broadcast","game":"wingo10","payload":{"minute":0,"secondtime1":1,"secondtime2":0}}
{"timestamp":"2026-09-09T07:00:20.809Z","level":"INFO","event":"timer_broadcast","game":"wingo","payload":{"minute":0,"secondtime1":4,"secondtime2":0}}
{"timestamp":"2026-09-09T07:00:20.809Z","level":"INFO","event":"timer_broadcast","game":"wingo3","payload":{"minute":2,"secondtime1":4,"secondtime2":0}}
{"timestamp":"2026-09-09T07:00:20.810Z","level":"INFO","event":"timer_broadcast","game":"wingo5","payload":{"minute":4,"secondtime1":4,"secondtime2":0}}
{"timestamp":"2026-09-09T07:00:21.808Z","level":"INFO","event":"timer_broadcast","game":"wingo10","payload":{"minute":0,"secondtime1":0,"secondtime2":9}}
{"timestamp":"2026-09-09T07:00:21.809Z","level":"INFO","event":"timer_broadcast","game":"wingo","payload":{"minute":0,"secondtime1":3,"secondtime2":9}}
{"timestamp":"2026-09-09T07:00:21.810Z","level":"INFO","event":"timer_broadcast","game":"wingo3","payload":{"minute":2,"secondtime1":3,"secondtime2":9}}
{"timestamp":"2026-09-09T07:00:21.811Z","level":"INFO","event":"timer_broadcast","game":"wingo5","payload":{"minute":4,"secondtime1":3,"secondtime2":9}}
{"timestamp":"2026-09-09T07:00:22.824Z","level":"INFO","event":"timer_broadcast","game":"wingo10","payload":{"minute":0,"secondtime1":0,"secondtime2":8}}
{"timestamp":"2026-09-09T07:00:22.825Z","level":"INFO","event":"timer_broadcast","game":"wingo","payload":{"minute":0,"secondtime1":3,"secondtime2":8}}
{"timestamp":"2026-09-09T07:00:22.825Z","level":"INFO","event":"timer_broadcast","game":"wingo3","payload":{"minute":2,"secondtime1":3,"secondtime2":8}}
{"timestamp":"2026-09-09T07:00:22.826Z","level":"INFO","event":"timer_broadcast","game":"wingo5","payload":{"minute":4,"secondtime1":3,"secondtime2":8}}
{"timestamp":"2026-09-09T07:00:23.825Z","level":"INFO","event":"timer_broadcast","game":"wingo10","payload":{"minute":0,"secondtime1":0,"secondtime2":7}}
{"timestamp":"2026-09-09T07:00:23.826Z","level":"INFO","event":"timer_broadcast","game":"wingo","payload":{"minute":0,"secondtime1":3,"secondtime2":7}}
{"timestamp":"2026-09-09T07:00:23.827Z","level":"INFO","event":"timer_broadcast","game":"wingo3","payload":{"minute":2,"secondtime1":3,"secondtime2":7}}
{"timestamp":"2026-09-09T07:00:23.828Z","level":"INFO","event":"timer_broadcast","game":"wingo5","payload":{"minute":4,"secondtime1":3,"secondtime2":7}}
{"timestamp":"2026-09-09T07:00:24.826Z","level":"INFO","event":"timer_broadcast","game":"wingo10","payload":{"minute":0,"secondtime1":0,"secondtime2":6}}
{"timestamp":"2026-09-09T07:00:24.827Z","level":"INFO","event":"timer_broadcast","game":"wingo","payload":{"minute":0,"secondtime1":3,"secondtime2":6}}
{"timestamp":"2026-09-09T07:00:24.828Z","level":"INFO","event":"timer_broadcast","game":"wingo3","payload":{"minute":2,"secondtime1":3,"secondtime2":6}}
{"timestamp":"2026-09-09T07:00:24.828Z","level":"INFO","event":"timer_broadcast","game":"wingo5","payload":{"minute":4,"secondtime1":3,"secondtime2":6}}
{"timestamp":"2026-09-09T07:00:25.825Z","level":"INFO","event":"timer_broadcast","game":"wingo10","payload":{"minute":0,"secondtime1":0,"secondtime2":5}}
{"timestamp":"2026-09-09T07:00:25.826Z","level":"INFO","event":"timer_broadcast","game":"wingo","payload":{"minute":0,"secondtime1":3,"secondtime2":5}}
{"timestamp":"2026-09-09T07:00:25.827Z","level":"INFO","event":"timer_broadcast","game":"wingo3","payload":{"minute":2,"secondtime1":3,"secondtime2":5}}
{"timestamp":"2026-09-09T07:00:25.827Z","level":"INFO","event":"timer_broadcast","game":"wingo5","payload":{"minute":4,"secondtime1":3,"secondtime2":5}}
{"timestamp":"2026-09-09T07:00:26.826Z","level":"INFO","event":"timer_broadcast","game":"wingo10","payload":{"minute":0,"secondtime1":0,"secondtime2":4}}
{"timestamp":"2026-09-09T07:00:26.826Z","level":"INFO","event":"timer_broadcast","game":"wingo","payload":{"minute":0,"secondtime1":3,"secondtime2":4}}
{"timestamp":"2026-09-09T07:00:26.827Z","level":"INFO","event":"timer_broadcast","game":"wingo3","payload":{"minute":2,"secondtime1":3,"secondtime2":4}}
{"timestamp":"2026-09-09T07:00:26.828Z","level":"INFO","event":"timer_broadcast","game":"wingo5","payload":{"minute":4,"secondtime1":3,"secondtime2":4}}
{"timestamp":"2026-09-09T07:00:27.825Z","level":"INFO","event":"timer_broadcast","game":"wingo10","payload":{"minute":0,"secondtime1":0,"secondtime2":3}}
{"timestamp":"2026-09-09T07:00:27.827Z","level":"INFO","event":"timer_broadcast","game":"wingo","payload":{"minute":0,"secondtime1":3,"secondtime2":3}}
{"timestamp":"2026-09-09T07:00:27.828Z","level":"INFO","event":"timer_broadcast","game":"wingo3","payload":{"minute":2,"secondtime1":3,"secondtime2":3}}
{"timestamp":"2026-09-09T07:00:27.828Z","level":"INFO","event":"timer_broadcast","game":"wingo5","payload":{"minute":4,"secondtime1":3,"secondtime2":3}}
{"timestamp":"2026-09-09T07:00:28.826Z","level":"INFO","event":"timer_broadcast","game":"wingo10","payload":{"minute":0,"secondtime1":0,"secondtime2":2}}
{"timestamp":"2026-09-09T07:00:28.827Z","level":"INFO","event":"timer_broadcast","game":"wingo","payload":{"minute":0,"secondtime1":3,"secondtime2":2}}
{"timestamp":"2026-09-09T07:00:28.828Z","level":"INFO","event":"timer_broadcast","game":"wingo3","payload":{"minute":2,"secondtime1":3,"secondtime2":2}}
{"timestamp":"2026-09-09T07:00:28.828Z","level":"INFO","event":"timer_broadcast","game":"wingo5","payload":{"minute":4,"secondtime1":3,"secondtime2":2}}
{"timestamp":"2026-09-09T07:00:29.841Z","level":"INFO","event":"timer_broadcast","game":"wingo10","payload":{"minute":0,"secondtime1":0,"secondtime2":1}}
{"timestamp":"2026-09-09T07:00:29.842Z","level":"INFO","event":"timer_broadcast","game":"wingo","payload":{"minute":0,"secondtime1":3,"secondtime2":1}}
{"timestamp":"2026-09-09T07:00:29.843Z","level":"INFO","event":"timer_broadcast","game":"wingo3","payload":{"minute":2,"secondtime1":3,"secondtime2":1}}
{"timestamp":"2026-09-09T07:00:29.844Z","level":"INFO","event":"timer_broadcast","game":"wingo5","payload":{"minute":4,"secondtime1":3,"secondtime2":1}}
{"timestamp":"2026-09-09T07:00:30.843Z","level":"INFO","event":"timer_broadcast","game":"wingo10","payload":{"minute":0,"secondtime1":3,"secondtime2":0}}
{"timestamp":"2026-09-09T07:00:30.844Z","level":"INFO","event":"timer_broadcast","game":"wingo","payload":{"minute":0,"secondtime1":3,"secondtime2":0}}
{"timestamp":"2026-09-09T07:00:30.844Z","level":"INFO","event":"timer_broadcast","game":"wingo3","payload":{"minute":2,"secondtime1":3,"secondtime2":0}}
{"timestamp":"2026-09-09T07:00:30.845Z","level":"INFO","event":"timer_broadcast","game":"wingo5","payload":{"minute":4,"secondtime1":3,"secondtime2":0}}
{"timestamp":"2026-09-09T07:00:30.846Z","level":"INFO","event":"timer_boundary","game":"wingo10","intervalSeconds":30,"totalSeconds":45030,"boundary":1501}
{"timestamp":"2026-09-09T07:00:31.221Z","level":"INFO","event":"result_emitted","game":"wingo10","period":"38463931","amount":9}
{"timestamp":"2026-09-09T07:00:31.843Z","level":"INFO","event":"timer_broadcast","game":"wingo10","payload":{"minute":0,"secondtime1":2,"secondtime2":9}}
{"timestamp":"2026-09-09T07:00:31.844Z","level":"INFO","event":"timer_broadcast","game":"wingo","payload":{"minute":0,"secondtime1":2,"secondtime2":9}}
{"timestamp":"2026-09-09T07:00:31.845Z","level":"INFO","event":"timer_broadcast","game":"wingo3","payload":{"minute":2,"secondtime1":2,"secondtime2":9}}
{"timestamp":"2026-09-09T07:00:31.846Z","level":"INFO","event":"timer_broadcast","game":"wingo5","payload":{"minute":4,"secondtime1":2,"secondtime2":9}}
{"timestamp":"2026-09-09T07:00:32.842Z","level":"INFO","event":"timer_broadcast","game":"wingo10","payload":{"minute":0,"secondtime1":2,"secondtime2":8}}
{"timestamp":"2026-09-09T07:00:32.843Z","level":"INFO","event":"timer_broadcast","game":"wingo","payload":{"minute":0,"secondtime1":2,"secondtime2":8}}
{"timestamp":"2026-09-09T07:00:32.844Z","level":"INFO","event":"timer_broadcast","game":"wingo3","payload":{"minute":2,"secondtime1":2,"secondtime2":8}}
{"timestamp":"2026-09-09T07:00:32.845Z","level":"INFO","event":"timer_broadcast","game":"wingo5","payload":{"minute":4,"secondtime1":2,"secondtime2":8}}
{"timestamp":"2026-09-09T07:00:33.858Z","level":"INFO","event":"timer_broadcast","game":"wingo10","payload":{"minute":0,"secondtime1":2,"secondtime2":7}}
{"timestamp":"2026-09-09T07:00:33.859Z","level":"INFO","event":"timer_broadcast","game":"wingo","payload":{"minute":0,"secondtime1":2,"secondtime2":7}}
{"timestamp":"2026-09-09T07:00:33.860Z","level":"INFO","event":"timer_broadcast","game":"wingo3","payload":{"minute":2,"secondtime1":2,"secondtime2":7}}
{"timestamp":"2026-09-09T07:00:33.861Z","level":"INFO","event":"timer_broadcast","game":"wingo5","payload":{"minute":4,"secondtime1":2,"secondtime2":7}}
{"timestamp":"2026-09-09T07:00:34.858Z","level":"INFO","event":"timer_broadcast","game":"wingo10","payload":{"minute":0,"secondtime1":2,"secondtime2":6}}
{"timestamp":"2026-09-09T07:00:34.859Z","level":"INFO","event":"timer_broadcast","game":"wingo","payload":{"minute":0,"secondtime1":2,"secondtime2":6}}
{"timestamp":"2026-09-09T07:00:34.860Z","level":"INFO","event":"timer_broadcast","game":"wingo3","payload":{"minute":2,"secondtime1":2,"secondtime2":6}}
{"timestamp":"2026-09-09T07:00:34.860Z","level":"INFO","event":"timer_broadcast","game":"wingo5","payload":{"minute":4,"secondtime1":2,"secondtime2":6}}
{"timestamp":"2026-09-09T07:00:35.859Z","level":"INFO","event":"timer_broadcast","game":"wingo10","payload":{"minute":0,"secondtime1":2,"secondtime2":5}}
{"timestamp":"2026-09-09T07:00:35.860Z","level":"INFO","event":"timer_broadcast","game":"wingo","payload":{"minute":0,"secondtime1":2,"secondtime2":5}}
{"timestamp":"2026-09-09T07:00:35.861Z","level":"INFO","event":"timer_broadcast","game":"wingo3","payload":{"minute":2,"secondtime1":2,"secondtime2":5}}
{"timestamp":"2026-09-09T07:00:35.861Z","level":"INFO","event":"timer_broadcast","game":"wingo5","payload":{"minute":4,"secondtime1":2,"secondtime2":5}}
{"timestamp":"2026-09-09T07:00:36.859Z","level":"INFO","event":"timer_broadcast","game":"wingo10","payload":{"minute":0,"secondtime1":2,"secondtime2":4}}
{"timestamp":"2026-09-09T07:00:36.861Z","level":"INFO","event":"timer_broadcast","game":"wingo","payload":{"minute":0,"secondtime1":2,"secondtime2":4}}
{"timestamp":"2026-09-09T07:00:36.861Z","level":"INFO","event":"timer_broadcast","game":"wingo3","payload":{"minute":2,"secondtime1":2,"secondtime2":4}}
{"timestamp":"2026-09-09T07:00:36.862Z","level":"INFO","event":"timer_broadcast","game":"wingo5","payload":{"minute":4,"secondtime1":2,"secondtime2":4}}
{"timestamp":"2026-09-09T07:00:37.861Z","level":"INFO","event":"timer_broadcast","game":"wingo10","payload":{"minute":0,"secondtime1":2,"secondtime2":3}}
{"timestamp":"2026-09-09T07:00:37.862Z","level":"INFO","event":"timer_broadcast","game":"wingo","payload":{"minute":0,"secondtime1":2,"secondtime2":3}}
{"timestamp":"2026-09-09T07:00:37.863Z","level":"INFO","event":"timer_broadcast","game":"wingo3","payload":{"minute":2,"secondtime1":2,"secondtime2":3}}
{"timestamp":"2026-09-09T07:00:37.863Z","level":"INFO","event":"timer_broadcast","game":"wingo5","payload":{"minute":4,"secondtime1":2,"secondtime2":3}}
{"timestamp":"2026-09-09T07:00:38.875Z","level":"INFO","event":"timer_broadcast","game":"wingo10","payload":{"minute":0,"secondtime1":2,"secondtime2":2}}
{"timestamp":"2026-09-09T07:00:38.876Z","level":"INFO","event":"timer_broadcast","game":"wingo","payload":{"minute":0,"secondtime1":2,"secondtime2":2}}
{"timestamp":"2026-09-09T07:00:38.877Z","level":"INFO","event":"timer_broadcast","game":"wingo3","payload":{"minute":2,"secondtime1":2,"secondtime2":2}}
{"timestamp":"2026-09-09T07:00:38.877Z","level":"INFO","event":"timer_broadcast","game":"wingo5","payload":{"minute":4,"secondtime1":2,"secondtime2":2}}
{"timestamp":"2026-09-09T07:00:39.875Z","level":"INFO","event":"timer_broadcast","game":"wingo10","payload":{"minute":0,"secondtime1":2,"secondtime2":1}}
{"timestamp":"2026-09-09T07:00:39.876Z","level":"INFO","event":"timer_broadcast","game":"wingo","payload":{"minute":0,"secondtime1":2,"secondtime2":1}}
{"timestamp":"2026-09-09T07:00:39.876Z","level":"INFO","event":"timer_broadcast","game":"wingo3","payload":{"minute":2,"secondtime1":2,"secondtime2":1}}
{"timestamp":"2026-09-09T07:00:39.877Z","level":"INFO","event":"timer_broadcast","game":"wingo5","payload":{"minute":4,"secondtime1":2,"secondtime2":1}}
{"timestamp":"2026-09-09T07:00:40.876Z","level":"INFO","event":"timer_broadcast","game":"wingo10","payload":{"minute":0,"secondtime1":2,"secondtime2":0}}
{"timestamp":"2026-09-09T07:00:40.877Z","level":"INFO","event":"timer_broadcast","game":"wingo","payload":{"minute":0,"secondtime1":2,"secondtime2":0}}
{"timestamp":"2026-09-09T07:00:40.878Z","level":"INFO","event":"timer_broadcast","game":"wingo3","payload":{"minute":2,"secondtime1":2,"secondtime2":0}}
{"timestamp":"2026-09-09T07:00:40.878Z","level":"INFO","event":"timer_broadcast","game":"wingo5","payload":{"minute":4,"secondtime1":2,"secondtime2":0}}
{"timestamp":"2026-09-09T07:00:41.891Z","level":"INFO","event":"timer_broadcast","game":"wingo10","payload":{"minute":0,"secondtime1":1,"secondtime2":9}}
{"timestamp":"2026-09-09T07:00:41.892Z","level":"INFO","event":"timer_broadcast","game":"wingo","payload":{"minute":0,"secondtime1":1,"secondtime2":9}}
{"timestamp":"2026-09-09T07:00:41.893Z","level":"INFO","event":"timer_broadcast","game":"wingo3","payload":{"minute":2,"secondtime1":1,"secondtime2":9}}
{"timestamp":"2026-09-09T07:00:41.894Z","level":"INFO","event":"timer_broadcast","game":"wingo5","payload":{"minute":4,"secondtime1":1,"secondtime2":9}}
{"timestamp":"2026-09-09T07:00:42.892Z","level":"INFO","event":"timer_broadcast","game":"wingo10","payload":{"minute":0,"secondtime1":1,"secondtime2":8}}
{"timestamp":"2026-09-09T07:00:42.893Z","level":"INFO","event":"timer_broadcast","game":"wingo","payload":{"minute":0,"secondtime1":1,"secondtime2":8}}
{"timestamp":"2026-09-09T07:00:42.893Z","level":"INFO","event":"timer_broadcast","game":"wingo3","payload":{"minute":2,"secondtime1":1,"secondtime2":8}}
{"timestamp":"2026-09-09T07:00:42.894Z","level":"INFO","event":"timer_broadcast","game":"wingo5","payload":{"minute":4,"secondtime1":1,"secondtime2":8}}
{"timestamp":"2026-09-09T07:00:43.893Z","level":"INFO","event":"timer_broadcast","game":"wingo10","payload":{"minute":0,"secondtime1":1,"secondtime2":7}}
{"timestamp":"2026-09-09T07:00:43.894Z","level":"INFO","event":"timer_broadcast","game":"wingo","payload":{"minute":0,"secondtime1":1,"secondtime2":7}}
{"timestamp":"2026-09-09T07:00:43.895Z","level":"INFO","event":"timer_broadcast","game":"wingo3","payload":{"minute":2,"secondtime1":1,"secondtime2":7}}
{"timestamp":"2026-09-09T07:00:43.896Z","level":"INFO","event":"timer_broadcast","game":"wingo5","payload":{"minute":4,"secondtime1":1,"secondtime2":7}}
{"timestamp":"2026-09-09T07:00:44.908Z","level":"INFO","event":"timer_broadcast","game":"wingo10","payload":{"minute":0,"secondtime1":1,"secondtime2":6}}
{"timestamp":"2026-09-09T07:00:44.909Z","level":"INFO","event":"timer_broadcast","game":"wingo","payload":{"minute":0,"secondtime1":1,"secondtime2":6}}
{"timestamp":"2026-09-09T07:00:44.909Z","level":"INFO","event":"timer_broadcast","game":"wingo3","payload":{"minute":2,"secondtime1":1,"secondtime2":6}}
{"timestamp":"2026-09-09T07:00:44.910Z","level":"INFO","event":"timer_broadcast","game":"wingo5","payload":{"minute":4,"secondtime1":1,"secondtime2":6}}
{"timestamp":"2026-09-09T07:00:45.907Z","level":"INFO","event":"timer_broadcast","game":"wingo10","payload":{"minute":0,"secondtime1":1,"secondtime2":5}}
{"timestamp":"2026-09-09T07:00:45.909Z","level":"INFO","event":"timer_broadcast","game":"wingo","payload":{"minute":0,"secondtime1":1,"secondtime2":5}}
{"timestamp":"2026-09-09T07:00:45.910Z","level":"INFO","event":"timer_broadcast","game":"wingo3","payload":{"minute":2,"secondtime1":1,"secondtime2":5}}
{"timestamp":"2026-09-09T07:00:45.910Z","level":"INFO","event":"timer_broadcast","game":"wingo5","payload":{"minute":4,"secondtime1":1,"secondtime2":5}}
{"timestamp":"2026-09-09T07:00:46.909Z","level":"INFO","event":"timer_broadcast","game":"wingo10","payload":{"minute":0,"secondtime1":1,"secondtime2":4}}
{"timestamp":"2026-09-09T07:00:46.909Z","level":"INFO","event":"timer_broadcast","game":"wingo","payload":{"minute":0,"secondtime1":1,"secondtime2":4}}
{"timestamp":"2026-09-09T07:00:46.910Z","level":"INFO","event":"timer_broadcast","game":"wingo3","payload":{"minute":2,"secondtime1":1,"secondtime2":4}}
{"timestamp":"2026-09-09T07:00:46.910Z","level":"INFO","event":"timer_broadcast","game":"wingo5","payload":{"minute":4,"secondtime1":1,"secondtime2":4}}
{"timestamp":"2026-09-09T07:00:47.909Z","level":"INFO","event":"timer_broadcast","game":"wingo10","payload":{"minute":0,"secondtime1":1,"secondtime2":3}}
{"timestamp":"2026-09-09T07:00:47.911Z","level":"INFO","event":"timer_broadcast","game":"wingo","payload":{"minute":0,"secondtime1":1,"secondtime2":3}}
{"timestamp":"2026-09-09T07:00:47.911Z","level":"INFO","event":"timer_broadcast","game":"wingo3","payload":{"minute":2,"secondtime1":1,"secondtime2":3}}
{"timestamp":"2026-09-09T07:00:47.912Z","level":"INFO","event":"timer_broadcast","game":"wingo5","payload":{"minute":4,"secondtime1":1,"secondtime2":3}}
{"timestamp":"2026-09-09T07:00:48.909Z","level":"INFO","event":"timer_broadcast","game":"wingo10","payload":{"minute":0,"secondtime1":1,"secondtime2":2}}
{"timestamp":"2026-09-09T07:00:48.910Z","level":"INFO","event":"timer_broadcast","game":"wingo","payload":{"minute":0,"secondtime1":1,"secondtime2":2}}
{"timestamp":"2026-09-09T07:00:48.911Z","level":"INFO","event":"timer_broadcast","game":"wingo3","payload":{"minute":2,"secondtime1":1,"secondtime2":2}}
{"timestamp":"2026-09-09T07:00:48.912Z","level":"INFO","event":"timer_broadcast","game":"wingo5","payload":{"minute":4,"secondtime1":1,"secondtime2":2}}
{"timestamp":"2026-09-09T07:00:49.909Z","level":"INFO","event":"timer_broadcast","game":"wingo10","payload":{"minute":0,"secondtime1":1,"secondtime2":1}}
{"timestamp":"2026-09-09T07:00:49.910Z","level":"INFO","event":"timer_broadcast","game":"wingo","payload":{"minute":0,"secondtime1":1,"secondtime2":1}}
{"timestamp":"2026-09-09T07:00:49.911Z","level":"INFO","event":"timer_broadcast","game":"wingo3","payload":{"minute":2,"secondtime1":1,"secondtime2":1}}
{"timestamp":"2026-09-09T07:00:49.911Z","level":"INFO","event":"timer_broadcast","game":"wingo5","payload":{"minute":4,"secondtime1":1,"secondtime2":1}}
{"timestamp":"2026-09-09T07:00:50.910Z","level":"INFO","event":"timer_broadcast","game":"wingo10","payload":{"minute":0,"secondtime1":1,"secondtime2":0}}
{"timestamp":"2026-09-09T07:00:50.911Z","level":"INFO","event":"timer_broadcast","game":"wingo","payload":{"minute":0,"secondtime1":1,"secondtime2":0}}
{"timestamp":"2026-09-09T07:00:50.911Z","level":"INFO","event":"timer_broadcast","game":"wingo3","payload":{"minute":2,"secondtime1":1,"secondtime2":0}}
{"timestamp":"2026-09-09T07:00:50.912Z","level":"INFO","event":"timer_broadcast","game":"wingo5","payload":{"minute":4,"secondtime1":1,"secondtime2":0}}
{"timestamp":"2026-09-09T07:00:51.925Z","level":"INFO","event":"timer_broadcast","game":"wingo10","payload":{"minute":0,"secondtime1":0,"secondtime2":9}}
{"timestamp":"2026-09-09T07:00:51.926Z","level":"INFO","event":"timer_broadcast","game":"wingo","payload":{"minute":0,"secondtime1":0,"secondtime2":9}}
{"timestamp":"2026-09-09T07:00:51.926Z","level":"INFO","event":"timer_broadcast","game":"wingo3","payload":{"minute":2,"secondtime1":0,"secondtime2":9}}
{"timestamp":"2026-09-09T07:00:51.927Z","level":"INFO","event":"timer_broadcast","game":"wingo5","payload":{"minute":4,"secondtime1":0,"secondtime2":9}}
{"timestamp":"2026-09-09T07:00:52.926Z","level":"INFO","event":"timer_broadcast","game":"wingo10","payload":{"minute":0,"secondtime1":0,"secondtime2":8}}
{"timestamp":"2026-09-09T07:00:52.927Z","level":"INFO","event":"timer_broadcast","game":"wingo","payload":{"minute":0,"secondtime1":0,"secondtime2":8}}
{"timestamp":"2026-09-09T07:00:52.928Z","level":"INFO","event":"timer_broadcast","game":"wingo3","payload":{"minute":2,"secondtime1":0,"secondtime2":8}}
{"timestamp":"2026-09-09T07:00:52.928Z","level":"INFO","event":"timer_broadcast","game":"wingo5","payload":{"minute":4,"secondtime1":0,"secondtime2":8}}
{"timestamp":"2026-09-09T07:00:53.942Z","level":"INFO","event":"timer_broadcast","game":"wingo10","payload":{"minute":0,"secondtime1":0,"secondtime2":7}}
{"timestamp":"2026-09-09T07:00:53.943Z","level":"INFO","event":"timer_broadcast","game":"wingo","payload":{"minute":0,"secondtime1":0,"secondtime2":7}}
{"timestamp":"2026-09-09T07:00:53.944Z","level":"INFO","event":"timer_broadcast","game":"wingo3","payload":{"minute":2,"secondtime1":0,"secondtime2":7}}
{"timestamp":"2026-09-09T07:00:53.945Z","level":"INFO","event":"timer_broadcast","game":"wingo5","payload":{"minute":4,"secondtime1":0,"secondtime2":7}}
{"timestamp":"2026-09-09T07:00:54.942Z","level":"INFO","event":"timer_broadcast","game":"wingo10","payload":{"minute":0,"secondtime1":0,"secondtime2":6}}
{"timestamp":"2026-09-09T07:00:54.943Z","level":"INFO","event":"timer_broadcast","game":"wingo","payload":{"minute":0,"secondtime1":0,"secondtime2":6}}
{"timestamp":"2026-09-09T07:00:54.944Z","level":"INFO","event":"timer_broadcast","game":"wingo3","payload":{"minute":2,"secondtime1":0,"secondtime2":6}}
{"timestamp":"2026-09-09T07:00:54.944Z","level":"INFO","event":"timer_broadcast","game":"wingo5","payload":{"minute":4,"secondtime1":0,"secondtime2":6}}
{"timestamp":"2026-09-09T07:00:55.959Z","level":"INFO","event":"timer_broadcast","game":"wingo10","payload":{"minute":0,"secondtime1":0,"secondtime2":5}}
{"timestamp":"2026-09-09T07:00:55.960Z","level":"INFO","event":"timer_broadcast","game":"wingo","payload":{"minute":0,"secondtime1":0,"secondtime2":5}}
{"timestamp":"2026-09-09T07:00:55.961Z","level":"INFO","event":"timer_broadcast","game":"wingo3","payload":{"minute":2,"secondtime1":0,"secondtime2":5}}
{"timestamp":"2026-09-09T07:00:55.962Z","level":"INFO","event":"timer_broadcast","game":"wingo5","payload":{"minute":4,"secondtime1":0,"secondtime2":5}}
{"timestamp":"2026-09-09T07:00:56.960Z","level":"INFO","event":"timer_broadcast","game":"wingo10","payload":{"minute":0,"secondtime1":0,"secondtime2":4}}
{"timestamp":"2026-09-09T07:00:56.961Z","level":"INFO","event":"timer_broadcast","game":"wingo","payload":{"minute":0,"secondtime1":0,"secondtime2":4}}
{"timestamp":"2026-09-09T07:00:56.961Z","level":"INFO","event":"timer_broadcast","game":"wingo3","payload":{"minute":2,"secondtime1":0,"secondtime2":4}}
{"timestamp":"2026-09-09T07:00:56.962Z","level":"INFO","event":"timer_broadcast","game":"wingo5","payload":{"minute":4,"secondtime1":0,"secondtime2":4}}
{"timestamp":"2026-09-09T07:00:57.975Z","level":"INFO","event":"timer_broadcast","game":"wingo10","payload":{"minute":0,"secondtime1":0,"secondtime2":3}}
{"timestamp":"2026-09-09T07:00:57.976Z","level":"INFO","event":"timer_broadcast","game":"wingo","payload":{"minute":0,"secondtime1":0,"secondtime2":3}}
{"timestamp":"2026-09-09T07:00:57.977Z","level":"INFO","event":"timer_broadcast","game":"wingo3","payload":{"minute":2,"secondtime1":0,"secondtime2":3}}
{"timestamp":"2026-09-09T07:00:57.977Z","level":"INFO","event":"timer_broadcast","game":"wingo5","payload":{"minute":4,"secondtime1":0,"secondtime2":3}}
{"timestamp":"2026-09-09T07:00:58.975Z","level":"INFO","event":"timer_broadcast","game":"wingo10","payload":{"minute":0,"secondtime1":0,"secondtime2":2}}
{"timestamp":"2026-09-09T07:00:58.976Z","level":"INFO","event":"timer_broadcast","game":"wingo","payload":{"minute":0,"secondtime1":0,"secondtime2":2}}
{"timestamp":"2026-09-09T07:00:58.976Z","level":"INFO","event":"timer_broadcast","game":"wingo3","payload":{"minute":2,"secondtime1":0,"secondtime2":2}}
{"timestamp":"2026-09-09T07:00:58.977Z","level":"INFO","event":"timer_broadcast","game":"wingo5","payload":{"minute":4,"secondtime1":0,"secondtime2":2}}
{"timestamp":"2026-09-09T07:00:59.976Z","level":"INFO","event":"timer_broadcast","game":"wingo10","payload":{"minute":0,"secondtime1":0,"secondtime2":1}}
{"timestamp":"2026-09-09T07:00:59.976Z","level":"INFO","event":"timer_broadcast","game":"wingo","payload":{"minute":0,"secondtime1":0,"secondtime2":1}}
{"timestamp":"2026-09-09T07:00:59.977Z","level":"INFO","event":"timer_broadcast","game":"wingo3","payload":{"minute":2,"secondtime1":0,"secondtime2":1}}
{"timestamp":"2026-09-09T07:00:59.978Z","level":"INFO","event":"timer_broadcast","game":"wingo5","payload":{"minute":4,"secondtime1":0,"secondtime2":1}}
{"timestamp":"2026-09-09T07:01:00.975Z","level":"INFO","event":"timer_broadcast","game":"wingo10","payload":{"minute":0,"secondtime1":3,"secondtime2":0}}
{"timestamp":"2026-09-09T07:01:00.976Z","level":"INFO","event":"timer_broadcast","game":"wingo","payload":{"minute":1,"secondtime1":0,"secondtime2":0}}
{"timestamp":"2026-09-09T07:01:00.977Z","level":"INFO","event":"timer_broadcast","game":"wingo3","payload":{"minute":2,"secondtime1":0,"secondtime2":0}}
{"timestamp":"2026-09-09T07:01:00.978Z","level":"INFO","event":"timer_broadcast","game":"wingo5","payload":{"minute":4,"secondtime1":0,"secondtime2":0}}
{"timestamp":"2026-09-09T07:01:00.979Z","level":"INFO","event":"timer_boundary","game":"wingo10","intervalSeconds":30,"totalSeconds":45060,"boundary":1502}
{"timestamp":"2026-09-09T07:01:00.981Z","level":"INFO","event":"timer_boundary","game":"wingo","intervalSeconds":60,"totalSeconds":45060,"boundary":751}
{"timestamp":"2026-09-09T07:01:01.365Z","level":"INFO","event":"result_emitted","game":"wingo","period":"2667747","amount":3}
{"timestamp":"2026-09-09T07:01:01.606Z","level":"INFO","event":"result_emitted","game":"wingo10","period":"38463933","amount":8}
{"timestamp":"2026-09-09T07:01:01.976Z","level":"INFO","event":"timer_broadcast","game":"wingo10","payload":{"minute":0,"secondtime1":2,"secondtime2":9}}
{"timestamp":"2026-09-09T07:01:01.977Z","level":"INFO","event":"timer_broadcast","game":"wingo","payload":{"minute":0,"secondtime1":5,"secondtime2":9}}
{"timestamp":"2026-09-09T07:01:01.978Z","level":"INFO","event":"timer_broadcast","game":"wingo3","payload":{"minute":1,"secondtime1":5,"secondtime2":9}}
{"timestamp":"2026-09-09T07:01:01.978Z","level":"INFO","event":"timer_broadcast","game":"wingo5","payload":{"minute":3,"secondtime1":5,"secondtime2":9}}
{"timestamp":"2026-09-09T07:01:02.991Z","level":"INFO","event":"timer_broadcast","game":"wingo10","payload":{"minute":0,"secondtime1":2,"secondtime2":8}}
{"timestamp":"2026-09-09T07:01:02.992Z","level":"INFO","event":"timer_broadcast","game":"wingo","payload":{"minute":0,"secondtime1":5,"secondtime2":8}}
{"timestamp":"2026-09-09T07:01:02.993Z","level":"INFO","event":"timer_broadcast","game":"wingo3","payload":{"minute":1,"secondtime1":5,"secondtime2":8}}
{"timestamp":"2026-09-09T07:01:02.994Z","level":"INFO","event":"timer_broadcast","game":"wingo5","payload":{"minute":3,"secondtime1":5,"secondtime2":8}}
{"timestamp":"2026-09-09T07:01:03.992Z","level":"INFO","event":"timer_broadcast","game":"wingo10","payload":{"minute":0,"secondtime1":2,"secondtime2":7}}
{"timestamp":"2026-09-09T07:01:03.993Z","level":"INFO","event":"timer_broadcast","game":"wingo","payload":{"minute":0,"secondtime1":5,"secondtime2":7}}
{"timestamp":"2026-09-09T07:01:03.994Z","level":"INFO","event":"timer_broadcast","game":"wingo3","payload":{"minute":1,"secondtime1":5,"secondtime2":7}}
{"timestamp":"2026-09-09T07:01:03.995Z","level":"INFO","event":"timer_broadcast","game":"wingo5","payload":{"minute":3,"secondtime1":5,"secondtime2":7}}
{"timestamp":"2026-09-09T07:01:04.993Z","level":"INFO","event":"timer_broadcast","game":"wingo10","payload":{"minute":0,"secondtime1":2,"secondtime2":6}}
{"timestamp":"2026-09-09T07:01:04.994Z","level":"INFO","event":"timer_broadcast","game":"wingo","payload":{"minute":0,"secondtime1":5,"secondtime2":6}}
{"timestamp":"2026-09-09T07:01:04.995Z","level":"INFO","event":"timer_broadcast","game":"wingo3","payload":{"minute":1,"secondtime1":5,"secondtime2":6}}
{"timestamp":"2026-09-09T07:01:04.996Z","level":"INFO","event":"timer_broadcast","game":"wingo5","payload":{"minute":3,"secondtime1":5,"secondtime2":6}}
{"timestamp":"2026-09-09T07:01:06.009Z","level":"INFO","event":"timer_broadcast","game":"wingo10","payload":{"minute":0,"secondtime1":2,"secondtime2":4}}
{"timestamp":"2026-09-09T07:01:06.010Z","level":"INFO","event":"timer_broadcast","game":"wingo","payload":{"minute":0,"secondtime1":5,"secondtime2":4}}
{"timestamp":"2026-09-09T07:01:06.011Z","level":"INFO","event":"timer_broadcast","game":"wingo3","payload":{"minute":1,"secondtime1":5,"secondtime2":4}}
{"timestamp":"2026-09-09T07:01:06.011Z","level":"INFO","event":"timer_broadcast","game":"wingo5","payload":{"minute":3,"secondtime1":5,"secondtime2":4}}
{"timestamp":"2026-09-09T07:01:07.009Z","level":"INFO","event":"timer_broadcast","game":"wingo10","payload":{"minute":0,"secondtime1":2,"secondtime2":3}}
{"timestamp":"2026-09-09T07:01:07.010Z","level":"INFO","event":"timer_broadcast","game":"wingo","payload":{"minute":0,"secondtime1":5,"secondtime2":3}}
{"timestamp":"2026-09-09T07:01:07.010Z","level":"INFO","event":"timer_broadcast","game":"wingo3","payload":{"minute":1,"secondtime1":5,"secondtime2":3}}
{"timestamp":"2026-09-09T07:01:07.011Z","level":"INFO","event":"timer_broadcast","game":"wingo5","payload":{"minute":3,"secondtime1":5,"secondtime2":3}}
{"timestamp":"2026-09-09T07:01:08.010Z","level":"INFO","event":"timer_broadcast","game":"wingo10","payload":{"minute":0,"secondtime1":2,"secondtime2":2}}
{"timestamp":"2026-09-09T07:01:08.012Z","level":"INFO","event":"timer_broadcast","game":"wingo","payload":{"minute":0,"secondtime1":5,"secondtime2":2}}
{"timestamp":"2026-09-09T07:01:08.013Z","level":"INFO","event":"timer_broadcast","game":"wingo3","payload":{"minute":1,"secondtime1":5,"secondtime2":2}}
{"timestamp":"2026-09-09T07:01:08.014Z","level":"INFO","event":"timer_broadcast","game":"wingo5","payload":{"minute":3,"secondtime1":5,"secondtime2":2}}
{"timestamp":"2026-09-09T07:01:09.012Z","level":"INFO","event":"timer_broadcast","game":"wingo10","payload":{"minute":0,"secondtime1":2,"secondtime2":1}}
{"timestamp":"2026-09-09T07:01:09.013Z","level":"INFO","event":"timer_broadcast","game":"wingo","payload":{"minute":0,"secondtime1":5,"secondtime2":1}}
{"timestamp":"2026-09-09T07:01:09.013Z","level":"INFO","event":"timer_broadcast","game":"wingo3","payload":{"minute":1,"secondtime1":5,"secondtime2":1}}
{"timestamp":"2026-09-09T07:01:09.014Z","level":"INFO","event":"timer_broadcast","game":"wingo5","payload":{"minute":3,"secondtime1":5,"secondtime2":1}}
{"timestamp":"2026-09-09T07:01:10.025Z","level":"INFO","event":"timer_broadcast","game":"wingo10","payload":{"minute":0,"secondtime1":2,"secondtime2":0}}
{"timestamp":"2026-09-09T07:01:10.026Z","level":"INFO","event":"timer_broadcast","game":"wingo","payload":{"minute":0,"secondtime1":5,"secondtime2":0}}
{"timestamp":"2026-09-09T07:01:10.027Z","level":"INFO","event":"timer_broadcast","game":"wingo3","payload":{"minute":1,"secondtime1":5,"secondtime2":0}}
{"timestamp":"2026-09-09T07:01:10.028Z","level":"INFO","event":"timer_broadcast","game":"wingo5","payload":{"minute":3,"secondtime1":5,"secondtime2":0}}
{"timestamp":"2026-09-09T07:01:11.026Z","level":"INFO","event":"timer_broadcast","game":"wingo10","payload":{"minute":0,"secondtime1":1,"secondtime2":9}}
{"timestamp":"2026-09-09T07:01:11.026Z","level":"INFO","event":"timer_broadcast","game":"wingo","payload":{"minute":0,"secondtime1":4,"secondtime2":9}}
{"timestamp":"2026-09-09T07:01:11.027Z","level":"INFO","event":"timer_broadcast","game":"wingo3","payload":{"minute":1,"secondtime1":4,"secondtime2":9}}
{"timestamp":"2026-09-09T07:01:11.027Z","level":"INFO","event":"timer_broadcast","game":"wingo5","payload":{"minute":3,"secondtime1":4,"secondtime2":9}}
{"timestamp":"2026-09-09T07:01:12.026Z","level":"INFO","event":"timer_broadcast","game":"wingo10","payload":{"minute":0,"secondtime1":1,"secondtime2":8}}
{"timestamp":"2026-09-09T07:01:12.026Z","level":"INFO","event":"timer_broadcast","game":"wingo","payload":{"minute":0,"secondtime1":4,"secondtime2":8}}
{"timestamp":"2026-09-09T07:01:12.027Z","level":"INFO","event":"timer_broadcast","game":"wingo3","payload":{"minute":1,"secondtime1":4,"secondtime2":8}}
{"timestamp":"2026-09-09T07:01:12.027Z","level":"INFO","event":"timer_broadcast","game":"wingo5","payload":{"minute":3,"secondtime1":4,"secondtime2":8}}
{"timestamp":"2026-09-09T07:01:13.026Z","level":"INFO","event":"timer_broadcast","game":"wingo10","payload":{"minute":0,"secondtime1":1,"secondtime2":7}}
{"timestamp":"2026-09-09T07:01:13.027Z","level":"INFO","event":"timer_broadcast","game":"wingo","payload":{"minute":0,"secondtime1":4,"secondtime2":7}}
{"timestamp":"2026-09-09T07:01:13.027Z","level":"INFO","event":"timer_broadcast","game":"wingo3","payload":{"minute":1,"secondtime1":4,"secondtime2":7}}
{"timestamp":"2026-09-09T07:01:13.028Z","level":"INFO","event":"timer_broadcast","game":"wingo5","payload":{"minute":3,"secondtime1":4,"secondtime2":7}}
{"timestamp":"2026-09-09T07:01:14.026Z","level":"INFO","event":"timer_broadcast","game":"wingo10","payload":{"minute":0,"secondtime1":1,"secondtime2":6}}
{"timestamp":"2026-09-09T07:01:14.026Z","level":"INFO","event":"timer_broadcast","game":"wingo","payload":{"minute":0,"secondtime1":4,"secondtime2":6}}
{"timestamp":"2026-09-09T07:01:14.027Z","level":"INFO","event":"timer_broadcast","game":"wingo3","payload":{"minute":1,"secondtime1":4,"secondtime2":6}}
{"timestamp":"2026-09-09T07:01:14.027Z","level":"INFO","event":"timer_broadcast","game":"wingo5","payload":{"minute":3,"secondtime1":4,"secondtime2":6}}
{"timestamp":"2026-09-09T07:01:15.026Z","level":"INFO","event":"timer_broadcast","game":"wingo10","payload":{"minute":0,"secondtime1":1,"secondtime2":5}}
{"timestamp":"2026-09-09T07:01:15.027Z","level":"INFO","event":"timer_broadcast","game":"wingo","payload":{"minute":0,"secondtime1":4,"secondtime2":5}}
{"timestamp":"2026-09-09T07:01:15.027Z","level":"INFO","event":"timer_broadcast","game":"wingo3","payload":{"minute":1,"secondtime1":4,"secondtime2":5}}
{"timestamp":"2026-09-09T07:01:15.028Z","level":"INFO","event":"timer_broadcast","game":"wingo5","payload":{"minute":3,"secondtime1":4,"secondtime2":5}}
{"timestamp":"2026-09-09T07:01:16.041Z","level":"INFO","event":"timer_broadcast","game":"wingo10","payload":{"minute":0,"secondtime1":1,"secondtime2":4}}
{"timestamp":"2026-09-09T07:01:16.042Z","level":"INFO","event":"timer_broadcast","game":"wingo","payload":{"minute":0,"secondtime1":4,"secondtime2":4}}
{"timestamp":"2026-09-09T07:01:16.042Z","level":"INFO","event":"timer_broadcast","game":"wingo3","payload":{"minute":1,"secondtime1":4,"secondtime2":4}}
{"timestamp":"2026-09-09T07:01:16.043Z","level":"INFO","event":"timer_broadcast","game":"wingo5","payload":{"minute":3,"secondtime1":4,"secondtime2":4}}
{"timestamp":"2026-09-09T07:01:17.041Z","level":"INFO","event":"timer_broadcast","game":"wingo10","payload":{"minute":0,"secondtime1":1,"secondtime2":3}}
{"timestamp":"2026-09-09T07:01:17.042Z","level":"INFO","event":"timer_broadcast","game":"wingo","payload":{"minute":0,"secondtime1":4,"secondtime2":3}}
{"timestamp":"2026-09-09T07:01:17.042Z","level":"INFO","event":"timer_broadcast","game":"wingo3","payload":{"minute":1,"secondtime1":4,"secondtime2":3}}
{"timestamp":"2026-09-09T07:01:17.043Z","level":"INFO","event":"timer_broadcast","game":"wingo5","payload":{"minute":3,"secondtime1":4,"secondtime2":3}}
{"timestamp":"2026-09-09T07:01:18.043Z","level":"INFO","event":"timer_broadcast","game":"wingo10","payload":{"minute":0,"secondtime1":1,"secondtime2":2}}
{"timestamp":"2026-09-09T07:01:18.043Z","level":"INFO","event":"timer_broadcast","game":"wingo","payload":{"minute":0,"secondtime1":4,"secondtime2":2}}
{"timestamp":"2026-09-09T07:01:18.044Z","level":"INFO","event":"timer_broadcast","game":"wingo3","payload":{"minute":1,"secondtime1":4,"secondtime2":2}}
{"timestamp":"2026-09-09T07:01:18.044Z","level":"INFO","event":"timer_broadcast","game":"wingo5","payload":{"minute":3,"secondtime1":4,"secondtime2":2}}
{"timestamp":"2026-09-09T07:01:19.058Z","level":"INFO","event":"timer_broadcast","game":"wingo10","payload":{"minute":0,"secondtime1":1,"secondtime2":1}}
{"timestamp":"2026-09-09T07:01:19.059Z","level":"INFO","event":"timer_broadcast","game":"wingo","payload":{"minute":0,"secondtime1":4,"secondtime2":1}}
{"timestamp":"2026-09-09T07:01:19.059Z","level":"INFO","event":"timer_broadcast","game":"wingo3","payload":{"minute":1,"secondtime1":4,"secondtime2":1}}
{"timestamp":"2026-09-09T07:01:19.060Z","level":"INFO","event":"timer_broadcast","game":"wingo5","payload":{"minute":3,"secondtime1":4,"secondtime2":1}}
{"timestamp":"2026-09-09T07:01:20.074Z","level":"INFO","event":"timer_broadcast","game":"wingo10","payload":{"minute":0,"secondtime1":1,"secondtime2":0}}
{"timestamp":"2026-09-09T07:01:20.075Z","level":"INFO","event":"timer_broadcast","game":"wingo","payload":{"minute":0,"secondtime1":4,"secondtime2":0}}
{"timestamp":"2026-09-09T07:01:20.076Z","level":"INFO","event":"timer_broadcast","game":"wingo3","payload":{"minute":1,"secondtime1":4,"secondtime2":0}}
{"timestamp":"2026-09-09T07:01:20.076Z","level":"INFO","event":"timer_broadcast","game":"wingo5","payload":{"minute":3,"secondtime1":4,"secondtime2":0}}
{"timestamp":"2026-09-09T07:01:21.075Z","level":"INFO","event":"timer_broadcast","game":"wingo10","payload":{"minute":0,"secondtime1":0,"secondtime2":9}}
{"timestamp":"2026-09-09T07:01:21.075Z","level":"INFO","event":"timer_broadcast","game":"wingo","payload":{"minute":0,"secondtime1":3,"secondtime2":9}}
{"timestamp":"2026-09-09T07:01:21.076Z","level":"INFO","event":"timer_broadcast","game":"wingo3","payload":{"minute":1,"secondtime1":3,"secondtime2":9}}
{"timestamp":"2026-09-09T07:01:21.077Z","level":"INFO","event":"timer_broadcast","game":"wingo5","payload":{"minute":3,"secondtime1":3,"secondtime2":9}}
{"timestamp":"2026-09-09T07:01:22.075Z","level":"INFO","event":"timer_broadcast","game":"wingo10","payload":{"minute":0,"secondtime1":0,"secondtime2":8}}
{"timestamp":"2026-09-09T07:01:22.076Z","level":"INFO","event":"timer_broadcast","game":"wingo","payload":{"minute":0,"secondtime1":3,"secondtime2":8}}
{"timestamp":"2026-09-09T07:01:22.076Z","level":"INFO","event":"timer_broadcast","game":"wingo3","payload":{"minute":1,"secondtime1":3,"secondtime2":8}}
{"timestamp":"2026-09-09T07:01:22.077Z","level":"INFO","event":"timer_broadcast","game":"wingo5","payload":{"minute":3,"secondtime1":3,"secondtime2":8}}
{"timestamp":"2026-09-09T07:01:23.077Z","level":"INFO","event":"timer_broadcast","game":"wingo10","payload":{"minute":0,"secondtime1":0,"secondtime2":7}}
{"timestamp":"2026-09-09T07:01:23.078Z","level":"INFO","event":"timer_broadcast","game":"wingo","payload":{"minute":0,"secondtime1":3,"secondtime2":7}}
{"timestamp":"2026-09-09T07:01:23.078Z","level":"INFO","event":"timer_broadcast","game":"wingo3","payload":{"minute":1,"secondtime1":3,"secondtime2":7}}
{"timestamp":"2026-09-09T07:01:23.079Z","level":"INFO","event":"timer_broadcast","game":"wingo5","payload":{"minute":3,"secondtime1":3,"secondtime2":7}}
{"timestamp":"2026-09-09T07:01:24.092Z","level":"INFO","event":"timer_broadcast","game":"wingo10","payload":{"minute":0,"secondtime1":0,"secondtime2":6}}
{"timestamp":"2026-09-09T07:01:24.092Z","level":"INFO","event":"timer_broadcast","game":"wingo","payload":{"minute":0,"secondtime1":3,"secondtime2":6}}
{"timestamp":"2026-09-09T07:01:24.093Z","level":"INFO","event":"timer_broadcast","game":"wingo3","payload":{"minute":1,"secondtime1":3,"secondtime2":6}}
{"timestamp":"2026-09-09T07:01:24.094Z","level":"INFO","event":"timer_broadcast","game":"wingo5","payload":{"minute":3,"secondtime1":3,"secondtime2":6}}
{"timestamp":"2026-09-09T07:01:25.093Z","level":"INFO","event":"timer_broadcast","game":"wingo10","payload":{"minute":0,"secondtime1":0,"secondtime2":5}}
{"timestamp":"2026-09-09T07:01:25.093Z","level":"INFO","event":"timer_broadcast","game":"wingo","payload":{"minute":0,"secondtime1":3,"secondtime2":5}}
{"timestamp":"2026-09-09T07:01:25.094Z","level":"INFO","event":"timer_broadcast","game":"wingo3","payload":{"minute":1,"secondtime1":3,"secondtime2":5}}
{"timestamp":"2026-09-09T07:01:25.094Z","level":"INFO","event":"timer_broadcast","game":"wingo5","payload":{"minute":3,"secondtime1":3,"secondtime2":5}}
{"timestamp":"2026-09-09T07:01:26.093Z","level":"INFO","event":"timer_broadcast","game":"wingo10","payload":{"minute":0,"secondtime1":0,"secondtime2":4}}
{"timestamp":"2026-09-09T07:01:26.094Z","level":"INFO","event":"timer_broadcast","game":"wingo","payload":{"minute":0,"secondtime1":3,"secondtime2":4}}
{"timestamp":"2026-09-09T07:01:26.095Z","level":"INFO","event":"timer_broadcast","game":"wingo3","payload":{"minute":1,"secondtime1":3,"secondtime2":4}}
{"timestamp":"2026-09-09T07:01:26.095Z","level":"INFO","event":"timer_broadcast","game":"wingo5","payload":{"minute":3,"secondtime1":3,"secondtime2":4}}
{"timestamp":"2026-09-09T07:01:27.094Z","level":"INFO","event":"timer_broadcast","game":"wingo10","payload":{"minute":0,"secondtime1":0,"secondtime2":3}}
{"timestamp":"2026-09-09T07:01:27.094Z","level":"INFO","event":"timer_broadcast","game":"wingo","payload":{"minute":0,"secondtime1":3,"secondtime2":3}}
{"timestamp":"2026-09-09T07:01:27.095Z","level":"INFO","event":"timer_broadcast","game":"wingo3","payload":{"minute":1,"secondtime1":3,"secondtime2":3}}
{"timestamp":"2026-09-09T07:01:27.095Z","level":"INFO","event":"timer_broadcast","game":"wingo5","payload":{"minute":3,"secondtime1":3,"secondtime2":3}}
{"timestamp":"2026-09-09T07:01:28.108Z","level":"INFO","event":"timer_broadcast","game":"wingo10","payload":{"minute":0,"secondtime1":0,"secondtime2":2}}
{"timestamp":"2026-09-09T07:01:28.109Z","level":"INFO","event":"timer_broadcast","game":"wingo","payload":{"minute":0,"secondtime1":3,"secondtime2":2}}
{"timestamp":"2026-09-09T07:01:28.110Z","level":"INFO","event":"timer_broadcast","game":"wingo3","payload":{"minute":1,"secondtime1":3,"secondtime2":2}}
{"timestamp":"2026-09-09T07:01:28.110Z","level":"INFO","event":"timer_broadcast","game":"wingo5","payload":{"minute":3,"secondtime1":3,"secondtime2":2}}
{"timestamp":"2026-09-09T07:01:29.109Z","level":"INFO","event":"timer_broadcast","game":"wingo10","payload":{"minute":0,"secondtime1":0,"secondtime2":1}}
{"timestamp":"2026-09-09T07:01:29.110Z","level":"INFO","event":"timer_broadcast","game":"wingo","payload":{"minute":0,"secondtime1":3,"secondtime2":1}}
{"timestamp":"2026-09-09T07:01:29.110Z","level":"INFO","event":"timer_broadcast","game":"wingo3","payload":{"minute":1,"secondtime1":3,"secondtime2":1}}
{"timestamp":"2026-09-09T07:01:29.111Z","level":"INFO","event":"timer_broadcast","game":"wingo5","payload":{"minute":3,"secondtime1":3,"secondtime2":1}}
{"timestamp":"2026-09-09T07:01:30.124Z","level":"INFO","event":"timer_broadcast","game":"wingo10","payload":{"minute":0,"secondtime1":3,"secondtime2":0}}
{"timestamp":"2026-09-09T07:01:30.125Z","level":"INFO","event":"timer_broadcast","game":"wingo","payload":{"minute":0,"secondtime1":3,"secondtime2":0}}
{"timestamp":"2026-09-09T07:01:30.125Z","level":"INFO","event":"timer_broadcast","game":"wingo3","payload":{"minute":1,"secondtime1":3,"secondtime2":0}}
{"timestamp":"2026-09-09T07:01:30.126Z","level":"INFO","event":"timer_broadcast","game":"wingo5","payload":{"minute":3,"secondtime1":3,"secondtime2":0}}
{"timestamp":"2026-09-09T07:01:30.127Z","level":"INFO","event":"timer_boundary","game":"wingo10","intervalSeconds":30,"totalSeconds":45090,"boundary":1503}
{"timestamp":"2026-09-09T07:01:30.541Z","level":"INFO","event":"result_emitted","game":"wingo10","period":"38463935","amount":2}
{"timestamp":"2026-09-09T07:01:31.126Z","level":"INFO","event":"timer_broadcast","game":"wingo10","payload":{"minute":0,"secondtime1":2,"secondtime2":9}}
{"timestamp":"2026-09-09T07:01:31.127Z","level":"INFO","event":"timer_broadcast","game":"wingo","payload":{"minute":0,"secondtime1":2,"secondtime2":9}}
{"timestamp":"2026-09-09T07:01:31.127Z","level":"INFO","event":"timer_broadcast","game":"wingo3","payload":{"minute":1,"secondtime1":2,"secondtime2":9}}
{"timestamp":"2026-09-09T07:01:31.128Z","level":"INFO","event":"timer_broadcast","game":"wingo5","payload":{"minute":3,"secondtime1":2,"secondtime2":9}}
{"timestamp":"2026-09-09T07:01:32.126Z","level":"INFO","event":"timer_broadcast","game":"wingo10","payload":{"minute":0,"secondtime1":2,"secondtime2":8}}
{"timestamp":"2026-09-09T07:01:32.127Z","level":"INFO","event":"timer_broadcast","game":"wingo","payload":{"minute":0,"secondtime1":2,"secondtime2":8}}
{"timestamp":"2026-09-09T07:01:32.127Z","level":"INFO","event":"timer_broadcast","game":"wingo3","payload":{"minute":1,"secondtime1":2,"secondtime2":8}}
{"timestamp":"2026-09-09T07:01:32.128Z","level":"INFO","event":"timer_broadcast","game":"wingo5","payload":{"minute":3,"secondtime1":2,"secondtime2":8}}
{"timestamp":"2026-09-09T07:01:33.126Z","level":"INFO","event":"timer_broadcast","game":"wingo10","payload":{"minute":0,"secondtime1":2,"secondtime2":7}}
{"timestamp":"2026-09-09T07:01:33.127Z","level":"INFO","event":"timer_broadcast","game":"wingo","payload":{"minute":0,"secondtime1":2,"secondtime2":7}}
{"timestamp":"2026-09-09T07:01:33.127Z","level":"INFO","event":"timer_broadcast","game":"wingo3","payload":{"minute":1,"secondtime1":2,"secondtime2":7}}
{"timestamp":"2026-09-09T07:01:33.128Z","level":"INFO","event":"timer_broadcast","game":"wingo5","payload":{"minute":3,"secondtime1":2,"secondtime2":7}}
{"timestamp":"2026-09-09T07:01:34.142Z","level":"INFO","event":"timer_broadcast","game":"wingo10","payload":{"minute":0,"secondtime1":2,"secondtime2":6}}
{"timestamp":"2026-09-09T07:01:34.142Z","level":"INFO","event":"timer_broadcast","game":"wingo","payload":{"minute":0,"secondtime1":2,"secondtime2":6}}
{"timestamp":"2026-09-09T07:01:34.143Z","level":"INFO","event":"timer_broadcast","game":"wingo3","payload":{"minute":1,"secondtime1":2,"secondtime2":6}}
{"timestamp":"2026-09-09T07:01:34.143Z","level":"INFO","event":"timer_broadcast","game":"wingo5","payload":{"minute":3,"secondtime1":2,"secondtime2":6}}
{"timestamp":"2026-09-09T07:01:35.143Z","level":"INFO","event":"timer_broadcast","game":"wingo10","payload":{"minute":0,"secondtime1":2,"secondtime2":5}}
{"timestamp":"2026-09-09T07:01:35.143Z","level":"INFO","event":"timer_broadcast","game":"wingo","payload":{"minute":0,"secondtime1":2,"secondtime2":5}}
{"timestamp":"2026-09-09T07:01:35.144Z","level":"INFO","event":"timer_broadcast","game":"wingo3","payload":{"minute":1,"secondtime1":2,"secondtime2":5}}
{"timestamp":"2026-09-09T07:01:35.144Z","level":"INFO","event":"timer_broadcast","game":"wingo5","payload":{"minute":3,"secondtime1":2,"secondtime2":5}}
{"timestamp":"2026-09-09T07:01:36.143Z","level":"INFO","event":"timer_broadcast","game":"wingo10","payload":{"minute":0,"secondtime1":2,"secondtime2":4}}
{"timestamp":"2026-09-09T07:01:36.144Z","level":"INFO","event":"timer_broadcast","game":"wingo","payload":{"minute":0,"secondtime1":2,"secondtime2":4}}
{"timestamp":"2026-09-09T07:01:36.144Z","level":"INFO","event":"timer_broadcast","game":"wingo3","payload":{"minute":1,"secondtime1":2,"secondtime2":4}}
{"timestamp":"2026-09-09T07:01:36.145Z","level":"INFO","event":"timer_broadcast","game":"wingo5","payload":{"minute":3,"secondtime1":2,"secondtime2":4}}
{"timestamp":"2026-09-09T07:01:37.143Z","level":"INFO","event":"timer_broadcast","game":"wingo10","payload":{"minute":0,"secondtime1":2,"secondtime2":3}}
{"timestamp":"2026-09-09T07:01:37.143Z","level":"INFO","event":"timer_broadcast","game":"wingo","payload":{"minute":0,"secondtime1":2,"secondtime2":3}}
{"timestamp":"2026-09-09T07:01:37.144Z","level":"INFO","event":"timer_broadcast","game":"wingo3","payload":{"minute":1,"secondtime1":2,"secondtime2":3}}
{"timestamp":"2026-09-09T07:01:37.144Z","level":"INFO","event":"timer_broadcast","game":"wingo5","payload":{"minute":3,"secondtime1":2,"secondtime2":3}}
{"timestamp":"2026-09-09T07:01:38.143Z","level":"INFO","event":"timer_broadcast","game":"wingo10","payload":{"minute":0,"secondtime1":2,"secondtime2":2}}
{"timestamp":"2026-09-09T07:01:38.144Z","level":"INFO","event":"timer_broadcast","game":"wingo","payload":{"minute":0,"secondtime1":2,"secondtime2":2}}
{"timestamp":"2026-09-09T07:01:38.144Z","level":"INFO","event":"timer_broadcast","game":"wingo3","payload":{"minute":1,"secondtime1":2,"secondtime2":2}}
{"timestamp":"2026-09-09T07:01:38.145Z","level":"INFO","event":"timer_broadcast","game":"wingo5","payload":{"minute":3,"secondtime1":2,"secondtime2":2}}
{"timestamp":"2026-09-09T07:01:39.142Z","level":"INFO","event":"timer_broadcast","game":"wingo10","payload":{"minute":0,"secondtime1":2,"secondtime2":1}}
{"timestamp":"2026-09-09T07:01:39.143Z","level":"INFO","event":"timer_broadcast","game":"wingo","payload":{"minute":0,"secondtime1":2,"secondtime2":1}}
{"timestamp":"2026-09-09T07:01:39.143Z","level":"INFO","event":"timer_broadcast","game":"wingo3","payload":{"minute":1,"secondtime1":2,"secondtime2":1}}
{"timestamp":"2026-09-09T07:01:39.144Z","level":"INFO","event":"timer_broadcast","game":"wingo5","payload":{"minute":3,"secondtime1":2,"secondtime2":1}}
{"timestamp":"2026-09-09T07:01:40.159Z","level":"INFO","event":"timer_broadcast","game":"wingo10","payload":{"minute":0,"secondtime1":2,"secondtime2":0}}
{"timestamp":"2026-09-09T07:01:40.159Z","level":"INFO","event":"timer_broadcast","game":"wingo","payload":{"minute":0,"secondtime1":2,"secondtime2":0}}
{"timestamp":"2026-09-09T07:01:40.160Z","level":"INFO","event":"timer_broadcast","game":"wingo3","payload":{"minute":1,"secondtime1":2,"secondtime2":0}}
{"timestamp":"2026-09-09T07:01:40.160Z","level":"INFO","event":"timer_broadcast","game":"wingo5","payload":{"minute":3,"secondtime1":2,"secondtime2":0}}
{"timestamp":"2026-09-09T07:01:41.160Z","level":"INFO","event":"timer_broadcast","game":"wingo10","payload":{"minute":0,"secondtime1":1,"secondtime2":9}}
{"timestamp":"2026-09-09T07:01:41.161Z","level":"INFO","event":"timer_broadcast","game":"wingo","payload":{"minute":0,"secondtime1":1,"secondtime2":9}}
{"timestamp":"2026-09-09T07:01:41.161Z","level":"INFO","event":"timer_broadcast","game":"wingo3","payload":{"minute":1,"secondtime1":1,"secondtime2":9}}
{"timestamp":"2026-09-09T07:01:41.162Z","level":"INFO","event":"timer_broadcast","game":"wingo5","payload":{"minute":3,"secondtime1":1,"secondtime2":9}}
{"timestamp":"2026-09-09T07:01:42.160Z","level":"INFO","event":"timer_broadcast","game":"wingo10","payload":{"minute":0,"secondtime1":1,"secondtime2":8}}
{"timestamp":"2026-09-09T07:01:42.160Z","level":"INFO","event":"timer_broadcast","game":"wingo","payload":{"minute":0,"secondtime1":1,"secondtime2":8}}
{"timestamp":"2026-09-09T07:01:42.161Z","level":"INFO","event":"timer_broadcast","game":"wingo3","payload":{"minute":1,"secondtime1":1,"secondtime2":8}}
{"timestamp":"2026-09-09T07:01:42.161Z","level":"INFO","event":"timer_broadcast","game":"wingo5","payload":{"minute":3,"secondtime1":1,"secondtime2":8}}
{"timestamp":"2026-09-09T07:01:43.160Z","level":"INFO","event":"timer_broadcast","game":"wingo10","payload":{"minute":0,"secondtime1":1,"secondtime2":7}}
{"timestamp":"2026-09-09T07:01:43.161Z","level":"INFO","event":"timer_broadcast","game":"wingo","payload":{"minute":0,"secondtime1":1,"secondtime2":7}}
{"timestamp":"2026-09-09T07:01:43.162Z","level":"INFO","event":"timer_broadcast","game":"wingo3","payload":{"minute":1,"secondtime1":1,"secondtime2":7}}
{"timestamp":"2026-09-09T07:01:43.162Z","level":"INFO","event":"timer_broadcast","game":"wingo5","payload":{"minute":3,"secondtime1":1,"secondtime2":7}}
{"timestamp":"2026-09-09T07:01:44.160Z","level":"INFO","event":"timer_broadcast","game":"wingo10","payload":{"minute":0,"secondtime1":1,"secondtime2":6}}
{"timestamp":"2026-09-09T07:01:44.160Z","level":"INFO","event":"timer_broadcast","game":"wingo","payload":{"minute":0,"secondtime1":1,"secondtime2":6}}
{"timestamp":"2026-09-09T07:01:44.161Z","level":"INFO","event":"timer_broadcast","game":"wingo3","payload":{"minute":1,"secondtime1":1,"secondtime2":6}}
{"timestamp":"2026-09-09T07:01:44.161Z","level":"INFO","event":"timer_broadcast","game":"wingo5","payload":{"minute":3,"secondtime1":1,"secondtime2":6}}
{"timestamp":"2026-09-09T07:01:45.160Z","level":"INFO","event":"timer_broadcast","game":"wingo10","payload":{"minute":0,"secondtime1":1,"secondtime2":5}}
{"timestamp":"2026-09-09T07:01:45.160Z","level":"INFO","event":"timer_broadcast","game":"wingo","payload":{"minute":0,"secondtime1":1,"secondtime2":5}}
{"timestamp":"2026-09-09T07:01:45.161Z","level":"INFO","event":"timer_broadcast","game":"wingo3","payload":{"minute":1,"secondtime1":1,"secondtime2":5}}
{"timestamp":"2026-09-09T07:01:45.161Z","level":"INFO","event":"timer_broadcast","game":"wingo5","payload":{"minute":3,"secondtime1":1,"secondtime2":5}}
{"timestamp":"2026-09-09T07:01:46.176Z","level":"INFO","event":"timer_broadcast","game":"wingo10","payload":{"minute":0,"secondtime1":1,"secondtime2":4}}
{"timestamp":"2026-09-09T07:01:46.176Z","level":"INFO","event":"timer_broadcast","game":"wingo","payload":{"minute":0,"secondtime1":1,"secondtime2":4}}
{"timestamp":"2026-09-09T07:01:46.177Z","level":"INFO","event":"timer_broadcast","game":"wingo3","payload":{"minute":1,"secondtime1":1,"secondtime2":4}}
{"timestamp":"2026-09-09T07:01:46.177Z","level":"INFO","event":"timer_broadcast","game":"wingo5","payload":{"minute":3,"secondtime1":1,"secondtime2":4}}
{"timestamp":"2026-09-09T07:01:47.176Z","level":"INFO","event":"timer_broadcast","game":"wingo10","payload":{"minute":0,"secondtime1":1,"secondtime2":3}}
{"timestamp":"2026-09-09T07:01:47.177Z","level":"INFO","event":"timer_broadcast","game":"wingo","payload":{"minute":0,"secondtime1":1,"secondtime2":3}}
{"timestamp":"2026-09-09T07:01:47.178Z","level":"INFO","event":"timer_broadcast","game":"wingo3","payload":{"minute":1,"secondtime1":1,"secondtime2":3}}
{"timestamp":"2026-09-09T07:01:47.178Z","level":"INFO","event":"timer_broadcast","game":"wingo5","payload":{"minute":3,"secondtime1":1,"secondtime2":3}}
{"timestamp":"2026-09-09T07:01:48.177Z","level":"INFO","event":"timer_broadcast","game":"wingo10","payload":{"minute":0,"secondtime1":1,"secondtime2":2}}
{"timestamp":"2026-09-09T07:01:48.177Z","level":"INFO","event":"timer_broadcast","game":"wingo","payload":{"minute":0,"secondtime1":1,"secondtime2":2}}
{"timestamp":"2026-09-09T07:01:48.178Z","level":"INFO","event":"timer_broadcast","game":"wingo3","payload":{"minute":1,"secondtime1":1,"secondtime2":2}}
{"timestamp":"2026-09-09T07:01:48.178Z","level":"INFO","event":"timer_broadcast","game":"wingo5","payload":{"minute":3,"secondtime1":1,"secondtime2":2}}
{"timestamp":"2026-09-09T07:01:49.193Z","level":"INFO","event":"timer_broadcast","game":"wingo10","payload":{"minute":0,"secondtime1":1,"secondtime2":1}}
{"timestamp":"2026-09-09T07:01:49.194Z","level":"INFO","event":"timer_broadcast","game":"wingo","payload":{"minute":0,"secondtime1":1,"secondtime2":1}}
{"timestamp":"2026-09-09T07:01:49.194Z","level":"INFO","event":"timer_broadcast","game":"wingo3","payload":{"minute":1,"secondtime1":1,"secondtime2":1}}
{"timestamp":"2026-09-09T07:01:49.195Z","level":"INFO","event":"timer_broadcast","game":"wingo5","payload":{"minute":3,"secondtime1":1,"secondtime2":1}}
{"timestamp":"2026-09-09T07:01:50.193Z","level":"INFO","event":"timer_broadcast","game":"wingo10","payload":{"minute":0,"secondtime1":1,"secondtime2":0}}
{"timestamp":"2026-09-09T07:01:50.193Z","level":"INFO","event":"timer_broadcast","game":"wingo","payload":{"minute":0,"secondtime1":1,"secondtime2":0}}
{"timestamp":"2026-09-09T07:01:50.194Z","level":"INFO","event":"timer_broadcast","game":"wingo3","payload":{"minute":1,"secondtime1":1,"secondtime2":0}}
{"timestamp":"2026-09-09T07:01:50.195Z","level":"INFO","event":"timer_broadcast","game":"wingo5","payload":{"minute":3,"secondtime1":1,"secondtime2":0}}
{"timestamp":"2026-09-09T07:01:51.193Z","level":"INFO","event":"timer_broadcast","game":"wingo10","payload":{"minute":0,"secondtime1":0,"secondtime2":9}}
{"timestamp":"2026-09-09T07:01:51.194Z","level":"INFO","event":"timer_broadcast","game":"wingo","payload":{"minute":0,"secondtime1":0,"secondtime2":9}}
{"timestamp":"2026-09-09T07:01:51.194Z","level":"INFO","event":"timer_broadcast","game":"wingo3","payload":{"minute":1,"secondtime1":0,"secondtime2":9}}
{"timestamp":"2026-09-09T07:01:51.195Z","level":"INFO","event":"timer_broadcast","game":"wingo5","payload":{"minute":3,"secondtime1":0,"secondtime2":9}}
{"timestamp":"2026-09-09T07:01:52.208Z","level":"INFO","event":"timer_broadcast","game":"wingo10","payload":{"minute":0,"secondtime1":0,"secondtime2":8}}
{"timestamp":"2026-09-09T07:01:52.209Z","level":"INFO","event":"timer_broadcast","game":"wingo","payload":{"minute":0,"secondtime1":0,"secondtime2":8}}
{"timestamp":"2026-09-09T07:01:52.209Z","level":"INFO","event":"timer_broadcast","game":"wingo3","payload":{"minute":1,"secondtime1":0,"secondtime2":8}}
{"timestamp":"2026-09-09T07:01:52.210Z","level":"INFO","event":"timer_broadcast","game":"wingo5","payload":{"minute":3,"secondtime1":0,"secondtime2":8}}
{"timestamp":"2026-09-09T07:01:53.209Z","level":"INFO","event":"timer_broadcast","game":"wingo10","payload":{"minute":0,"secondtime1":0,"secondtime2":7}}
{"timestamp":"2026-09-09T07:01:53.210Z","level":"INFO","event":"timer_broadcast","game":"wingo","payload":{"minute":0,"secondtime1":0,"secondtime2":7}}
{"timestamp":"2026-09-09T07:01:53.210Z","level":"INFO","event":"timer_broadcast","game":"wingo3","payload":{"minute":1,"secondtime1":0,"secondtime2":7}}
{"timestamp":"2026-09-09T07:01:53.211Z","level":"INFO","event":"timer_broadcast","game":"wingo5","payload":{"minute":3,"secondtime1":0,"secondtime2":7}}
{"timestamp":"2026-09-09T07:01:54.209Z","level":"INFO","event":"timer_broadcast","game":"wingo10","payload":{"minute":0,"secondtime1":0,"secondtime2":6}}
{"timestamp":"2026-09-09T07:01:54.210Z","level":"INFO","event":"timer_broadcast","game":"wingo","payload":{"minute":0,"secondtime1":0,"secondtime2":6}}
{"timestamp":"2026-09-09T07:01:54.210Z","level":"INFO","event":"timer_broadcast","game":"wingo3","payload":{"minute":1,"secondtime1":0,"secondtime2":6}}
{"timestamp":"2026-09-09T07:01:54.211Z","level":"INFO","event":"timer_broadcast","game":"wingo5","payload":{"minute":3,"secondtime1":0,"secondtime2":6}}
{"timestamp":"2026-09-09T07:01:55.226Z","level":"INFO","event":"timer_broadcast","game":"wingo10","payload":{"minute":0,"secondtime1":0,"secondtime2":5}}
{"timestamp":"2026-09-09T07:01:55.227Z","level":"INFO","event":"timer_broadcast","game":"wingo","payload":{"minute":0,"secondtime1":0,"secondtime2":5}}
{"timestamp":"2026-09-09T07:01:55.227Z","level":"INFO","event":"timer_broadcast","game":"wingo3","payload":{"minute":1,"secondtime1":0,"secondtime2":5}}
{"timestamp":"2026-09-09T07:01:55.228Z","level":"INFO","event":"timer_broadcast","game":"wingo5","payload":{"minute":3,"secondtime1":0,"secondtime2":5}}
{"timestamp":"2026-09-09T07:01:56.226Z","level":"INFO","event":"timer_broadcast","game":"wingo10","payload":{"minute":0,"secondtime1":0,"secondtime2":4}}
{"timestamp":"2026-09-09T07:01:56.226Z","level":"INFO","event":"timer_broadcast","game":"wingo","payload":{"minute":0,"secondtime1":0,"secondtime2":4}}
{"timestamp":"2026-09-09T07:01:56.227Z","level":"INFO","event":"timer_broadcast","game":"wingo3","payload":{"minute":1,"secondtime1":0,"secondtime2":4}}
{"timestamp":"2026-09-09T07:01:56.228Z","level":"INFO","event":"timer_broadcast","game":"wingo5","payload":{"minute":3,"secondtime1":0,"secondtime2":4}}
{"timestamp":"2026-09-09T07:01:57.226Z","level":"INFO","event":"timer_broadcast","game":"wingo10","payload":{"minute":0,"secondtime1":0,"secondtime2":3}}
{"timestamp":"2026-09-09T07:01:57.226Z","level":"INFO","event":"timer_broadcast","game":"wingo","payload":{"minute":0,"secondtime1":0,"secondtime2":3}}
{"timestamp":"2026-09-09T07:01:57.227Z","level":"INFO","event":"timer_broadcast","game":"wingo3","payload":{"minute":1,"secondtime1":0,"secondtime2":3}}
{"timestamp":"2026-09-09T07:01:57.228Z","level":"INFO","event":"timer_broadcast","game":"wingo5","payload":{"minute":3,"secondtime1":0,"secondtime2":3}}
{"timestamp":"2026-09-09T07:01:58.226Z","level":"INFO","event":"timer_broadcast","game":"wingo10","payload":{"minute":0,"secondtime1":0,"secondtime2":2}}
{"timestamp":"2026-09-09T07:01:58.226Z","level":"INFO","event":"timer_broadcast","game":"wingo","payload":{"minute":0,"secondtime1":0,"secondtime2":2}}
{"timestamp":"2026-09-09T07:01:58.227Z","level":"INFO","event":"timer_broadcast","game":"wingo3","payload":{"minute":1,"secondtime1":0,"secondtime2":2}}
{"timestamp":"2026-09-09T07:01:58.228Z","level":"INFO","event":"timer_broadcast","game":"wingo5","payload":{"minute":3,"secondtime1":0,"secondtime2":2}}
{"timestamp":"2026-09-09T07:01:59.226Z","level":"INFO","event":"timer_broadcast","game":"wingo10","payload":{"minute":0,"secondtime1":0,"secondtime2":1}}
{"timestamp":"2026-09-09T07:01:59.227Z","level":"INFO","event":"timer_broadcast","game":"wingo","payload":{"minute":0,"secondtime1":0,"secondtime2":1}}
{"timestamp":"2026-09-09T07:01:59.227Z","level":"INFO","event":"timer_broadcast","game":"wingo3","payload":{"minute":1,"secondtime1":0,"secondtime2":1}}
{"timestamp":"2026-09-09T07:01:59.228Z","level":"INFO","event":"timer_broadcast","game":"wingo5","payload":{"minute":3,"secondtime1":0,"secondtime2":1}}
{"timestamp":"2026-09-09T07:02:00.226Z","level":"INFO","event":"timer_broadcast","game":"wingo10","payload":{"minute":0,"secondtime1":3,"secondtime2":0}}
{"timestamp":"2026-09-09T07:02:00.226Z","level":"INFO","event":"timer_broadcast","game":"wingo","payload":{"minute":1,"secondtime1":0,"secondtime2":0}}
{"timestamp":"2026-09-09T07:02:00.227Z","level":"INFO","event":"timer_broadcast","game":"wingo3","payload":{"minute":1,"secondtime1":0,"secondtime2":0}}
{"timestamp":"2026-09-09T07:02:00.228Z","level":"INFO","event":"timer_broadcast","game":"wingo5","payload":{"minute":3,"secondtime1":0,"secondtime2":0}}
{"timestamp":"2026-09-09T07:02:00.229Z","level":"INFO","event":"timer_boundary","game":"wingo10","intervalSeconds":30,"totalSeconds":45120,"boundary":1504}
{"timestamp":"2026-09-09T07:02:00.229Z","level":"INFO","event":"timer_boundary","game":"wingo","intervalSeconds":60,"totalSeconds":45120,"boundary":752}
{"timestamp":"2026-09-09T07:02:00.573Z","level":"INFO","event":"result_emitted","game":"wingo","period":"2667749","amount":3}
{"timestamp":"2026-09-09T07:02:00.579Z","level":"INFO","event":"result_emitted","game":"wingo10","period":"38463937","amount":1}
{"timestamp":"2026-09-09T07:02:01.226Z","level":"INFO","event":"timer_broadcast","game":"wingo10","payload":{"minute":0,"secondtime1":2,"secondtime2":9}}
{"timestamp":"2026-09-09T07:02:01.227Z","level":"INFO","event":"timer_broadcast","game":"wingo","payload":{"minute":0,"secondtime1":5,"secondtime2":9}}
{"timestamp":"2026-09-09T07:02:01.228Z","level":"INFO","event":"timer_broadcast","game":"wingo3","payload":{"minute":0,"secondtime1":5,"secondtime2":9}}
{"timestamp":"2026-09-09T07:02:01.228Z","level":"INFO","event":"timer_broadcast","game":"wingo5","payload":{"minute":2,"secondtime1":5,"secondtime2":9}}
{"timestamp":"2026-09-09T07:02:02.226Z","level":"INFO","event":"timer_broadcast","game":"wingo10","payload":{"minute":0,"secondtime1":2,"secondtime2":8}}
{"timestamp":"2026-09-09T07:02:02.227Z","level":"INFO","event":"timer_broadcast","game":"wingo","payload":{"minute":0,"secondtime1":5,"secondtime2":8}}
{"timestamp":"2026-09-09T07:02:02.227Z","level":"INFO","event":"timer_broadcast","game":"wingo3","payload":{"minute":0,"secondtime1":5,"secondtime2":8}}
{"timestamp":"2026-09-09T07:02:02.228Z","level":"INFO","event":"timer_broadcast","game":"wingo5","payload":{"minute":2,"secondtime1":5,"secondtime2":8}}
{"timestamp":"2026-09-09T07:02:03.227Z","level":"INFO","event":"timer_broadcast","game":"wingo10","payload":{"minute":0,"secondtime1":2,"secondtime2":7}}
{"timestamp":"2026-09-09T07:02:03.227Z","level":"INFO","event":"timer_broadcast","game":"wingo","payload":{"minute":0,"secondtime1":5,"secondtime2":7}}
{"timestamp":"2026-09-09T07:02:03.229Z","level":"INFO","event":"timer_broadcast","game":"wingo3","payload":{"minute":0,"secondtime1":5,"secondtime2":7}}
{"timestamp":"2026-09-09T07:02:03.230Z","level":"INFO","event":"timer_broadcast","game":"wingo5","payload":{"minute":2,"secondtime1":5,"secondtime2":7}}
{"timestamp":"2026-09-09T07:02:04.243Z","level":"INFO","event":"timer_broadcast","game":"wingo10","payload":{"minute":0,"secondtime1":2,"secondtime2":6}}
{"timestamp":"2026-09-09T07:02:04.244Z","level":"INFO","event":"timer_broadcast","game":"wingo","payload":{"minute":0,"secondtime1":5,"secondtime2":6}}
{"timestamp":"2026-09-09T07:02:04.244Z","level":"INFO","event":"timer_broadcast","game":"wingo3","payload":{"minute":0,"secondtime1":5,"secondtime2":6}}
{"timestamp":"2026-09-09T07:02:04.245Z","level":"INFO","event":"timer_broadcast","game":"wingo5","payload":{"minute":2,"secondtime1":5,"secondtime2":6}}
{"timestamp":"2026-09-09T07:02:05.259Z","level":"INFO","event":"timer_broadcast","game":"wingo10","payload":{"minute":0,"secondtime1":2,"secondtime2":5}}
{"timestamp":"2026-09-09T07:02:05.260Z","level":"INFO","event":"timer_broadcast","game":"wingo","payload":{"minute":0,"secondtime1":5,"secondtime2":5}}
{"timestamp":"2026-09-09T07:02:05.260Z","level":"INFO","event":"timer_broadcast","game":"wingo3","payload":{"minute":0,"secondtime1":5,"secondtime2":5}}
{"timestamp":"2026-09-09T07:02:05.261Z","level":"INFO","event":"timer_broadcast","game":"wingo5","payload":{"minute":2,"secondtime1":5,"secondtime2":5}}
{"timestamp":"2026-09-09T07:02:06.260Z","level":"INFO","event":"timer_broadcast","game":"wingo10","payload":{"minute":0,"secondtime1":2,"secondtime2":4}}
{"timestamp":"2026-09-09T07:02:06.261Z","level":"INFO","event":"timer_broadcast","game":"wingo","payload":{"minute":0,"secondtime1":5,"secondtime2":4}}
{"timestamp":"2026-09-09T07:02:06.261Z","level":"INFO","event":"timer_broadcast","game":"wingo3","payload":{"minute":0,"secondtime1":5,"secondtime2":4}}
{"timestamp":"2026-09-09T07:02:06.262Z","level":"INFO","event":"timer_broadcast","game":"wingo5","payload":{"minute":2,"secondtime1":5,"secondtime2":4}}
{"timestamp":"2026-09-09T07:02:07.260Z","level":"INFO","event":"timer_broadcast","game":"wingo10","payload":{"minute":0,"secondtime1":2,"secondtime2":3}}
{"timestamp":"2026-09-09T07:02:07.261Z","level":"INFO","event":"timer_broadcast","game":"wingo","payload":{"minute":0,"secondtime1":5,"secondtime2":3}}
{"timestamp":"2026-09-09T07:02:07.261Z","level":"INFO","event":"timer_broadcast","game":"wingo3","payload":{"minute":0,"secondtime1":5,"secondtime2":3}}
{"timestamp":"2026-09-09T07:02:07.262Z","level":"INFO","event":"timer_broadcast","game":"wingo5","payload":{"minute":2,"secondtime1":5,"secondtime2":3}}
{"timestamp":"2026-09-09T07:02:08.260Z","level":"INFO","event":"timer_broadcast","game":"wingo10","payload":{"minute":0,"secondtime1":2,"secondtime2":2}}
{"timestamp":"2026-09-09T07:02:08.261Z","level":"INFO","event":"timer_broadcast","game":"wingo","payload":{"minute":0,"secondtime1":5,"secondtime2":2}}
{"timestamp":"2026-09-09T07:02:08.262Z","level":"INFO","event":"timer_broadcast","game":"wingo3","payload":{"minute":0,"secondtime1":5,"secondtime2":2}}
{"timestamp":"2026-09-09T07:02:08.262Z","level":"INFO","event":"timer_broadcast","game":"wingo5","payload":{"minute":2,"secondtime1":5,"secondtime2":2}}
{"timestamp":"2026-09-09T07:02:09.260Z","level":"INFO","event":"timer_broadcast","game":"wingo10","payload":{"minute":0,"secondtime1":2,"secondtime2":1}}
{"timestamp":"2026-09-09T07:02:09.261Z","level":"INFO","event":"timer_broadcast","game":"wingo","payload":{"minute":0,"secondtime1":5,"secondtime2":1}}
{"timestamp":"2026-09-09T07:02:09.262Z","level":"INFO","event":"timer_broadcast","game":"wingo3","payload":{"minute":0,"secondtime1":5,"secondtime2":1}}
{"timestamp":"2026-09-09T07:02:09.262Z","level":"INFO","event":"timer_broadcast","game":"wingo5","payload":{"minute":2,"secondtime1":5,"secondtime2":1}}
{"timestamp":"2026-09-09T07:02:10.260Z","level":"INFO","event":"timer_broadcast","game":"wingo10","payload":{"minute":0,"secondtime1":2,"secondtime2":0}}
{"timestamp":"2026-09-09T07:02:10.261Z","level":"INFO","event":"timer_broadcast","game":"wingo","payload":{"minute":0,"secondtime1":5,"secondtime2":0}}
{"timestamp":"2026-09-09T07:02:10.261Z","level":"INFO","event":"timer_broadcast","game":"wingo3","payload":{"minute":0,"secondtime1":5,"secondtime2":0}}
{"timestamp":"2026-09-09T07:02:10.262Z","level":"INFO","event":"timer_broadcast","game":"wingo5","payload":{"minute":2,"secondtime1":5,"secondtime2":0}}
{"timestamp":"2026-09-09T07:02:11.276Z","level":"INFO","event":"timer_broadcast","game":"wingo10","payload":{"minute":0,"secondtime1":1,"secondtime2":9}}
{"timestamp":"2026-09-09T07:02:11.277Z","level":"INFO","event":"timer_broadcast","game":"wingo","payload":{"minute":0,"secondtime1":4,"secondtime2":9}}
{"timestamp":"2026-09-09T07:02:11.277Z","level":"INFO","event":"timer_broadcast","game":"wingo3","payload":{"minute":0,"secondtime1":4,"secondtime2":9}}
{"timestamp":"2026-09-09T07:02:11.278Z","level":"INFO","event":"timer_broadcast","game":"wingo5","payload":{"minute":2,"secondtime1":4,"secondtime2":9}}
{"timestamp":"2026-09-09T07:02:12.277Z","level":"INFO","event":"timer_broadcast","game":"wingo10","payload":{"minute":0,"secondtime1":1,"secondtime2":8}}
{"timestamp":"2026-09-09T07:02:12.278Z","level":"INFO","event":"timer_broadcast","game":"wingo","payload":{"minute":0,"secondtime1":4,"secondtime2":8}}
{"timestamp":"2026-09-09T07:02:12.278Z","level":"INFO","event":"timer_broadcast","game":"wingo3","payload":{"minute":0,"secondtime1":4,"secondtime2":8}}
{"timestamp":"2026-09-09T07:02:12.279Z","level":"INFO","event":"timer_broadcast","game":"wingo5","payload":{"minute":2,"secondtime1":4,"secondtime2":8}}
{"timestamp":"2026-09-09T07:02:13.277Z","level":"INFO","event":"timer_broadcast","game":"wingo10","payload":{"minute":0,"secondtime1":1,"secondtime2":7}}
{"timestamp":"2026-09-09T07:02:13.277Z","level":"INFO","event":"timer_broadcast","game":"wingo","payload":{"minute":0,"secondtime1":4,"secondtime2":7}}
{"timestamp":"2026-09-09T07:02:13.278Z","level":"INFO","event":"timer_broadcast","game":"wingo3","payload":{"minute":0,"secondtime1":4,"secondtime2":7}}
{"timestamp":"2026-09-09T07:02:13.278Z","level":"INFO","event":"timer_broadcast","game":"wingo5","payload":{"minute":2,"secondtime1":4,"secondtime2":7}}
{"timestamp":"2026-09-09T07:02:14.276Z","level":"INFO","event":"timer_broadcast","game":"wingo10","payload":{"minute":0,"secondtime1":1,"secondtime2":6}}
{"timestamp":"2026-09-09T07:02:14.277Z","level":"INFO","event":"timer_broadcast","game":"wingo","payload":{"minute":0,"secondtime1":4,"secondtime2":6}}
{"timestamp":"2026-09-09T07:02:14.278Z","level":"INFO","event":"timer_broadcast","game":"wingo3","payload":{"minute":0,"secondtime1":4,"secondtime2":6}}
{"timestamp":"2026-09-09T07:02:14.278Z","level":"INFO","event":"timer_broadcast","game":"wingo5","payload":{"minute":2,"secondtime1":4,"secondtime2":6}}
{"timestamp":"2026-09-09T07:02:15.277Z","level":"INFO","event":"timer_broadcast","game":"wingo10","payload":{"minute":0,"secondtime1":1,"secondtime2":5}}
{"timestamp":"2026-09-09T07:02:15.278Z","level":"INFO","event":"timer_broadcast","game":"wingo","payload":{"minute":0,"secondtime1":4,"secondtime2":5}}
{"timestamp":"2026-09-09T07:02:15.278Z","level":"INFO","event":"timer_broadcast","game":"wingo3","payload":{"minute":0,"secondtime1":4,"secondtime2":5}}
{"timestamp":"2026-09-09T07:02:15.279Z","level":"INFO","event":"timer_broadcast","game":"wingo5","payload":{"minute":2,"secondtime1":4,"secondtime2":5}}
{"timestamp":"2026-09-09T07:02:16.277Z","level":"INFO","event":"timer_broadcast","game":"wingo10","payload":{"minute":0,"secondtime1":1,"secondtime2":4}}
{"timestamp":"2026-09-09T07:02:16.278Z","level":"INFO","event":"timer_broadcast","game":"wingo","payload":{"minute":0,"secondtime1":4,"secondtime2":4}}
{"timestamp":"2026-09-09T07:02:16.278Z","level":"INFO","event":"timer_broadcast","game":"wingo3","payload":{"minute":0,"secondtime1":4,"secondtime2":4}}
{"timestamp":"2026-09-09T07:02:16.279Z","level":"INFO","event":"timer_broadcast","game":"wingo5","payload":{"minute":2,"secondtime1":4,"secondtime2":4}}
{"timestamp":"2026-09-09T07:02:17.277Z","level":"INFO","event":"timer_broadcast","game":"wingo10","payload":{"minute":0,"secondtime1":1,"secondtime2":3}}
{"timestamp":"2026-09-09T07:02:17.278Z","level":"INFO","event":"timer_broadcast","game":"wingo","payload":{"minute":0,"secondtime1":4,"secondtime2":3}}
{"timestamp":"2026-09-09T07:02:17.278Z","level":"INFO","event":"timer_broadcast","game":"wingo3","payload":{"minute":0,"secondtime1":4,"secondtime2":3}}
{"timestamp":"2026-09-09T07:02:17.279Z","level":"INFO","event":"timer_broadcast","game":"wingo5","payload":{"minute":2,"secondtime1":4,"secondtime2":3}}
{"timestamp":"2026-09-09T07:02:18.294Z","level":"INFO","event":"timer_broadcast","game":"wingo10","payload":{"minute":0,"secondtime1":1,"secondtime2":2}}
{"timestamp":"2026-09-09T07:02:18.295Z","level":"INFO","event":"timer_broadcast","game":"wingo","payload":{"minute":0,"secondtime1":4,"secondtime2":2}}
{"timestamp":"2026-09-09T07:02:18.295Z","level":"INFO","event":"timer_broadcast","game":"wingo3","payload":{"minute":0,"secondtime1":4,"secondtime2":2}}
{"timestamp":"2026-09-09T07:02:18.296Z","level":"INFO","event":"timer_broadcast","game":"wingo5","payload":{"minute":2,"secondtime1":4,"secondtime2":2}}
{"timestamp":"2026-09-09T07:02:19.310Z","level":"INFO","event":"timer_broadcast","game":"wingo10","payload":{"minute":0,"secondtime1":1,"secondtime2":1}}
{"timestamp":"2026-09-09T07:02:19.310Z","level":"INFO","event":"timer_broadcast","game":"wingo","payload":{"minute":0,"secondtime1":4,"secondtime2":1}}
{"timestamp":"2026-09-09T07:02:19.311Z","level":"INFO","event":"timer_broadcast","game":"wingo3","payload":{"minute":0,"secondtime1":4,"secondtime2":1}}
{"timestamp":"2026-09-09T07:02:19.312Z","level":"INFO","event":"timer_broadcast","game":"wingo5","payload":{"minute":2,"secondtime1":4,"secondtime2":1}}
{"timestamp":"2026-09-09T07:02:20.310Z","level":"INFO","event":"timer_broadcast","game":"wingo10","payload":{"minute":0,"secondtime1":1,"secondtime2":0}}
{"timestamp":"2026-09-09T07:02:20.311Z","level":"INFO","event":"timer_broadcast","game":"wingo","payload":{"minute":0,"secondtime1":4,"secondtime2":0}}
{"timestamp":"2026-09-09T07:02:20.312Z","level":"INFO","event":"timer_broadcast","game":"wingo3","payload":{"minute":0,"secondtime1":4,"secondtime2":0}}
{"timestamp":"2026-09-09T07:02:20.312Z","level":"INFO","event":"timer_broadcast","game":"wingo5","payload":{"minute":2,"secondtime1":4,"secondtime2":0}}
{"timestamp":"2026-09-09T07:02:21.311Z","level":"INFO","event":"timer_broadcast","game":"wingo10","payload":{"minute":0,"secondtime1":0,"secondtime2":9}}
{"timestamp":"2026-09-09T07:02:21.311Z","level":"INFO","event":"timer_broadcast","game":"wingo","payload":{"minute":0,"secondtime1":3,"secondtime2":9}}
{"timestamp":"2026-09-09T07:02:21.312Z","level":"INFO","event":"timer_broadcast","game":"wingo3","payload":{"minute":0,"secondtime1":3,"secondtime2":9}}
{"timestamp":"2026-09-09T07:02:21.312Z","level":"INFO","event":"timer_broadcast","game":"wingo5","payload":{"minute":2,"secondtime1":3,"secondtime2":9}}
{"timestamp":"2026-09-09T07:02:22.326Z","level":"INFO","event":"timer_broadcast","game":"wingo10","payload":{"minute":0,"secondtime1":0,"secondtime2":8}}
{"timestamp":"2026-09-09T07:02:22.327Z","level":"INFO","event":"timer_broadcast","game":"wingo","payload":{"minute":0,"secondtime1":3,"secondtime2":8}}
{"timestamp":"2026-09-09T07:02:22.328Z","level":"INFO","event":"timer_broadcast","game":"wingo3","payload":{"minute":0,"secondtime1":3,"secondtime2":8}}
{"timestamp":"2026-09-09T07:02:22.329Z","level":"INFO","event":"timer_broadcast","game":"wingo5","payload":{"minute":2,"secondtime1":3,"secondtime2":8}}
{"timestamp":"2026-09-09T07:02:23.327Z","level":"INFO","event":"timer_broadcast","game":"wingo10","payload":{"minute":0,"secondtime1":0,"secondtime2":7}}
{"timestamp":"2026-09-09T07:02:23.328Z","level":"INFO","event":"timer_broadcast","game":"wingo","payload":{"minute":0,"secondtime1":3,"secondtime2":7}}
{"timestamp":"2026-09-09T07:02:23.329Z","level":"INFO","event":"timer_broadcast","game":"wingo3","payload":{"minute":0,"secondtime1":3,"secondtime2":7}}
{"timestamp":"2026-09-09T07:02:23.329Z","level":"INFO","event":"timer_broadcast","game":"wingo5","payload":{"minute":2,"secondtime1":3,"secondtime2":7}}
{"timestamp":"2026-09-09T07:02:24.343Z","level":"INFO","event":"timer_broadcast","game":"wingo10","payload":{"minute":0,"secondtime1":0,"secondtime2":6}}
{"timestamp":"2026-09-09T07:02:24.344Z","level":"INFO","event":"timer_broadcast","game":"wingo","payload":{"minute":0,"secondtime1":3,"secondtime2":6}}
{"timestamp":"2026-09-09T07:02:24.344Z","level":"INFO","event":"timer_broadcast","game":"wingo3","payload":{"minute":0,"secondtime1":3,"secondtime2":6}}
{"timestamp":"2026-09-09T07:02:24.345Z","level":"INFO","event":"timer_broadcast","game":"wingo5","payload":{"minute":2,"secondtime1":3,"secondtime2":6}}
{"timestamp":"2026-09-09T07:02:25.343Z","level":"INFO","event":"timer_broadcast","game":"wingo10","payload":{"minute":0,"secondtime1":0,"secondtime2":5}}
{"timestamp":"2026-09-09T07:02:25.344Z","level":"INFO","event":"timer_broadcast","game":"wingo","payload":{"minute":0,"secondtime1":3,"secondtime2":5}}
{"timestamp":"2026-09-09T07:02:25.345Z","level":"INFO","event":"timer_broadcast","game":"wingo3","payload":{"minute":0,"secondtime1":3,"secondtime2":5}}
{"timestamp":"2026-09-09T07:02:25.345Z","level":"INFO","event":"timer_broadcast","game":"wingo5","payload":{"minute":2,"secondtime1":3,"secondtime2":5}}
{"timestamp":"2026-09-09T07:02:26.344Z","level":"INFO","event":"timer_broadcast","game":"wingo10","payload":{"minute":0,"secondtime1":0,"secondtime2":4}}
{"timestamp":"2026-09-09T07:02:26.345Z","level":"INFO","event":"timer_broadcast","game":"wingo","payload":{"minute":0,"secondtime1":3,"secondtime2":4}}
{"timestamp":"2026-09-09T07:02:26.345Z","level":"INFO","event":"timer_broadcast","game":"wingo3","payload":{"minute":0,"secondtime1":3,"secondtime2":4}}
{"timestamp":"2026-09-09T07:02:26.346Z","level":"INFO","event":"timer_broadcast","game":"wingo5","payload":{"minute":2,"secondtime1":3,"secondtime2":4}}
{"timestamp":"2026-09-09T07:02:27.344Z","level":"INFO","event":"timer_broadcast","game":"wingo10","payload":{"minute":0,"secondtime1":0,"secondtime2":3}}
{"timestamp":"2026-09-09T07:02:27.345Z","level":"INFO","event":"timer_broadcast","game":"wingo","payload":{"minute":0,"secondtime1":3,"secondtime2":3}}
{"timestamp":"2026-09-09T07:02:27.345Z","level":"INFO","event":"timer_broadcast","game":"wingo3","payload":{"minute":0,"secondtime1":3,"secondtime2":3}}
{"timestamp":"2026-09-09T07:02:27.346Z","level":"INFO","event":"timer_broadcast","game":"wingo5","payload":{"minute":2,"secondtime1":3,"secondtime2":3}}
{"timestamp":"2026-09-09T07:02:28.344Z","level":"INFO","event":"timer_broadcast","game":"wingo10","payload":{"minute":0,"secondtime1":0,"secondtime2":2}}
{"timestamp":"2026-09-09T07:02:28.345Z","level":"INFO","event":"timer_broadcast","game":"wingo","payload":{"minute":0,"secondtime1":3,"secondtime2":2}}
{"timestamp":"2026-09-09T07:02:28.345Z","level":"INFO","event":"timer_broadcast","game":"wingo3","payload":{"minute":0,"secondtime1":3,"secondtime2":2}}
{"timestamp":"2026-09-09T07:02:28.346Z","level":"INFO","event":"timer_broadcast","game":"wingo5","payload":{"minute":2,"secondtime1":3,"secondtime2":2}}
{"timestamp":"2026-09-09T07:02:29.344Z","level":"INFO","event":"timer_broadcast","game":"wingo10","payload":{"minute":0,"secondtime1":0,"secondtime2":1}}
{"timestamp":"2026-09-09T07:02:29.345Z","level":"INFO","event":"timer_broadcast","game":"wingo","payload":{"minute":0,"secondtime1":3,"secondtime2":1}}
{"timestamp":"2026-09-09T07:02:29.345Z","level":"INFO","event":"timer_broadcast","game":"wingo3","payload":{"minute":0,"secondtime1":3,"secondtime2":1}}
{"timestamp":"2026-09-09T07:02:29.346Z","level":"INFO","event":"timer_broadcast","game":"wingo5","payload":{"minute":2,"secondtime1":3,"secondtime2":1}}
{"timestamp":"2026-09-09T07:02:30.343Z","level":"INFO","event":"timer_broadcast","game":"wingo10","payload":{"minute":0,"secondtime1":3,"secondtime2":0}}
{"timestamp":"2026-09-09T07:02:30.344Z","level":"INFO","event":"timer_broadcast","game":"wingo","payload":{"minute":0,"secondtime1":3,"secondtime2":0}}
{"timestamp":"2026-09-09T07:02:30.344Z","level":"INFO","event":"timer_broadcast","game":"wingo3","payload":{"minute":0,"secondtime1":3,"secondtime2":0}}
{"timestamp":"2026-09-09T07:02:30.345Z","level":"INFO","event":"timer_broadcast","game":"wingo5","payload":{"minute":2,"secondtime1":3,"secondtime2":0}}
{"timestamp":"2026-09-09T07:02:30.346Z","level":"INFO","event":"timer_boundary","game":"wingo10","intervalSeconds":30,"totalSeconds":45150,"boundary":1505}
{"timestamp":"2026-09-09T07:02:30.712Z","level":"INFO","event":"result_emitted","game":"wingo10","period":"38463939","amount":3}
{"timestamp":"2026-09-09T07:02:31.343Z","level":"INFO","event":"timer_broadcast","game":"wingo10","payload":{"minute":0,"secondtime1":2,"secondtime2":9}}
{"timestamp":"2026-09-09T07:02:31.344Z","level":"INFO","event":"timer_broadcast","game":"wingo","payload":{"minute":0,"secondtime1":2,"secondtime2":9}}
{"timestamp":"2026-09-09T07:02:31.345Z","level":"INFO","event":"timer_broadcast","game":"wingo3","payload":{"minute":0,"secondtime1":2,"secondtime2":9}}
{"timestamp":"2026-09-09T07:02:31.345Z","level":"INFO","event":"timer_broadcast","game":"wingo5","payload":{"minute":2,"secondtime1":2,"secondtime2":9}}
{"timestamp":"2026-09-09T07:02:32.344Z","level":"INFO","event":"timer_broadcast","game":"wingo10","payload":{"minute":0,"secondtime1":2,"secondtime2":8}}
{"timestamp":"2026-09-09T07:02:32.345Z","level":"INFO","event":"timer_broadcast","game":"wingo","payload":{"minute":0,"secondtime1":2,"secondtime2":8}}
{"timestamp":"2026-09-09T07:02:32.345Z","level":"INFO","event":"timer_broadcast","game":"wingo3","payload":{"minute":0,"secondtime1":2,"secondtime2":8}}
{"timestamp":"2026-09-09T07:02:32.346Z","level":"INFO","event":"timer_broadcast","game":"wingo5","payload":{"minute":2,"secondtime1":2,"secondtime2":8}}
{"timestamp":"2026-09-09T07:02:33.344Z","level":"INFO","event":"timer_broadcast","game":"wingo10","payload":{"minute":0,"secondtime1":2,"secondtime2":7}}
{"timestamp":"2026-09-09T07:02:33.344Z","level":"INFO","event":"timer_broadcast","game":"wingo","payload":{"minute":0,"secondtime1":2,"secondtime2":7}}
{"timestamp":"2026-09-09T07:02:33.345Z","level":"INFO","event":"timer_broadcast","game":"wingo3","payload":{"minute":0,"secondtime1":2,"secondtime2":7}}
{"timestamp":"2026-09-09T07:02:33.345Z","level":"INFO","event":"timer_broadcast","game":"wingo5","payload":{"minute":2,"secondtime1":2,"secondtime2":7}}
{"timestamp":"2026-09-09T07:02:34.343Z","level":"INFO","event":"timer_broadcast","game":"wingo10","payload":{"minute":0,"secondtime1":2,"secondtime2":6}}
{"timestamp":"2026-09-09T07:02:34.344Z","level":"INFO","event":"timer_broadcast","game":"wingo","payload":{"minute":0,"secondtime1":2,"secondtime2":6}}
{"timestamp":"2026-09-09T07:02:34.345Z","level":"INFO","event":"timer_broadcast","game":"wingo3","payload":{"minute":0,"secondtime1":2,"secondtime2":6}}
{"timestamp":"2026-09-09T07:02:34.345Z","level":"INFO","event":"timer_broadcast","game":"wingo5","payload":{"minute":2,"secondtime1":2,"secondtime2":6}}
{"timestamp":"2026-09-09T07:02:35.343Z","level":"INFO","event":"timer_broadcast","game":"wingo10","payload":{"minute":0,"secondtime1":2,"secondtime2":5}}
{"timestamp":"2026-09-09T07:02:35.344Z","level":"INFO","event":"timer_broadcast","game":"wingo","payload":{"minute":0,"secondtime1":2,"secondtime2":5}}
{"timestamp":"2026-09-09T07:02:35.345Z","level":"INFO","event":"timer_broadcast","game":"wingo3","payload":{"minute":0,"secondtime1":2,"secondtime2":5}}
{"timestamp":"2026-09-09T07:02:35.345Z","level":"INFO","event":"timer_broadcast","game":"wingo5","payload":{"minute":2,"secondtime1":2,"secondtime2":5}}
{"timestamp":"2026-09-09T07:02:36.343Z","level":"INFO","event":"timer_broadcast","game":"wingo10","payload":{"minute":0,"secondtime1":2,"secondtime2":4}}
{"timestamp":"2026-09-09T07:02:36.344Z","level":"INFO","event":"timer_broadcast","game":"wingo","payload":{"minute":0,"secondtime1":2,"secondtime2":4}}
{"timestamp":"2026-09-09T07:02:36.345Z","level":"INFO","event":"timer_broadcast","game":"wingo3","payload":{"minute":0,"secondtime1":2,"secondtime2":4}}
{"timestamp":"2026-09-09T07:02:36.345Z","level":"INFO","event":"timer_broadcast","game":"wingo5","payload":{"minute":2,"secondtime1":2,"secondtime2":4}}
{"timestamp":"2026-09-09T07:02:37.344Z","level":"INFO","event":"timer_broadcast","game":"wingo10","payload":{"minute":0,"secondtime1":2,"secondtime2":3}}
{"timestamp":"2026-09-09T07:02:37.345Z","level":"INFO","event":"timer_broadcast","game":"wingo","payload":{"minute":0,"secondtime1":2,"secondtime2":3}}
{"timestamp":"2026-09-09T07:02:37.346Z","level":"INFO","event":"timer_broadcast","game":"wingo3","payload":{"minute":0,"secondtime1":2,"secondtime2":3}}
{"timestamp":"2026-09-09T07:02:37.346Z","level":"INFO","event":"timer_broadcast","game":"wingo5","payload":{"minute":2,"secondtime1":2,"secondtime2":3}}
{"timestamp":"2026-09-09T07:02:38.360Z","level":"INFO","event":"timer_broadcast","game":"wingo10","payload":{"minute":0,"secondtime1":2,"secondtime2":2}}
{"timestamp":"2026-09-09T07:02:38.361Z","level":"INFO","event":"timer_broadcast","game":"wingo","payload":{"minute":0,"secondtime1":2,"secondtime2":2}}
{"timestamp":"2026-09-09T07:02:38.361Z","level":"INFO","event":"timer_broadcast","game":"wingo3","payload":{"minute":0,"secondtime1":2,"secondtime2":2}}
{"timestamp":"2026-09-09T07:02:38.362Z","level":"INFO","event":"timer_broadcast","game":"wingo5","payload":{"minute":2,"secondtime1":2,"secondtime2":2}}
{"timestamp":"2026-09-09T07:02:39.348Z","level":"INFO","event":"timer_broadcast","game":"wingo10","payload":{"minute":0,"secondtime1":2,"secondtime2":1}}
{"timestamp":"2026-09-09T07:02:39.348Z","level":"INFO","event":"timer_broadcast","game":"wingo","payload":{"minute":0,"secondtime1":2,"secondtime2":1}}
{"timestamp":"2026-09-09T07:02:39.349Z","level":"INFO","event":"timer_broadcast","game":"wingo3","payload":{"minute":0,"secondtime1":2,"secondtime2":1}}
{"timestamp":"2026-09-09T07:02:39.349Z","level":"INFO","event":"timer_broadcast","game":"wingo5","payload":{"minute":2,"secondtime1":2,"secondtime2":1}}
{"timestamp":"2026-09-09T07:02:40.349Z","level":"INFO","event":"timer_broadcast","game":"wingo10","payload":{"minute":0,"secondtime1":2,"secondtime2":0}}
{"timestamp":"2026-09-09T07:02:40.349Z","level":"INFO","event":"timer_broadcast","game":"wingo","payload":{"minute":0,"secondtime1":2,"secondtime2":0}}
{"timestamp":"2026-09-09T07:02:40.350Z","level":"INFO","event":"timer_broadcast","game":"wingo3","payload":{"minute":0,"secondtime1":2,"secondtime2":0}}
{"timestamp":"2026-09-09T07:02:40.350Z","level":"INFO","event":"timer_broadcast","game":"wingo5","payload":{"minute":2,"secondtime1":2,"secondtime2":0}}
{"timestamp":"2026-09-09T07:02:41.348Z","level":"INFO","event":"timer_broadcast","game":"wingo10","payload":{"minute":0,"secondtime1":1,"secondtime2":9}}
{"timestamp":"2026-09-09T07:02:41.349Z","level":"INFO","event":"timer_broadcast","game":"wingo","payload":{"minute":0,"secondtime1":1,"secondtime2":9}}
{"timestamp":"2026-09-09T07:02:41.350Z","level":"INFO","event":"timer_broadcast","game":"wingo3","payload":{"minute":0,"secondtime1":1,"secondtime2":9}}
{"timestamp":"2026-09-09T07:02:41.350Z","level":"INFO","event":"timer_broadcast","game":"wingo5","payload":{"minute":2,"secondtime1":1,"secondtime2":9}}
{"timestamp":"2026-09-09T07:02:42.348Z","level":"INFO","event":"timer_broadcast","game":"wingo10","payload":{"minute":0,"secondtime1":1,"secondtime2":8}}
{"timestamp":"2026-09-09T07:02:42.349Z","level":"INFO","event":"timer_broadcast","game":"wingo","payload":{"minute":0,"secondtime1":1,"secondtime2":8}}
{"timestamp":"2026-09-09T07:02:42.350Z","level":"INFO","event":"timer_broadcast","game":"wingo3","payload":{"minute":0,"secondtime1":1,"secondtime2":8}}
{"timestamp":"2026-09-09T07:02:42.350Z","level":"INFO","event":"timer_broadcast","game":"wingo5","payload":{"minute":2,"secondtime1":1,"secondtime2":8}}
{"timestamp":"2026-09-09T07:02:43.348Z","level":"INFO","event":"timer_broadcast","game":"wingo10","payload":{"minute":0,"secondtime1":1,"secondtime2":7}}
{"timestamp":"2026-09-09T07:02:43.349Z","level":"INFO","event":"timer_broadcast","game":"wingo","payload":{"minute":0,"secondtime1":1,"secondtime2":7}}
{"timestamp":"2026-09-09T07:02:43.350Z","level":"INFO","event":"timer_broadcast","game":"wingo3","payload":{"minute":0,"secondtime1":1,"secondtime2":7}}
{"timestamp":"2026-09-09T07:02:43.350Z","level":"INFO","event":"timer_broadcast","game":"wingo5","payload":{"minute":2,"secondtime1":1,"secondtime2":7}}
{"timestamp":"2026-09-09T07:02:44.364Z","level":"INFO","event":"timer_broadcast","game":"wingo10","payload":{"minute":0,"secondtime1":1,"secondtime2":6}}
{"timestamp":"2026-09-09T07:02:44.365Z","level":"INFO","event":"timer_broadcast","game":"wingo","payload":{"minute":0,"secondtime1":1,"secondtime2":6}}
{"timestamp":"2026-09-09T07:02:44.366Z","level":"INFO","event":"timer_broadcast","game":"wingo3","payload":{"minute":0,"secondtime1":1,"secondtime2":6}}
{"timestamp":"2026-09-09T07:02:44.366Z","level":"INFO","event":"timer_broadcast","game":"wingo5","payload":{"minute":2,"secondtime1":1,"secondtime2":6}}
{"timestamp":"2026-09-09T07:02:45.364Z","level":"INFO","event":"timer_broadcast","game":"wingo10","payload":{"minute":0,"secondtime1":1,"secondtime2":5}}
{"timestamp":"2026-09-09T07:02:45.365Z","level":"INFO","event":"timer_broadcast","game":"wingo","payload":{"minute":0,"secondtime1":1,"secondtime2":5}}
{"timestamp":"2026-09-09T07:02:45.365Z","level":"INFO","event":"timer_broadcast","game":"wingo3","payload":{"minute":0,"secondtime1":1,"secondtime2":5}}
{"timestamp":"2026-09-09T07:02:45.366Z","level":"INFO","event":"timer_broadcast","game":"wingo5","payload":{"minute":2,"secondtime1":1,"secondtime2":5}}
{"timestamp":"2026-09-09T07:02:46.365Z","level":"INFO","event":"timer_broadcast","game":"wingo10","payload":{"minute":0,"secondtime1":1,"secondtime2":4}}
{"timestamp":"2026-09-09T07:02:46.365Z","level":"INFO","event":"timer_broadcast","game":"wingo","payload":{"minute":0,"secondtime1":1,"secondtime2":4}}
{"timestamp":"2026-09-09T07:02:46.366Z","level":"INFO","event":"timer_broadcast","game":"wingo3","payload":{"minute":0,"secondtime1":1,"secondtime2":4}}
{"timestamp":"2026-09-09T07:02:46.366Z","level":"INFO","event":"timer_broadcast","game":"wingo5","payload":{"minute":2,"secondtime1":1,"secondtime2":4}}
{"timestamp":"2026-09-09T07:02:47.365Z","level":"INFO","event":"timer_broadcast","game":"wingo10","payload":{"minute":0,"secondtime1":1,"secondtime2":3}}
{"timestamp":"2026-09-09T07:02:47.366Z","level":"INFO","event":"timer_broadcast","game":"wingo","payload":{"minute":0,"secondtime1":1,"secondtime2":3}}
{"timestamp":"2026-09-09T07:02:47.366Z","level":"INFO","event":"timer_broadcast","game":"wingo3","payload":{"minute":0,"secondtime1":1,"secondtime2":3}}
{"timestamp":"2026-09-09T07:02:47.367Z","level":"INFO","event":"timer_broadcast","game":"wingo5","payload":{"minute":2,"secondtime1":1,"secondtime2":3}}
{"timestamp":"2026-09-09T07:02:48.365Z","level":"INFO","event":"timer_broadcast","game":"wingo10","payload":{"minute":0,"secondtime1":1,"secondtime2":2}}
{"timestamp":"2026-09-09T07:02:48.366Z","level":"INFO","event":"timer_broadcast","game":"wingo","payload":{"minute":0,"secondtime1":1,"secondtime2":2}}
{"timestamp":"2026-09-09T07:02:48.367Z","level":"INFO","event":"timer_broadcast","game":"wingo3","payload":{"minute":0,"secondtime1":1,"secondtime2":2}}
{"timestamp":"2026-09-09T07:02:48.367Z","level":"INFO","event":"timer_broadcast","game":"wingo5","payload":{"minute":2,"secondtime1":1,"secondtime2":2}}
{"timestamp":"2026-09-09T07:02:49.367Z","level":"INFO","event":"timer_broadcast","game":"wingo10","payload":{"minute":0,"secondtime1":1,"secondtime2":1}}
{"timestamp":"2026-09-09T07:02:49.368Z","level":"INFO","event":"timer_broadcast","game":"wingo","payload":{"minute":0,"secondtime1":1,"secondtime2":1}}
{"timestamp":"2026-09-09T07:02:49.369Z","level":"INFO","event":"timer_broadcast","game":"wingo3","payload":{"minute":0,"secondtime1":1,"secondtime2":1}}
{"timestamp":"2026-09-09T07:02:49.369Z","level":"INFO","event":"timer_broadcast","game":"wingo5","payload":{"minute":2,"secondtime1":1,"secondtime2":1}}
{"timestamp":"2026-09-09T07:02:50.381Z","level":"INFO","event":"timer_broadcast","game":"wingo10","payload":{"minute":0,"secondtime1":1,"secondtime2":0}}
{"timestamp":"2026-09-09T07:02:50.382Z","level":"INFO","event":"timer_broadcast","game":"wingo","payload":{"minute":0,"secondtime1":1,"secondtime2":0}}
{"timestamp":"2026-09-09T07:02:50.383Z","level":"INFO","event":"timer_broadcast","game":"wingo3","payload":{"minute":0,"secondtime1":1,"secondtime2":0}}
{"timestamp":"2026-09-09T07:02:50.383Z","level":"INFO","event":"timer_broadcast","game":"wingo5","payload":{"minute":2,"secondtime1":1,"secondtime2":0}}
{"timestamp":"2026-09-09T07:02:51.381Z","level":"INFO","event":"timer_broadcast","game":"wingo10","payload":{"minute":0,"secondtime1":0,"secondtime2":9}}
{"timestamp":"2026-09-09T07:02:51.382Z","level":"INFO","event":"timer_broadcast","game":"wingo","payload":{"minute":0,"secondtime1":0,"secondtime2":9}}
{"timestamp":"2026-09-09T07:02:51.384Z","level":"INFO","event":"timer_broadcast","game":"wingo3","payload":{"minute":0,"secondtime1":0,"secondtime2":9}}
{"timestamp":"2026-09-09T07:02:51.384Z","level":"INFO","event":"timer_broadcast","game":"wingo5","payload":{"minute":2,"secondtime1":0,"secondtime2":9}}
{"timestamp":"2026-09-09T07:02:52.381Z","level":"INFO","event":"timer_broadcast","game":"wingo10","payload":{"minute":0,"secondtime1":0,"secondtime2":8}}
{"timestamp":"2026-09-09T07:02:52.382Z","level":"INFO","event":"timer_broadcast","game":"wingo","payload":{"minute":0,"secondtime1":0,"secondtime2":8}}
{"timestamp":"2026-09-09T07:02:52.383Z","level":"INFO","event":"timer_broadcast","game":"wingo3","payload":{"minute":0,"secondtime1":0,"secondtime2":8}}
{"timestamp":"2026-09-09T07:02:52.383Z","level":"INFO","event":"timer_broadcast","game":"wingo5","payload":{"minute":2,"secondtime1":0,"secondtime2":8}}
{"timestamp":"2026-09-09T07:02:53.381Z","level":"INFO","event":"timer_broadcast","game":"wingo10","payload":{"minute":0,"secondtime1":0,"secondtime2":7}}
{"timestamp":"2026-09-09T07:02:53.382Z","level":"INFO","event":"timer_broadcast","game":"wingo","payload":{"minute":0,"secondtime1":0,"secondtime2":7}}
{"timestamp":"2026-09-09T07:02:53.382Z","level":"INFO","event":"timer_broadcast","game":"wingo3","payload":{"minute":0,"secondtime1":0,"secondtime2":7}}
{"timestamp":"2026-09-09T07:02:53.382Z","level":"INFO","event":"timer_broadcast","game":"wingo5","payload":{"minute":2,"secondtime1":0,"secondtime2":7}}
{"timestamp":"2026-09-09T07:02:54.398Z","level":"INFO","event":"timer_broadcast","game":"wingo10","payload":{"minute":0,"secondtime1":0,"secondtime2":6}}
{"timestamp":"2026-09-09T07:02:54.399Z","level":"INFO","event":"timer_broadcast","game":"wingo","payload":{"minute":0,"secondtime1":0,"secondtime2":6}}
{"timestamp":"2026-09-09T07:02:54.400Z","level":"INFO","event":"timer_broadcast","game":"wingo3","payload":{"minute":0,"secondtime1":0,"secondtime2":6}}
{"timestamp":"2026-09-09T07:02:54.400Z","level":"INFO","event":"timer_broadcast","game":"wingo5","payload":{"minute":2,"secondtime1":0,"secondtime2":6}}
{"timestamp":"2026-09-09T07:02:55.399Z","level":"INFO","event":"timer_broadcast","game":"wingo10","payload":{"minute":0,"secondtime1":0,"secondtime2":5}}
{"timestamp":"2026-09-09T07:02:55.400Z","level":"INFO","event":"timer_broadcast","game":"wingo","payload":{"minute":0,"secondtime1":0,"secondtime2":5}}
{"timestamp":"2026-09-09T07:02:55.400Z","level":"INFO","event":"timer_broadcast","game":"wingo3","payload":{"minute":0,"secondtime1":0,"secondtime2":5}}
{"timestamp":"2026-09-09T07:02:55.400Z","level":"INFO","event":"timer_broadcast","game":"wingo5","payload":{"minute":2,"secondtime1":0,"secondtime2":5}}
{"timestamp":"2026-09-09T07:02:56.415Z","level":"INFO","event":"timer_broadcast","game":"wingo10","payload":{"minute":0,"secondtime1":0,"secondtime2":4}}
{"timestamp":"2026-09-09T07:02:56.416Z","level":"INFO","event":"timer_broadcast","game":"wingo","payload":{"minute":0,"secondtime1":0,"secondtime2":4}}
{"timestamp":"2026-09-09T07:02:56.416Z","level":"INFO","event":"timer_broadcast","game":"wingo3","payload":{"minute":0,"secondtime1":0,"secondtime2":4}}
{"timestamp":"2026-09-09T07:02:56.417Z","level":"INFO","event":"timer_broadcast","game":"wingo5","payload":{"minute":2,"secondtime1":0,"secondtime2":4}}
{"timestamp":"2026-09-09T07:02:57.415Z","level":"INFO","event":"timer_broadcast","game":"wingo10","payload":{"minute":0,"secondtime1":0,"secondtime2":3}}
{"timestamp":"2026-09-09T07:02:57.416Z","level":"INFO","event":"timer_broadcast","game":"wingo","payload":{"minute":0,"secondtime1":0,"secondtime2":3}}
{"timestamp":"2026-09-09T07:02:57.417Z","level":"INFO","event":"timer_broadcast","game":"wingo3","payload":{"minute":0,"secondtime1":0,"secondtime2":3}}
{"timestamp":"2026-09-09T07:02:57.417Z","level":"INFO","event":"timer_broadcast","game":"wingo5","payload":{"minute":2,"secondtime1":0,"secondtime2":3}}
{"timestamp":"2026-09-09T07:02:58.431Z","level":"INFO","event":"timer_broadcast","game":"wingo10","payload":{"minute":0,"secondtime1":0,"secondtime2":2}}
{"timestamp":"2026-09-09T07:02:58.431Z","level":"INFO","event":"timer_broadcast","game":"wingo","payload":{"minute":0,"secondtime1":0,"secondtime2":2}}
{"timestamp":"2026-09-09T07:02:58.432Z","level":"INFO","event":"timer_broadcast","game":"wingo3","payload":{"minute":0,"secondtime1":0,"secondtime2":2}}
{"timestamp":"2026-09-09T07:02:58.432Z","level":"INFO","event":"timer_broadcast","game":"wingo5","payload":{"minute":2,"secondtime1":0,"secondtime2":2}}
{"timestamp":"2026-09-09T07:02:59.431Z","level":"INFO","event":"timer_broadcast","game":"wingo10","payload":{"minute":0,"secondtime1":0,"secondtime2":1}}
{"timestamp":"2026-09-09T07:02:59.432Z","level":"INFO","event":"timer_broadcast","game":"wingo","payload":{"minute":0,"secondtime1":0,"secondtime2":1}}
{"timestamp":"2026-09-09T07:02:59.433Z","level":"INFO","event":"timer_broadcast","game":"wingo3","payload":{"minute":0,"secondtime1":0,"secondtime2":1}}
{"timestamp":"2026-09-09T07:02:59.433Z","level":"INFO","event":"timer_broadcast","game":"wingo5","payload":{"minute":2,"secondtime1":0,"secondtime2":1}}
{"timestamp":"2026-09-09T07:03:00.432Z","level":"INFO","event":"timer_broadcast","game":"wingo10","payload":{"minute":0,"secondtime1":3,"secondtime2":0}}
{"timestamp":"2026-09-09T07:03:00.432Z","level":"INFO","event":"timer_broadcast","game":"wingo","payload":{"minute":1,"secondtime1":0,"secondtime2":0}}
{"timestamp":"2026-09-09T07:03:00.433Z","level":"INFO","event":"timer_broadcast","game":"wingo3","payload":{"minute":3,"secondtime1":0,"secondtime2":0}}
{"timestamp":"2026-09-09T07:03:00.434Z","level":"INFO","event":"timer_broadcast","game":"wingo5","payload":{"minute":2,"secondtime1":0,"secondtime2":0}}
{"timestamp":"2026-09-09T07:03:00.435Z","level":"INFO","event":"timer_boundary","game":"wingo10","intervalSeconds":30,"totalSeconds":45180,"boundary":1506}
{"timestamp":"2026-09-09T07:03:00.435Z","level":"INFO","event":"timer_boundary","game":"wingo","intervalSeconds":60,"totalSeconds":45180,"boundary":753}
{"timestamp":"2026-09-09T07:03:00.436Z","level":"INFO","event":"timer_boundary","game":"wingo3","intervalSeconds":180,"totalSeconds":45180,"boundary":251}
{"timestamp":"2026-09-09T07:03:00.834Z","level":"INFO","event":"result_emitted","game":"wingo","period":"2667751","amount":8}
{"timestamp":"2026-09-09T07:03:01.029Z","level":"INFO","event":"result_emitted","game":"wingo3","period":"20260903100021035","amount":1}
{"timestamp":"2026-09-09T07:03:01.081Z","level":"INFO","event":"result_emitted","game":"wingo10","period":"38463941","amount":6}
{"timestamp":"2026-09-09T07:03:01.432Z","level":"INFO","event":"timer_broadcast","game":"wingo10","payload":{"minute":0,"secondtime1":2,"secondtime2":9}}
{"timestamp":"2026-09-09T07:03:01.433Z","level":"INFO","event":"timer_broadcast","game":"wingo","payload":{"minute":0,"secondtime1":5,"secondtime2":9}}
{"timestamp":"2026-09-09T07:03:01.433Z","level":"INFO","event":"timer_broadcast","game":"wingo3","payload":{"minute":2,"secondtime1":5,"secondtime2":9}}
{"timestamp":"2026-09-09T07:03:01.434Z","level":"INFO","event":"timer_broadcast","game":"wingo5","payload":{"minute":1,"secondtime1":5,"secondtime2":9}}
{"timestamp":"2026-09-09T07:03:02.432Z","level":"INFO","event":"timer_broadcast","game":"wingo10","payload":{"minute":0,"secondtime1":2,"secondtime2":8}}
{"timestamp":"2026-09-09T07:03:02.433Z","level":"INFO","event":"timer_broadcast","game":"wingo","payload":{"minute":0,"secondtime1":5,"secondtime2":8}}
{"timestamp":"2026-09-09T07:03:02.434Z","level":"INFO","event":"timer_broadcast","game":"wingo3","payload":{"minute":2,"secondtime1":5,"secondtime2":8}}
{"timestamp":"2026-09-09T07:03:02.434Z","level":"INFO","event":"timer_broadcast","game":"wingo5","payload":{"minute":1,"secondtime1":5,"secondtime2":8}}
{"timestamp":"2026-09-09T07:03:03.432Z","level":"INFO","event":"timer_broadcast","game":"wingo10","payload":{"minute":0,"secondtime1":2,"secondtime2":7}}
{"timestamp":"2026-09-09T07:03:03.433Z","level":"INFO","event":"timer_broadcast","game":"wingo","payload":{"minute":0,"secondtime1":5,"secondtime2":7}}
{"timestamp":"2026-09-09T07:03:03.434Z","level":"INFO","event":"timer_broadcast","game":"wingo3","payload":{"minute":2,"secondtime1":5,"secondtime2":7}}
{"timestamp":"2026-09-09T07:03:03.434Z","level":"INFO","event":"timer_broadcast","game":"wingo5","payload":{"minute":1,"secondtime1":5,"secondtime2":7}}
{"timestamp":"2026-09-09T07:03:04.432Z","level":"INFO","event":"timer_broadcast","game":"wingo10","payload":{"minute":0,"secondtime1":2,"secondtime2":6}}
{"timestamp":"2026-09-09T07:03:04.433Z","level":"INFO","event":"timer_broadcast","game":"wingo","payload":{"minute":0,"secondtime1":5,"secondtime2":6}}
{"timestamp":"2026-09-09T07:03:04.434Z","level":"INFO","event":"timer_broadcast","game":"wingo3","payload":{"minute":2,"secondtime1":5,"secondtime2":6}}
{"timestamp":"2026-09-09T07:03:04.434Z","level":"INFO","event":"timer_broadcast","game":"wingo5","payload":{"minute":1,"secondtime1":5,"secondtime2":6}}
{"timestamp":"2026-09-09T07:03:05.432Z","level":"INFO","event":"timer_broadcast","game":"wingo10","payload":{"minute":0,"secondtime1":2,"secondtime2":5}}
{"timestamp":"2026-09-09T07:03:05.433Z","level":"INFO","event":"timer_broadcast","game":"wingo","payload":{"minute":0,"secondtime1":5,"secondtime2":5}}
{"timestamp":"2026-09-09T07:03:05.434Z","level":"INFO","event":"timer_broadcast","game":"wingo3","payload":{"minute":2,"secondtime1":5,"secondtime2":5}}
{"timestamp":"2026-09-09T07:03:05.434Z","level":"INFO","event":"timer_broadcast","game":"wingo5","payload":{"minute":1,"secondtime1":5,"secondtime2":5}}
{"timestamp":"2026-09-09T07:03:06.432Z","level":"INFO","event":"timer_broadcast","game":"wingo10","payload":{"minute":0,"secondtime1":2,"secondtime2":4}}
{"timestamp":"2026-09-09T07:03:06.433Z","level":"INFO","event":"timer_broadcast","game":"wingo","payload":{"minute":0,"secondtime1":5,"secondtime2":4}}
{"timestamp":"2026-09-09T07:03:06.433Z","level":"INFO","event":"timer_broadcast","game":"wingo3","payload":{"minute":2,"secondtime1":5,"secondtime2":4}}
{"timestamp":"2026-09-09T07:03:06.434Z","level":"INFO","event":"timer_broadcast","game":"wingo5","payload":{"minute":1,"secondtime1":5,"secondtime2":4}}
{"timestamp":"2026-09-09T07:03:07.432Z","level":"INFO","event":"timer_broadcast","game":"wingo10","payload":{"minute":0,"secondtime1":2,"secondtime2":3}}
{"timestamp":"2026-09-09T07:03:07.433Z","level":"INFO","event":"timer_broadcast","game":"wingo","payload":{"minute":0,"secondtime1":5,"secondtime2":3}}
{"timestamp":"2026-09-09T07:03:07.434Z","level":"INFO","event":"timer_broadcast","game":"wingo3","payload":{"minute":2,"secondtime1":5,"secondtime2":3}}
{"timestamp":"2026-09-09T07:03:07.434Z","level":"INFO","event":"timer_broadcast","game":"wingo5","payload":{"minute":1,"secondtime1":5,"secondtime2":3}}
{"timestamp":"2026-09-09T07:03:08.432Z","level":"INFO","event":"timer_broadcast","game":"wingo10","payload":{"minute":0,"secondtime1":2,"secondtime2":2}}
{"timestamp":"2026-09-09T07:03:08.433Z","level":"INFO","event":"timer_broadcast","game":"wingo","payload":{"minute":0,"secondtime1":5,"secondtime2":2}}
{"timestamp":"2026-09-09T07:03:08.434Z","level":"INFO","event":"timer_broadcast","game":"wingo3","payload":{"minute":2,"secondtime1":5,"secondtime2":2}}
{"timestamp":"2026-09-09T07:03:08.434Z","level":"INFO","event":"timer_broadcast","game":"wingo5","payload":{"minute":1,"secondtime1":5,"secondtime2":2}}
{"timestamp":"2026-09-09T07:03:09.432Z","level":"INFO","event":"timer_broadcast","game":"wingo10","payload":{"minute":0,"secondtime1":2,"secondtime2":1}}
{"timestamp":"2026-09-09T07:03:09.433Z","level":"INFO","event":"timer_broadcast","game":"wingo","payload":{"minute":0,"secondtime1":5,"secondtime2":1}}
{"timestamp":"2026-09-09T07:03:09.433Z","level":"INFO","event":"timer_broadcast","game":"wingo3","payload":{"minute":2,"secondtime1":5,"secondtime2":1}}
{"timestamp":"2026-09-09T07:03:09.434Z","level":"INFO","event":"timer_broadcast","game":"wingo5","payload":{"minute":1,"secondtime1":5,"secondtime2":1}}
{"timestamp":"2026-09-09T07:03:10.433Z","level":"INFO","event":"timer_broadcast","game":"wingo10","payload":{"minute":0,"secondtime1":2,"secondtime2":0}}
{"timestamp":"2026-09-09T07:03:10.433Z","level":"INFO","event":"timer_broadcast","game":"wingo","payload":{"minute":0,"secondtime1":5,"secondtime2":0}}
{"timestamp":"2026-09-09T07:03:10.434Z","level":"INFO","event":"timer_broadcast","game":"wingo3","payload":{"minute":2,"secondtime1":5,"secondtime2":0}}
{"timestamp":"2026-09-09T07:03:10.435Z","level":"INFO","event":"timer_broadcast","game":"wingo5","payload":{"minute":1,"secondtime1":5,"secondtime2":0}}
{"timestamp":"2026-09-09T07:03:11.433Z","level":"INFO","event":"timer_broadcast","game":"wingo10","payload":{"minute":0,"secondtime1":1,"secondtime2":9}}
{"timestamp":"2026-09-09T07:03:11.433Z","level":"INFO","event":"timer_broadcast","game":"wingo","payload":{"minute":0,"secondtime1":4,"secondtime2":9}}
{"timestamp":"2026-09-09T07:03:11.434Z","level":"INFO","event":"timer_broadcast","game":"wingo3","payload":{"minute":2,"secondtime1":4,"secondtime2":9}}
{"timestamp":"2026-09-09T07:03:11.434Z","level":"INFO","event":"timer_broadcast","game":"wingo5","payload":{"minute":1,"secondtime1":4,"secondtime2":9}}
{"timestamp":"2026-09-09T07:03:12.432Z","level":"INFO","event":"timer_broadcast","game":"wingo10","payload":{"minute":0,"secondtime1":1,"secondtime2":8}}
{"timestamp":"2026-09-09T07:03:12.433Z","level":"INFO","event":"timer_broadcast","game":"wingo","payload":{"minute":0,"secondtime1":4,"secondtime2":8}}
{"timestamp":"2026-09-09T07:03:12.434Z","level":"INFO","event":"timer_broadcast","game":"wingo3","payload":{"minute":2,"secondtime1":4,"secondtime2":8}}
{"timestamp":"2026-09-09T07:03:12.434Z","level":"INFO","event":"timer_broadcast","game":"wingo5","payload":{"minute":1,"secondtime1":4,"secondtime2":8}}
{"timestamp":"2026-09-09T07:03:13.433Z","level":"INFO","event":"timer_broadcast","game":"wingo10","payload":{"minute":0,"secondtime1":1,"secondtime2":7}}
{"timestamp":"2026-09-09T07:03:13.434Z","level":"INFO","event":"timer_broadcast","game":"wingo","payload":{"minute":0,"secondtime1":4,"secondtime2":7}}
{"timestamp":"2026-09-09T07:03:13.434Z","level":"INFO","event":"timer_broadcast","game":"wingo3","payload":{"minute":2,"secondtime1":4,"secondtime2":7}}
{"timestamp":"2026-09-09T07:03:13.435Z","level":"INFO","event":"timer_broadcast","game":"wingo5","payload":{"minute":1,"secondtime1":4,"secondtime2":7}}
{"timestamp":"2026-09-09T07:03:14.448Z","level":"INFO","event":"timer_broadcast","game":"wingo10","payload":{"minute":0,"secondtime1":1,"secondtime2":6}}
{"timestamp":"2026-09-09T07:03:14.449Z","level":"INFO","event":"timer_broadcast","game":"wingo","payload":{"minute":0,"secondtime1":4,"secondtime2":6}}
{"timestamp":"2026-09-09T07:03:14.450Z","level":"INFO","event":"timer_broadcast","game":"wingo3","payload":{"minute":2,"secondtime1":4,"secondtime2":6}}
{"timestamp":"2026-09-09T07:03:14.450Z","level":"INFO","event":"timer_broadcast","game":"wingo5","payload":{"minute":1,"secondtime1":4,"secondtime2":6}}
{"timestamp":"2026-09-09T07:03:15.448Z","level":"INFO","event":"timer_broadcast","game":"wingo10","payload":{"minute":0,"secondtime1":1,"secondtime2":5}}
{"timestamp":"2026-09-09T07:03:15.449Z","level":"INFO","event":"timer_broadcast","game":"wingo","payload":{"minute":0,"secondtime1":4,"secondtime2":5}}
{"timestamp":"2026-09-09T07:03:15.449Z","level":"INFO","event":"timer_broadcast","game":"wingo3","payload":{"minute":2,"secondtime1":4,"secondtime2":5}}
{"timestamp":"2026-09-09T07:03:15.450Z","level":"INFO","event":"timer_broadcast","game":"wingo5","payload":{"minute":1,"secondtime1":4,"secondtime2":5}}
{"timestamp":"2026-09-09T07:03:16.448Z","level":"INFO","event":"timer_broadcast","game":"wingo10","payload":{"minute":0,"secondtime1":1,"secondtime2":4}}
{"timestamp":"2026-09-09T07:03:16.449Z","level":"INFO","event":"timer_broadcast","game":"wingo","payload":{"minute":0,"secondtime1":4,"secondtime2":4}}
{"timestamp":"2026-09-09T07:03:16.449Z","level":"INFO","event":"timer_broadcast","game":"wingo3","payload":{"minute":2,"secondtime1":4,"secondtime2":4}}
{"timestamp":"2026-09-09T07:03:16.450Z","level":"INFO","event":"timer_broadcast","game":"wingo5","payload":{"minute":1,"secondtime1":4,"secondtime2":4}}
{"timestamp":"2026-09-09T07:03:17.448Z","level":"INFO","event":"timer_broadcast","game":"wingo10","payload":{"minute":0,"secondtime1":1,"secondtime2":3}}
{"timestamp":"2026-09-09T07:03:17.449Z","level":"INFO","event":"timer_broadcast","game":"wingo","payload":{"minute":0,"secondtime1":4,"secondtime2":3}}
{"timestamp":"2026-09-09T07:03:17.450Z","level":"INFO","event":"timer_broadcast","game":"wingo3","payload":{"minute":2,"secondtime1":4,"secondtime2":3}}
{"timestamp":"2026-09-09T07:03:17.450Z","level":"INFO","event":"timer_broadcast","game":"wingo5","payload":{"minute":1,"secondtime1":4,"secondtime2":3}}
{"timestamp":"2026-09-09T07:03:18.449Z","level":"INFO","event":"timer_broadcast","game":"wingo10","payload":{"minute":0,"secondtime1":1,"secondtime2":2}}
{"timestamp":"2026-09-09T07:03:18.449Z","level":"INFO","event":"timer_broadcast","game":"wingo","payload":{"minute":0,"secondtime1":4,"secondtime2":2}}
{"timestamp":"2026-09-09T07:03:18.450Z","level":"INFO","event":"timer_broadcast","game":"wingo3","payload":{"minute":2,"secondtime1":4,"secondtime2":2}}
{"timestamp":"2026-09-09T07:03:18.450Z","level":"INFO","event":"timer_broadcast","game":"wingo5","payload":{"minute":1,"secondtime1":4,"secondtime2":2}}
{"timestamp":"2026-09-09T07:03:19.448Z","level":"INFO","event":"timer_broadcast","game":"wingo10","payload":{"minute":0,"secondtime1":1,"secondtime2":1}}
{"timestamp":"2026-09-09T07:03:19.449Z","level":"INFO","event":"timer_broadcast","game":"wingo","payload":{"minute":0,"secondtime1":4,"secondtime2":1}}
{"timestamp":"2026-09-09T07:03:19.449Z","level":"INFO","event":"timer_broadcast","game":"wingo3","payload":{"minute":2,"secondtime1":4,"secondtime2":1}}
{"timestamp":"2026-09-09T07:03:19.450Z","level":"INFO","event":"timer_broadcast","game":"wingo5","payload":{"minute":1,"secondtime1":4,"secondtime2":1}}
{"timestamp":"2026-09-09T07:03:20.448Z","level":"INFO","event":"timer_broadcast","game":"wingo10","payload":{"minute":0,"secondtime1":1,"secondtime2":0}}
{"timestamp":"2026-09-09T07:03:20.449Z","level":"INFO","event":"timer_broadcast","game":"wingo","payload":{"minute":0,"secondtime1":4,"secondtime2":0}}
{"timestamp":"2026-09-09T07:03:20.450Z","level":"INFO","event":"timer_broadcast","game":"wingo3","payload":{"minute":2,"secondtime1":4,"secondtime2":0}}
{"timestamp":"2026-09-09T07:03:20.450Z","level":"INFO","event":"timer_broadcast","game":"wingo5","payload":{"minute":1,"secondtime1":4,"secondtime2":0}}
{"timestamp":"2026-09-09T07:03:21.449Z","level":"INFO","event":"timer_broadcast","game":"wingo10","payload":{"minute":0,"secondtime1":0,"secondtime2":9}}
{"timestamp":"2026-09-09T07:03:21.450Z","level":"INFO","event":"timer_broadcast","game":"wingo","payload":{"minute":0,"secondtime1":3,"secondtime2":9}}
{"timestamp":"2026-09-09T07:03:21.450Z","level":"INFO","event":"timer_broadcast","game":"wingo3","payload":{"minute":2,"secondtime1":3,"secondtime2":9}}
{"timestamp":"2026-09-09T07:03:21.451Z","level":"INFO","event":"timer_broadcast","game":"wingo5","payload":{"minute":1,"secondtime1":3,"secondtime2":9}}
{"timestamp":"2026-09-09T07:03:22.465Z","level":"INFO","event":"timer_broadcast","game":"wingo10","payload":{"minute":0,"secondtime1":0,"secondtime2":8}}
{"timestamp":"2026-09-09T07:03:22.466Z","level":"INFO","event":"timer_broadcast","game":"wingo","payload":{"minute":0,"secondtime1":3,"secondtime2":8}}
{"timestamp":"2026-09-09T07:03:22.466Z","level":"INFO","event":"timer_broadcast","game":"wingo3","payload":{"minute":2,"secondtime1":3,"secondtime2":8}}
{"timestamp":"2026-09-09T07:03:22.467Z","level":"INFO","event":"timer_broadcast","game":"wingo5","payload":{"minute":1,"secondtime1":3,"secondtime2":8}}
{"timestamp":"2026-09-09T07:03:23.466Z","level":"INFO","event":"timer_broadcast","game":"wingo10","payload":{"minute":0,"secondtime1":0,"secondtime2":7}}
{"timestamp":"2026-09-09T07:03:23.466Z","level":"INFO","event":"timer_broadcast","game":"wingo","payload":{"minute":0,"secondtime1":3,"secondtime2":7}}
{"timestamp":"2026-09-09T07:03:23.467Z","level":"INFO","event":"timer_broadcast","game":"wingo3","payload":{"minute":2,"secondtime1":3,"secondtime2":7}}
{"timestamp":"2026-09-09T07:03:23.467Z","level":"INFO","event":"timer_broadcast","game":"wingo5","payload":{"minute":1,"secondtime1":3,"secondtime2":7}}
{"timestamp":"2026-09-09T07:03:24.482Z","level":"INFO","event":"timer_broadcast","game":"wingo10","payload":{"minute":0,"secondtime1":0,"secondtime2":6}}
{"timestamp":"2026-09-09T07:03:24.483Z","level":"INFO","event":"timer_broadcast","game":"wingo","payload":{"minute":0,"secondtime1":3,"secondtime2":6}}
{"timestamp":"2026-09-09T07:03:24.483Z","level":"INFO","event":"timer_broadcast","game":"wingo3","payload":{"minute":2,"secondtime1":3,"secondtime2":6}}
{"timestamp":"2026-09-09T07:03:24.484Z","level":"INFO","event":"timer_broadcast","game":"wingo5","payload":{"minute":1,"secondtime1":3,"secondtime2":6}}
{"timestamp":"2026-09-09T07:03:25.483Z","level":"INFO","event":"timer_broadcast","game":"wingo10","payload":{"minute":0,"secondtime1":0,"secondtime2":5}}
{"timestamp":"2026-09-09T07:03:25.484Z","level":"INFO","event":"timer_broadcast","game":"wingo","payload":{"minute":0,"secondtime1":3,"secondtime2":5}}
{"timestamp":"2026-09-09T07:03:25.484Z","level":"INFO","event":"timer_broadcast","game":"wingo3","payload":{"minute":2,"secondtime1":3,"secondtime2":5}}
{"timestamp":"2026-09-09T07:03:25.485Z","level":"INFO","event":"timer_broadcast","game":"wingo5","payload":{"minute":1,"secondtime1":3,"secondtime2":5}}
{"timestamp":"2026-09-09T07:03:26.499Z","level":"INFO","event":"timer_broadcast","game":"wingo10","payload":{"minute":0,"secondtime1":0,"secondtime2":4}}
{"timestamp":"2026-09-09T07:03:26.499Z","level":"INFO","event":"timer_broadcast","game":"wingo","payload":{"minute":0,"secondtime1":3,"secondtime2":4}}
{"timestamp":"2026-09-09T07:03:26.500Z","level":"INFO","event":"timer_broadcast","game":"wingo3","payload":{"minute":2,"secondtime1":3,"secondtime2":4}}
{"timestamp":"2026-09-09T07:03:26.500Z","level":"INFO","event":"timer_broadcast","game":"wingo5","payload":{"minute":1,"secondtime1":3,"secondtime2":4}}
{"timestamp":"2026-09-09T07:03:27.499Z","level":"INFO","event":"timer_broadcast","game":"wingo10","payload":{"minute":0,"secondtime1":0,"secondtime2":3}}
{"timestamp":"2026-09-09T07:03:27.499Z","level":"INFO","event":"timer_broadcast","game":"wingo","payload":{"minute":0,"secondtime1":3,"secondtime2":3}}
{"timestamp":"2026-09-09T07:03:27.500Z","level":"INFO","event":"timer_broadcast","game":"wingo3","payload":{"minute":2,"secondtime1":3,"secondtime2":3}}
{"timestamp":"2026-09-09T07:03:27.501Z","level":"INFO","event":"timer_broadcast","game":"wingo5","payload":{"minute":1,"secondtime1":3,"secondtime2":3}}
{"timestamp":"2026-09-09T07:03:28.499Z","level":"INFO","event":"timer_broadcast","game":"wingo10","payload":{"minute":0,"secondtime1":0,"secondtime2":2}}
{"timestamp":"2026-09-09T07:03:28.500Z","level":"INFO","event":"timer_broadcast","game":"wingo","payload":{"minute":0,"secondtime1":3,"secondtime2":2}}
{"timestamp":"2026-09-09T07:03:28.500Z","level":"INFO","event":"timer_broadcast","game":"wingo3","payload":{"minute":2,"secondtime1":3,"secondtime2":2}}
{"timestamp":"2026-09-09T07:03:28.501Z","level":"INFO","event":"timer_broadcast","game":"wingo5","payload":{"minute":1,"secondtime1":3,"secondtime2":2}}
{"timestamp":"2026-09-09T07:03:29.499Z","level":"INFO","event":"timer_broadcast","game":"wingo10","payload":{"minute":0,"secondtime1":0,"secondtime2":1}}
{"timestamp":"2026-09-09T07:03:29.500Z","level":"INFO","event":"timer_broadcast","game":"wingo","payload":{"minute":0,"secondtime1":3,"secondtime2":1}}
{"timestamp":"2026-09-09T07:03:29.500Z","level":"INFO","event":"timer_broadcast","game":"wingo3","payload":{"minute":2,"secondtime1":3,"secondtime2":1}}
{"timestamp":"2026-09-09T07:03:29.501Z","level":"INFO","event":"timer_broadcast","game":"wingo5","payload":{"minute":1,"secondtime1":3,"secondtime2":1}}
{"timestamp":"2026-09-09T07:03:30.499Z","level":"INFO","event":"timer_broadcast","game":"wingo10","payload":{"minute":0,"secondtime1":3,"secondtime2":0}}
{"timestamp":"2026-09-09T07:03:30.500Z","level":"INFO","event":"timer_broadcast","game":"wingo","payload":{"minute":0,"secondtime1":3,"secondtime2":0}}
{"timestamp":"2026-09-09T07:03:30.501Z","level":"INFO","event":"timer_broadcast","game":"wingo3","payload":{"minute":2,"secondtime1":3,"secondtime2":0}}
{"timestamp":"2026-09-09T07:03:30.501Z","level":"INFO","event":"timer_broadcast","game":"wingo5","payload":{"minute":1,"secondtime1":3,"secondtime2":0}}
{"timestamp":"2026-09-09T07:03:30.502Z","level":"INFO","event":"timer_boundary","game":"wingo10","intervalSeconds":30,"totalSeconds":45210,"boundary":1507}
{"timestamp":"2026-09-09T07:03:30.869Z","level":"INFO","event":"result_emitted","game":"wingo10","period":"38463943","amount":9}
{"timestamp":"2026-09-09T07:03:31.500Z","level":"INFO","event":"timer_broadcast","game":"wingo10","payload":{"minute":0,"secondtime1":2,"secondtime2":9}}
{"timestamp":"2026-09-09T07:03:31.501Z","level":"INFO","event":"timer_broadcast","game":"wingo","payload":{"minute":0,"secondtime1":2,"secondtime2":9}}
{"timestamp":"2026-09-09T07:03:31.501Z","level":"INFO","event":"timer_broadcast","game":"wingo3","payload":{"minute":2,"secondtime1":2,"secondtime2":9}}
{"timestamp":"2026-09-09T07:03:31.502Z","level":"INFO","event":"timer_broadcast","game":"wingo5","payload":{"minute":1,"secondtime1":2,"secondtime2":9}}
{"timestamp":"2026-09-09T07:03:32.516Z","level":"INFO","event":"timer_broadcast","game":"wingo10","payload":{"minute":0,"secondtime1":2,"secondtime2":8}}
{"timestamp":"2026-09-09T07:03:32.516Z","level":"INFO","event":"timer_broadcast","game":"wingo","payload":{"minute":0,"secondtime1":2,"secondtime2":8}}
{"timestamp":"2026-09-09T07:03:32.517Z","level":"INFO","event":"timer_broadcast","game":"wingo3","payload":{"minute":2,"secondtime1":2,"secondtime2":8}}
{"timestamp":"2026-09-09T07:03:32.517Z","level":"INFO","event":"timer_broadcast","game":"wingo5","payload":{"minute":1,"secondtime1":2,"secondtime2":8}}
{"timestamp":"2026-09-09T07:03:33.516Z","level":"INFO","event":"timer_broadcast","game":"wingo10","payload":{"minute":0,"secondtime1":2,"secondtime2":7}}
{"timestamp":"2026-09-09T07:03:33.517Z","level":"INFO","event":"timer_broadcast","game":"wingo","payload":{"minute":0,"secondtime1":2,"secondtime2":7}}
{"timestamp":"2026-09-09T07:03:33.518Z","level":"INFO","event":"timer_broadcast","game":"wingo3","payload":{"minute":2,"secondtime1":2,"secondtime2":7}}
{"timestamp":"2026-09-09T07:03:33.518Z","level":"INFO","event":"timer_broadcast","game":"wingo5","payload":{"minute":1,"secondtime1":2,"secondtime2":7}}
{"timestamp":"2026-09-09T07:03:34.516Z","level":"INFO","event":"timer_broadcast","game":"wingo10","payload":{"minute":0,"secondtime1":2,"secondtime2":6}}
{"timestamp":"2026-09-09T07:03:34.517Z","level":"INFO","event":"timer_broadcast","game":"wingo","payload":{"minute":0,"secondtime1":2,"secondtime2":6}}
{"timestamp":"2026-09-09T07:03:34.517Z","level":"INFO","event":"timer_broadcast","game":"wingo3","payload":{"minute":2,"secondtime1":2,"secondtime2":6}}
{"timestamp":"2026-09-09T07:03:34.518Z","level":"INFO","event":"timer_broadcast","game":"wingo5","payload":{"minute":1,"secondtime1":2,"secondtime2":6}}
{"timestamp":"2026-09-09T07:03:35.516Z","level":"INFO","event":"timer_broadcast","game":"wingo10","payload":{"minute":0,"secondtime1":2,"secondtime2":5}}
{"timestamp":"2026-09-09T07:03:35.517Z","level":"INFO","event":"timer_broadcast","game":"wingo","payload":{"minute":0,"secondtime1":2,"secondtime2":5}}
{"timestamp":"2026-09-09T07:03:35.517Z","level":"INFO","event":"timer_broadcast","game":"wingo3","payload":{"minute":2,"secondtime1":2,"secondtime2":5}}
{"timestamp":"2026-09-09T07:03:35.518Z","level":"INFO","event":"timer_broadcast","game":"wingo5","payload":{"minute":1,"secondtime1":2,"secondtime2":5}}
{"timestamp":"2026-09-09T07:03:36.516Z","level":"INFO","event":"timer_broadcast","game":"wingo10","payload":{"minute":0,"secondtime1":2,"secondtime2":4}}
{"timestamp":"2026-09-09T07:03:36.517Z","level":"INFO","event":"timer_broadcast","game":"wingo","payload":{"minute":0,"secondtime1":2,"secondtime2":4}}
{"timestamp":"2026-09-09T07:03:36.518Z","level":"INFO","event":"timer_broadcast","game":"wingo3","payload":{"minute":2,"secondtime1":2,"secondtime2":4}}
{"timestamp":"2026-09-09T07:03:36.518Z","level":"INFO","event":"timer_broadcast","game":"wingo5","payload":{"minute":1,"secondtime1":2,"secondtime2":4}}
{"timestamp":"2026-09-09T07:03:37.516Z","level":"INFO","event":"timer_broadcast","game":"wingo10","payload":{"minute":0,"secondtime1":2,"secondtime2":3}}
{"timestamp":"2026-09-09T07:03:37.517Z","level":"INFO","event":"timer_broadcast","game":"wingo","payload":{"minute":0,"secondtime1":2,"secondtime2":3}}
{"timestamp":"2026-09-09T07:03:37.518Z","level":"INFO","event":"timer_broadcast","game":"wingo3","payload":{"minute":2,"secondtime1":2,"secondtime2":3}}
{"timestamp":"2026-09-09T07:03:37.519Z","level":"INFO","event":"timer_broadcast","game":"wingo5","payload":{"minute":1,"secondtime1":2,"secondtime2":3}}
{"timestamp":"2026-09-09T07:03:38.517Z","level":"INFO","event":"timer_broadcast","game":"wingo10","payload":{"minute":0,"secondtime1":2,"secondtime2":2}}
{"timestamp":"2026-09-09T07:03:38.518Z","level":"INFO","event":"timer_broadcast","game":"wingo","payload":{"minute":0,"secondtime1":2,"secondtime2":2}}
{"timestamp":"2026-09-09T07:03:38.518Z","level":"INFO","event":"timer_broadcast","game":"wingo3","payload":{"minute":2,"secondtime1":2,"secondtime2":2}}
{"timestamp":"2026-09-09T07:03:38.519Z","level":"INFO","event":"timer_broadcast","game":"wingo5","payload":{"minute":1,"secondtime1":2,"secondtime2":2}}
{"timestamp":"2026-09-09T07:03:39.542Z","level":"INFO","event":"timer_broadcast","game":"wingo10","payload":{"minute":0,"secondtime1":2,"secondtime2":1}}
{"timestamp":"2026-09-09T07:03:39.542Z","level":"INFO","event":"timer_broadcast","game":"wingo","payload":{"minute":0,"secondtime1":2,"secondtime2":1}}
{"timestamp":"2026-09-09T07:03:39.543Z","level":"INFO","event":"timer_broadcast","game":"wingo3","payload":{"minute":2,"secondtime1":2,"secondtime2":1}}
{"timestamp":"2026-09-09T07:03:39.543Z","level":"INFO","event":"timer_broadcast","game":"wingo5","payload":{"minute":1,"secondtime1":2,"secondtime2":1}}
{"timestamp":"2026-09-09T07:03:40.543Z","level":"INFO","event":"timer_broadcast","game":"wingo10","payload":{"minute":0,"secondtime1":2,"secondtime2":0}}
{"timestamp":"2026-09-09T07:03:40.543Z","level":"INFO","event":"timer_broadcast","game":"wingo","payload":{"minute":0,"secondtime1":2,"secondtime2":0}}
{"timestamp":"2026-09-09T07:03:40.544Z","level":"INFO","event":"timer_broadcast","game":"wingo3","payload":{"minute":2,"secondtime1":2,"secondtime2":0}}
{"timestamp":"2026-09-09T07:03:40.545Z","level":"INFO","event":"timer_broadcast","game":"wingo5","payload":{"minute":1,"secondtime1":2,"secondtime2":0}}
{"timestamp":"2026-09-09T07:03:41.544Z","level":"INFO","event":"timer_broadcast","game":"wingo10","payload":{"minute":0,"secondtime1":1,"secondtime2":9}}
{"timestamp":"2026-09-09T07:03:41.545Z","level":"INFO","event":"timer_broadcast","game":"wingo","payload":{"minute":0,"secondtime1":1,"secondtime2":9}}
{"timestamp":"2026-09-09T07:03:41.545Z","level":"INFO","event":"timer_broadcast","game":"wingo3","payload":{"minute":2,"secondtime1":1,"secondtime2":9}}
{"timestamp":"2026-09-09T07:03:41.546Z","level":"INFO","event":"timer_broadcast","game":"wingo5","payload":{"minute":1,"secondtime1":1,"secondtime2":9}}
{"timestamp":"2026-09-09T07:03:42.546Z","level":"INFO","event":"timer_broadcast","game":"wingo10","payload":{"minute":0,"secondtime1":1,"secondtime2":8}}
{"timestamp":"2026-09-09T07:03:42.547Z","level":"INFO","event":"timer_broadcast","game":"wingo","payload":{"minute":0,"secondtime1":1,"secondtime2":8}}
{"timestamp":"2026-09-09T07:03:42.547Z","level":"INFO","event":"timer_broadcast","game":"wingo3","payload":{"minute":2,"secondtime1":1,"secondtime2":8}}
{"timestamp":"2026-09-09T07:03:42.548Z","level":"INFO","event":"timer_broadcast","game":"wingo5","payload":{"minute":1,"secondtime1":1,"secondtime2":8}}
{"timestamp":"2026-09-09T07:03:43.547Z","level":"INFO","event":"timer_broadcast","game":"wingo10","payload":{"minute":0,"secondtime1":1,"secondtime2":7}}
{"timestamp":"2026-09-09T07:03:43.548Z","level":"INFO","event":"timer_broadcast","game":"wingo","payload":{"minute":0,"secondtime1":1,"secondtime2":7}}
{"timestamp":"2026-09-09T07:03:43.548Z","level":"INFO","event":"timer_broadcast","game":"wingo3","payload":{"minute":2,"secondtime1":1,"secondtime2":7}}
{"timestamp":"2026-09-09T07:03:43.548Z","level":"INFO","event":"timer_broadcast","game":"wingo5","payload":{"minute":1,"secondtime1":1,"secondtime2":7}}
{"timestamp":"2026-09-09T07:03:44.557Z","level":"INFO","event":"timer_broadcast","game":"wingo10","payload":{"minute":0,"secondtime1":1,"secondtime2":6}}
{"timestamp":"2026-09-09T07:03:44.558Z","level":"INFO","event":"timer_broadcast","game":"wingo","payload":{"minute":0,"secondtime1":1,"secondtime2":6}}
{"timestamp":"2026-09-09T07:03:44.559Z","level":"INFO","event":"timer_broadcast","game":"wingo3","payload":{"minute":2,"secondtime1":1,"secondtime2":6}}
{"timestamp":"2026-09-09T07:03:44.559Z","level":"INFO","event":"timer_broadcast","game":"wingo5","payload":{"minute":1,"secondtime1":1,"secondtime2":6}}
{"timestamp":"2026-09-09T07:03:45.560Z","level":"INFO","event":"timer_broadcast","game":"wingo10","payload":{"minute":0,"secondtime1":1,"secondtime2":5}}
{"timestamp":"2026-09-09T07:03:45.561Z","level":"INFO","event":"timer_broadcast","game":"wingo","payload":{"minute":0,"secondtime1":1,"secondtime2":5}}
{"timestamp":"2026-09-09T07:03:45.561Z","level":"INFO","event":"timer_broadcast","game":"wingo3","payload":{"minute":2,"secondtime1":1,"secondtime2":5}}
{"timestamp":"2026-09-09T07:03:45.562Z","level":"INFO","event":"timer_broadcast","game":"wingo5","payload":{"minute":1,"secondtime1":1,"secondtime2":5}}
{"timestamp":"2026-09-09T07:03:46.575Z","level":"INFO","event":"timer_broadcast","game":"wingo10","payload":{"minute":0,"secondtime1":1,"secondtime2":4}}
{"timestamp":"2026-09-09T07:03:46.576Z","level":"INFO","event":"timer_broadcast","game":"wingo","payload":{"minute":0,"secondtime1":1,"secondtime2":4}}
{"timestamp":"2026-09-09T07:03:46.576Z","level":"INFO","event":"timer_broadcast","game":"wingo3","payload":{"minute":2,"secondtime1":1,"secondtime2":4}}
{"timestamp":"2026-09-09T07:03:46.577Z","level":"INFO","event":"timer_broadcast","game":"wingo5","payload":{"minute":1,"secondtime1":1,"secondtime2":4}}
{"timestamp":"2026-09-09T07:03:47.583Z","level":"INFO","event":"timer_broadcast","game":"wingo10","payload":{"minute":0,"secondtime1":1,"secondtime2":3}}
{"timestamp":"2026-09-09T07:03:47.584Z","level":"INFO","event":"timer_broadcast","game":"wingo","payload":{"minute":0,"secondtime1":1,"secondtime2":3}}
{"timestamp":"2026-09-09T07:03:47.584Z","level":"INFO","event":"timer_broadcast","game":"wingo3","payload":{"minute":2,"secondtime1":1,"secondtime2":3}}
{"timestamp":"2026-09-09T07:03:47.585Z","level":"INFO","event":"timer_broadcast","game":"wingo5","payload":{"minute":1,"secondtime1":1,"secondtime2":3}}
{"timestamp":"2026-09-09T07:03:48.592Z","level":"INFO","event":"timer_broadcast","game":"wingo10","payload":{"minute":0,"secondtime1":1,"secondtime2":2}}
{"timestamp":"2026-09-09T07:03:48.593Z","level":"INFO","event":"timer_broadcast","game":"wingo","payload":{"minute":0,"secondtime1":1,"secondtime2":2}}
{"timestamp":"2026-09-09T07:03:48.594Z","level":"INFO","event":"timer_broadcast","game":"wingo3","payload":{"minute":2,"secondtime1":1,"secondtime2":2}}
{"timestamp":"2026-09-09T07:03:48.594Z","level":"INFO","event":"timer_broadcast","game":"wingo5","payload":{"minute":1,"secondtime1":1,"secondtime2":2}}
{"timestamp":"2026-09-09T07:03:49.592Z","level":"INFO","event":"timer_broadcast","game":"wingo10","payload":{"minute":0,"secondtime1":1,"secondtime2":1}}
{"timestamp":"2026-09-09T07:03:49.593Z","level":"INFO","event":"timer_broadcast","game":"wingo","payload":{"minute":0,"secondtime1":1,"secondtime2":1}}
{"timestamp":"2026-09-09T07:03:49.593Z","level":"INFO","event":"timer_broadcast","game":"wingo3","payload":{"minute":2,"secondtime1":1,"secondtime2":1}}
{"timestamp":"2026-09-09T07:03:49.594Z","level":"INFO","event":"timer_broadcast","game":"wingo5","payload":{"minute":1,"secondtime1":1,"secondtime2":1}}
{"timestamp":"2026-09-09T07:03:50.593Z","level":"INFO","event":"timer_broadcast","game":"wingo10","payload":{"minute":0,"secondtime1":1,"secondtime2":0}}
{"timestamp":"2026-09-09T07:03:50.594Z","level":"INFO","event":"timer_broadcast","game":"wingo","payload":{"minute":0,"secondtime1":1,"secondtime2":0}}
{"timestamp":"2026-09-09T07:03:50.594Z","level":"INFO","event":"timer_broadcast","game":"wingo3","payload":{"minute":2,"secondtime1":1,"secondtime2":0}}
{"timestamp":"2026-09-09T07:03:50.595Z","level":"INFO","event":"timer_broadcast","game":"wingo5","payload":{"minute":1,"secondtime1":1,"secondtime2":0}}
{"timestamp":"2026-09-09T07:03:51.594Z","level":"INFO","event":"timer_broadcast","game":"wingo10","payload":{"minute":0,"secondtime1":0,"secondtime2":9}}
{"timestamp":"2026-09-09T07:03:51.595Z","level":"INFO","event":"timer_broadcast","game":"wingo","payload":{"minute":0,"secondtime1":0,"secondtime2":9}}
{"timestamp":"2026-09-09T07:03:51.595Z","level":"INFO","event":"timer_broadcast","game":"wingo3","payload":{"minute":2,"secondtime1":0,"secondtime2":9}}
{"timestamp":"2026-09-09T07:03:51.596Z","level":"INFO","event":"timer_broadcast","game":"wingo5","payload":{"minute":1,"secondtime1":0,"secondtime2":9}}
{"timestamp":"2026-09-09T07:03:52.595Z","level":"INFO","event":"timer_broadcast","game":"wingo10","payload":{"minute":0,"secondtime1":0,"secondtime2":8}}
{"timestamp":"2026-09-09T07:03:52.596Z","level":"INFO","event":"timer_broadcast","game":"wingo","payload":{"minute":0,"secondtime1":0,"secondtime2":8}}
{"timestamp":"2026-09-09T07:03:52.597Z","level":"INFO","event":"timer_broadcast","game":"wingo3","payload":{"minute":2,"secondtime1":0,"secondtime2":8}}
{"timestamp":"2026-09-09T07:03:52.598Z","level":"INFO","event":"timer_broadcast","game":"wingo5","payload":{"minute":1,"secondtime1":0,"secondtime2":8}}
{"timestamp":"2026-09-09T07:03:53.602Z","level":"INFO","event":"timer_broadcast","game":"wingo10","payload":{"minute":0,"secondtime1":0,"secondtime2":7}}
{"timestamp":"2026-09-09T07:03:53.603Z","level":"INFO","event":"timer_broadcast","game":"wingo","payload":{"minute":0,"secondtime1":0,"secondtime2":7}}
{"timestamp":"2026-09-09T07:03:53.603Z","level":"INFO","event":"timer_broadcast","game":"wingo3","payload":{"minute":2,"secondtime1":0,"secondtime2":7}}
{"timestamp":"2026-09-09T07:03:53.604Z","level":"INFO","event":"timer_broadcast","game":"wingo5","payload":{"minute":1,"secondtime1":0,"secondtime2":7}}
{"timestamp":"2026-09-09T07:03:54.607Z","level":"INFO","event":"timer_broadcast","game":"wingo10","payload":{"minute":0,"secondtime1":0,"secondtime2":6}}
{"timestamp":"2026-09-09T07:03:54.608Z","level":"INFO","event":"timer_broadcast","game":"wingo","payload":{"minute":0,"secondtime1":0,"secondtime2":6}}
{"timestamp":"2026-09-09T07:03:54.608Z","level":"INFO","event":"timer_broadcast","game":"wingo3","payload":{"minute":2,"secondtime1":0,"secondtime2":6}}
{"timestamp":"2026-09-09T07:03:54.608Z","level":"INFO","event":"timer_broadcast","game":"wingo5","payload":{"minute":1,"secondtime1":0,"secondtime2":6}}
{"timestamp":"2026-09-09T07:03:55.615Z","level":"INFO","event":"timer_broadcast","game":"wingo10","payload":{"minute":0,"secondtime1":0,"secondtime2":5}}
{"timestamp":"2026-09-09T07:03:55.615Z","level":"INFO","event":"timer_broadcast","game":"wingo","payload":{"minute":0,"secondtime1":0,"secondtime2":5}}
{"timestamp":"2026-09-09T07:03:55.616Z","level":"INFO","event":"timer_broadcast","game":"wingo3","payload":{"minute":2,"secondtime1":0,"secondtime2":5}}
{"timestamp":"2026-09-09T07:03:55.616Z","level":"INFO","event":"timer_broadcast","game":"wingo5","payload":{"minute":1,"secondtime1":0,"secondtime2":5}}
{"timestamp":"2026-09-09T07:03:56.623Z","level":"INFO","event":"timer_broadcast","game":"wingo10","payload":{"minute":0,"secondtime1":0,"secondtime2":4}}
{"timestamp":"2026-09-09T07:03:56.624Z","level":"INFO","event":"timer_broadcast","game":"wingo","payload":{"minute":0,"secondtime1":0,"secondtime2":4}}
{"timestamp":"2026-09-09T07:03:56.624Z","level":"INFO","event":"timer_broadcast","game":"wingo3","payload":{"minute":2,"secondtime1":0,"secondtime2":4}}
{"timestamp":"2026-09-09T07:03:56.624Z","level":"INFO","event":"timer_broadcast","game":"wingo5","payload":{"minute":1,"secondtime1":0,"secondtime2":4}}
{"timestamp":"2026-09-09T07:03:57.635Z","level":"INFO","event":"timer_broadcast","game":"wingo10","payload":{"minute":0,"secondtime1":0,"secondtime2":3}}
{"timestamp":"2026-09-09T07:03:57.636Z","level":"INFO","event":"timer_broadcast","game":"wingo","payload":{"minute":0,"secondtime1":0,"secondtime2":3}}
{"timestamp":"2026-09-09T07:03:57.636Z","level":"INFO","event":"timer_broadcast","game":"wingo3","payload":{"minute":2,"secondtime1":0,"secondtime2":3}}
{"timestamp":"2026-09-09T07:03:57.637Z","level":"INFO","event":"timer_broadcast","game":"wingo5","payload":{"minute":1,"secondtime1":0,"secondtime2":3}}
{"timestamp":"2026-09-09T07:03:58.642Z","level":"INFO","event":"timer_broadcast","game":"wingo10","payload":{"minute":0,"secondtime1":0,"secondtime2":2}}
{"timestamp":"2026-09-09T07:03:58.643Z","level":"INFO","event":"timer_broadcast","game":"wingo","payload":{"minute":0,"secondtime1":0,"secondtime2":2}}
{"timestamp":"2026-09-09T07:03:58.643Z","level":"INFO","event":"timer_broadcast","game":"wingo3","payload":{"minute":2,"secondtime1":0,"secondtime2":2}}
{"timestamp":"2026-09-09T07:03:58.644Z","level":"INFO","event":"timer_broadcast","game":"wingo5","payload":{"minute":1,"secondtime1":0,"secondtime2":2}}
{"timestamp":"2026-09-09T07:03:59.654Z","level":"INFO","event":"timer_broadcast","game":"wingo10","payload":{"minute":0,"secondtime1":0,"secondtime2":1}}
{"timestamp":"2026-09-09T07:03:59.655Z","level":"INFO","event":"timer_broadcast","game":"wingo","payload":{"minute":0,"secondtime1":0,"secondtime2":1}}
{"timestamp":"2026-09-09T07:03:59.655Z","level":"INFO","event":"timer_broadcast","game":"wingo3","payload":{"minute":2,"secondtime1":0,"secondtime2":1}}
{"timestamp":"2026-09-09T07:03:59.656Z","level":"INFO","event":"timer_broadcast","game":"wingo5","payload":{"minute":1,"secondtime1":0,"secondtime2":1}}
{"timestamp":"2026-09-09T07:04:00.662Z","level":"INFO","event":"timer_broadcast","game":"wingo10","payload":{"minute":0,"secondtime1":3,"secondtime2":0}}
{"timestamp":"2026-09-09T07:04:00.662Z","level":"INFO","event":"timer_broadcast","game":"wingo","payload":{"minute":1,"secondtime1":0,"secondtime2":0}}
{"timestamp":"2026-09-09T07:04:00.663Z","level":"INFO","event":"timer_broadcast","game":"wingo3","payload":{"minute":2,"secondtime1":0,"secondtime2":0}}
{"timestamp":"2026-09-09T07:04:00.663Z","level":"INFO","event":"timer_broadcast","game":"wingo5","payload":{"minute":1,"secondtime1":0,"secondtime2":0}}
{"timestamp":"2026-09-09T07:04:00.664Z","level":"INFO","event":"timer_boundary","game":"wingo10","intervalSeconds":30,"totalSeconds":45240,"boundary":1508}
{"timestamp":"2026-09-09T07:04:00.665Z","level":"INFO","event":"timer_boundary","game":"wingo","intervalSeconds":60,"totalSeconds":45240,"boundary":754}
{"timestamp":"2026-09-09T07:04:01.004Z","level":"INFO","event":"result_emitted","game":"wingo","period":"2667753","amount":3}
{"timestamp":"2026-09-09T07:04:01.015Z","level":"INFO","event":"result_emitted","game":"wingo10","period":"38463945","amount":6}
{"timestamp":"2026-09-09T07:04:01.679Z","level":"INFO","event":"timer_broadcast","game":"wingo10","payload":{"minute":0,"secondtime1":2,"secondtime2":9}}
{"timestamp":"2026-09-09T07:04:01.680Z","level":"INFO","event":"timer_broadcast","game":"wingo","payload":{"minute":0,"secondtime1":5,"secondtime2":9}}
{"timestamp":"2026-09-09T07:04:01.680Z","level":"INFO","event":"timer_broadcast","game":"wingo3","payload":{"minute":1,"secondtime1":5,"secondtime2":9}}
{"timestamp":"2026-09-09T07:04:01.681Z","level":"INFO","event":"timer_broadcast","game":"wingo5","payload":{"minute":0,"secondtime1":5,"secondtime2":9}}
{"timestamp":"2026-09-09T07:04:02.691Z","level":"INFO","event":"timer_broadcast","game":"wingo10","payload":{"minute":0,"secondtime1":2,"secondtime2":8}}
{"timestamp":"2026-09-09T07:04:02.691Z","level":"INFO","event":"timer_broadcast","game":"wingo","payload":{"minute":0,"secondtime1":5,"secondtime2":8}}
{"timestamp":"2026-09-09T07:04:02.692Z","level":"INFO","event":"timer_broadcast","game":"wingo3","payload":{"minute":1,"secondtime1":5,"secondtime2":8}}
{"timestamp":"2026-09-09T07:04:02.692Z","level":"INFO","event":"timer_broadcast","game":"wingo5","payload":{"minute":0,"secondtime1":5,"secondtime2":8}}
{"timestamp":"2026-09-09T07:04:03.691Z","level":"INFO","event":"timer_broadcast","game":"wingo10","payload":{"minute":0,"secondtime1":2,"secondtime2":7}}
{"timestamp":"2026-09-09T07:04:03.692Z","level":"INFO","event":"timer_broadcast","game":"wingo","payload":{"minute":0,"secondtime1":5,"secondtime2":7}}
{"timestamp":"2026-09-09T07:04:03.692Z","level":"INFO","event":"timer_broadcast","game":"wingo3","payload":{"minute":1,"secondtime1":5,"secondtime2":7}}
{"timestamp":"2026-09-09T07:04:03.693Z","level":"INFO","event":"timer_broadcast","game":"wingo5","payload":{"minute":0,"secondtime1":5,"secondtime2":7}}
{"timestamp":"2026-09-09T07:04:04.693Z","level":"INFO","event":"timer_broadcast","game":"wingo10","payload":{"minute":0,"secondtime1":2,"secondtime2":6}}
{"timestamp":"2026-09-09T07:04:04.694Z","level":"INFO","event":"timer_broadcast","game":"wingo","payload":{"minute":0,"secondtime1":5,"secondtime2":6}}
{"timestamp":"2026-09-09T07:04:04.694Z","level":"INFO","event":"timer_broadcast","game":"wingo3","payload":{"minute":1,"secondtime1":5,"secondtime2":6}}
{"timestamp":"2026-09-09T07:04:04.694Z","level":"INFO","event":"timer_broadcast","game":"wingo5","payload":{"minute":0,"secondtime1":5,"secondtime2":6}}
{"timestamp":"2026-09-09T07:04:05.708Z","level":"INFO","event":"timer_broadcast","game":"wingo10","payload":{"minute":0,"secondtime1":2,"secondtime2":5}}
{"timestamp":"2026-09-09T07:04:05.709Z","level":"INFO","event":"timer_broadcast","game":"wingo","payload":{"minute":0,"secondtime1":5,"secondtime2":5}}
{"timestamp":"2026-09-09T07:04:05.709Z","level":"INFO","event":"timer_broadcast","game":"wingo3","payload":{"minute":1,"secondtime1":5,"secondtime2":5}}
{"timestamp":"2026-09-09T07:04:05.710Z","level":"INFO","event":"timer_broadcast","game":"wingo5","payload":{"minute":0,"secondtime1":5,"secondtime2":5}}
{"timestamp":"2026-09-09T07:04:06.709Z","level":"INFO","event":"timer_broadcast","game":"wingo10","payload":{"minute":0,"secondtime1":2,"secondtime2":4}}
{"timestamp":"2026-09-09T07:04:06.709Z","level":"INFO","event":"timer_broadcast","game":"wingo","payload":{"minute":0,"secondtime1":5,"secondtime2":4}}
{"timestamp":"2026-09-09T07:04:06.710Z","level":"INFO","event":"timer_broadcast","game":"wingo3","payload":{"minute":1,"secondtime1":5,"secondtime2":4}}
{"timestamp":"2026-09-09T07:04:06.710Z","level":"INFO","event":"timer_broadcast","game":"wingo5","payload":{"minute":0,"secondtime1":5,"secondtime2":4}}
{"timestamp":"2026-09-09T07:04:07.716Z","level":"INFO","event":"timer_broadcast","game":"wingo10","payload":{"minute":0,"secondtime1":2,"secondtime2":3}}
{"timestamp":"2026-09-09T07:04:07.717Z","level":"INFO","event":"timer_broadcast","game":"wingo","payload":{"minute":0,"secondtime1":5,"secondtime2":3}}
{"timestamp":"2026-09-09T07:04:07.717Z","level":"INFO","event":"timer_broadcast","game":"wingo3","payload":{"minute":1,"secondtime1":5,"secondtime2":3}}
{"timestamp":"2026-09-09T07:04:07.718Z","level":"INFO","event":"timer_broadcast","game":"wingo5","payload":{"minute":0,"secondtime1":5,"secondtime2":3}}
{"timestamp":"2026-09-09T07:04:08.717Z","level":"INFO","event":"timer_broadcast","game":"wingo10","payload":{"minute":0,"secondtime1":2,"secondtime2":2}}
{"timestamp":"2026-09-09T07:04:08.718Z","level":"INFO","event":"timer_broadcast","game":"wingo","payload":{"minute":0,"secondtime1":5,"secondtime2":2}}
{"timestamp":"2026-09-09T07:04:08.718Z","level":"INFO","event":"timer_broadcast","game":"wingo3","payload":{"minute":1,"secondtime1":5,"secondtime2":2}}
{"timestamp":"2026-09-09T07:04:08.718Z","level":"INFO","event":"timer_broadcast","game":"wingo5","payload":{"minute":0,"secondtime1":5,"secondtime2":2}}
{"timestamp":"2026-09-09T07:04:09.727Z","level":"INFO","event":"timer_broadcast","game":"wingo10","payload":{"minute":0,"secondtime1":2,"secondtime2":1}}
{"timestamp":"2026-09-09T07:04:09.728Z","level":"INFO","event":"timer_broadcast","game":"wingo","payload":{"minute":0,"secondtime1":5,"secondtime2":1}}
{"timestamp":"2026-09-09T07:04:09.729Z","level":"INFO","event":"timer_broadcast","game":"wingo3","payload":{"minute":1,"secondtime1":5,"secondtime2":1}}
{"timestamp":"2026-09-09T07:04:09.729Z","level":"INFO","event":"timer_broadcast","game":"wingo5","payload":{"minute":0,"secondtime1":5,"secondtime2":1}}
{"timestamp":"2026-09-09T07:04:10.742Z","level":"INFO","event":"timer_broadcast","game":"wingo10","payload":{"minute":0,"secondtime1":2,"secondtime2":0}}
{"timestamp":"2026-09-09T07:04:10.743Z","level":"INFO","event":"timer_broadcast","game":"wingo","payload":{"minute":0,"secondtime1":5,"secondtime2":0}}
{"timestamp":"2026-09-09T07:04:10.743Z","level":"INFO","event":"timer_broadcast","game":"wingo3","payload":{"minute":1,"secondtime1":5,"secondtime2":0}}
{"timestamp":"2026-09-09T07:04:10.743Z","level":"INFO","event":"timer_broadcast","game":"wingo5","payload":{"minute":0,"secondtime1":5,"secondtime2":0}}
{"timestamp":"2026-09-09T07:04:11.749Z","level":"INFO","event":"timer_broadcast","game":"wingo10","payload":{"minute":0,"secondtime1":1,"secondtime2":9}}
{"timestamp":"2026-09-09T07:04:11.749Z","level":"INFO","event":"timer_broadcast","game":"wingo","payload":{"minute":0,"secondtime1":4,"secondtime2":9}}
{"timestamp":"2026-09-09T07:04:11.750Z","level":"INFO","event":"timer_broadcast","game":"wingo3","payload":{"minute":1,"secondtime1":4,"secondtime2":9}}
{"timestamp":"2026-09-09T07:04:11.750Z","level":"INFO","event":"timer_broadcast","game":"wingo5","payload":{"minute":0,"secondtime1":4,"secondtime2":9}}
{"timestamp":"2026-09-09T07:04:12.760Z","level":"INFO","event":"timer_broadcast","game":"wingo10","payload":{"minute":0,"secondtime1":1,"secondtime2":8}}
{"timestamp":"2026-09-09T07:04:12.761Z","level":"INFO","event":"timer_broadcast","game":"wingo","payload":{"minute":0,"secondtime1":4,"secondtime2":8}}
{"timestamp":"2026-09-09T07:04:12.761Z","level":"INFO","event":"timer_broadcast","game":"wingo3","payload":{"minute":1,"secondtime1":4,"secondtime2":8}}
{"timestamp":"2026-09-09T07:04:12.762Z","level":"INFO","event":"timer_broadcast","game":"wingo5","payload":{"minute":0,"secondtime1":4,"secondtime2":8}}
{"timestamp":"2026-09-09T07:04:19.524Z","level":"INFO","event":"timer_broadcast","game":"wingo10","payload":{"minute":0,"secondtime1":1,"secondtime2":1}}
{"timestamp":"2026-09-09T07:04:19.526Z","level":"INFO","event":"timer_broadcast","game":"wingo","payload":{"minute":0,"secondtime1":4,"secondtime2":1}}
{"timestamp":"2026-09-09T07:04:19.526Z","level":"INFO","event":"timer_broadcast","game":"wingo3","payload":{"minute":1,"secondtime1":4,"secondtime2":1}}
{"timestamp":"2026-09-09T07:04:19.527Z","level":"INFO","event":"timer_broadcast","game":"wingo5","payload":{"minute":0,"secondtime1":4,"secondtime2":1}}
{"timestamp":"2026-09-09T07:04:19.573Z","level":"INFO","event":"timer_broadcast","game":"wingo10","payload":{"minute":0,"secondtime1":1,"secondtime2":1}}
{"timestamp":"2026-09-09T07:04:19.573Z","level":"INFO","event":"timer_broadcast","game":"wingo","payload":{"minute":0,"secondtime1":4,"secondtime2":1}}
{"timestamp":"2026-09-09T07:04:19.575Z","level":"INFO","event":"timer_broadcast","game":"wingo3","payload":{"minute":1,"secondtime1":4,"secondtime2":1}}
{"timestamp":"2026-09-09T07:04:19.576Z","level":"INFO","event":"timer_broadcast","game":"wingo5","payload":{"minute":0,"secondtime1":4,"secondtime2":1}}
{"timestamp":"2026-09-09T07:04:20.578Z","level":"INFO","event":"timer_broadcast","game":"wingo10","payload":{"minute":0,"secondtime1":1,"secondtime2":0}}
{"timestamp":"2026-09-09T07:04:20.579Z","level":"INFO","event":"timer_broadcast","game":"wingo","payload":{"minute":0,"secondtime1":4,"secondtime2":0}}
{"timestamp":"2026-09-09T07:04:20.580Z","level":"INFO","event":"timer_broadcast","game":"wingo3","payload":{"minute":1,"secondtime1":4,"secondtime2":0}}
{"timestamp":"2026-09-09T07:04:20.580Z","level":"INFO","event":"timer_broadcast","game":"wingo5","payload":{"minute":0,"secondtime1":4,"secondtime2":0}}
{"timestamp":"2026-09-09T07:04:20.908Z","level":"INFO","event":"socket_connected","socketId":"4OZdRegzUAungDpaAAAB"}
{"timestamp":"2026-09-09T07:04:21.591Z","level":"INFO","event":"timer_broadcast","game":"wingo10","payload":{"minute":0,"secondtime1":0,"secondtime2":9}}
{"timestamp":"2026-09-09T07:04:21.592Z","level":"INFO","event":"timer_broadcast","game":"wingo","payload":{"minute":0,"secondtime1":3,"secondtime2":9}}
{"timestamp":"2026-09-09T07:04:21.592Z","level":"INFO","event":"timer_broadcast","game":"wingo3","payload":{"minute":1,"secondtime1":3,"secondtime2":9}}
{"timestamp":"2026-09-09T07:04:21.593Z","level":"INFO","event":"timer_broadcast","game":"wingo5","payload":{"minute":0,"secondtime1":3,"secondtime2":9}}
{"timestamp":"2026-09-09T07:04:22.595Z","level":"INFO","event":"timer_broadcast","game":"wingo10","payload":{"minute":0,"secondtime1":0,"secondtime2":8}}
{"timestamp":"2026-09-09T07:04:22.595Z","level":"INFO","event":"timer_broadcast","game":"wingo","payload":{"minute":0,"secondtime1":3,"secondtime2":8}}
{"timestamp":"2026-09-09T07:04:22.596Z","level":"INFO","event":"timer_broadcast","game":"wingo3","payload":{"minute":1,"secondtime1":3,"secondtime2":8}}
{"timestamp":"2026-09-09T07:04:22.597Z","level":"INFO","event":"timer_broadcast","game":"wingo5","payload":{"minute":0,"secondtime1":3,"secondtime2":8}}
{"timestamp":"2026-09-09T07:04:23.595Z","level":"INFO","event":"timer_broadcast","game":"wingo10","payload":{"minute":0,"secondtime1":0,"secondtime2":7}}
{"timestamp":"2026-09-09T07:04:23.596Z","level":"INFO","event":"timer_broadcast","game":"wingo","payload":{"minute":0,"secondtime1":3,"secondtime2":7}}
{"timestamp":"2026-09-09T07:04:23.596Z","level":"INFO","event":"timer_broadcast","game":"wingo3","payload":{"minute":1,"secondtime1":3,"secondtime2":7}}
{"timestamp":"2026-09-09T07:04:23.597Z","level":"INFO","event":"timer_broadcast","game":"wingo5","payload":{"minute":0,"secondtime1":3,"secondtime2":7}}
{"timestamp":"2026-09-09T07:04:24.606Z","level":"INFO","event":"timer_broadcast","game":"wingo10","payload":{"minute":0,"secondtime1":0,"secondtime2":6}}
{"timestamp":"2026-09-09T07:04:24.607Z","level":"INFO","event":"timer_broadcast","game":"wingo","payload":{"minute":0,"secondtime1":3,"secondtime2":6}}
{"timestamp":"2026-09-09T07:04:24.607Z","level":"INFO","event":"timer_broadcast","game":"wingo3","payload":{"minute":1,"secondtime1":3,"secondtime2":6}}
{"timestamp":"2026-09-09T07:04:24.607Z","level":"INFO","event":"timer_broadcast","game":"wingo5","payload":{"minute":0,"secondtime1":3,"secondtime2":6}}
{"timestamp":"2026-09-09T07:04:25.611Z","level":"INFO","event":"timer_broadcast","game":"wingo10","payload":{"minute":0,"secondtime1":0,"secondtime2":5}}
{"timestamp":"2026-09-09T07:04:25.612Z","level":"INFO","event":"timer_broadcast","game":"wingo","payload":{"minute":0,"secondtime1":3,"secondtime2":5}}
{"timestamp":"2026-09-09T07:04:25.612Z","level":"INFO","event":"timer_broadcast","game":"wingo3","payload":{"minute":1,"secondtime1":3,"secondtime2":5}}
{"timestamp":"2026-09-09T07:04:25.613Z","level":"INFO","event":"timer_broadcast","game":"wingo5","payload":{"minute":0,"secondtime1":3,"secondtime2":5}}
{"timestamp":"2026-09-09T07:04:26.613Z","level":"INFO","event":"timer_broadcast","game":"wingo10","payload":{"minute":0,"secondtime1":0,"secondtime2":4}}
{"timestamp":"2026-09-09T07:04:26.613Z","level":"INFO","event":"timer_broadcast","game":"wingo","payload":{"minute":0,"secondtime1":3,"secondtime2":4}}
{"timestamp":"2026-09-09T07:04:26.613Z","level":"INFO","event":"timer_broadcast","game":"wingo3","payload":{"minute":1,"secondtime1":3,"secondtime2":4}}
{"timestamp":"2026-09-09T07:04:26.614Z","level":"INFO","event":"timer_broadcast","game":"wingo5","payload":{"minute":0,"secondtime1":3,"secondtime2":4}}
{"timestamp":"2026-09-09T07:04:27.617Z","level":"INFO","event":"timer_broadcast","game":"wingo10","payload":{"minute":0,"secondtime1":0,"secondtime2":3}}
{"timestamp":"2026-09-09T07:04:27.618Z","level":"INFO","event":"timer_broadcast","game":"wingo","payload":{"minute":0,"secondtime1":3,"secondtime2":3}}
{"timestamp":"2026-09-09T07:04:27.618Z","level":"INFO","event":"timer_broadcast","game":"wingo3","payload":{"minute":1,"secondtime1":3,"secondtime2":3}}
{"timestamp":"2026-09-09T07:04:27.618Z","level":"INFO","event":"timer_broadcast","game":"wingo5","payload":{"minute":0,"secondtime1":3,"secondtime2":3}}
{"timestamp":"2026-09-09T07:04:28.626Z","level":"INFO","event":"timer_broadcast","game":"wingo10","payload":{"minute":0,"secondtime1":0,"secondtime2":2}}
{"timestamp":"2026-09-09T07:04:28.627Z","level":"INFO","event":"timer_broadcast","game":"wingo","payload":{"minute":0,"secondtime1":3,"secondtime2":2}}
{"timestamp":"2026-09-09T07:04:28.627Z","level":"INFO","event":"timer_broadcast","game":"wingo3","payload":{"minute":1,"secondtime1":3,"secondtime2":2}}
{"timestamp":"2026-09-09T07:04:28.627Z","level":"INFO","event":"timer_broadcast","game":"wingo5","payload":{"minute":0,"secondtime1":3,"secondtime2":2}}
{"timestamp":"2026-09-09T07:04:29.634Z","level":"INFO","event":"timer_broadcast","game":"wingo10","payload":{"minute":0,"secondtime1":0,"secondtime2":1}}
{"timestamp":"2026-09-09T07:04:29.635Z","level":"INFO","event":"timer_broadcast","game":"wingo","payload":{"minute":0,"secondtime1":3,"secondtime2":1}}
{"timestamp":"2026-09-09T07:04:29.635Z","level":"INFO","event":"timer_broadcast","game":"wingo3","payload":{"minute":1,"secondtime1":3,"secondtime2":1}}
{"timestamp":"2026-09-09T07:04:29.636Z","level":"INFO","event":"timer_broadcast","game":"wingo5","payload":{"minute":0,"secondtime1":3,"secondtime2":1}}
{"timestamp":"2026-09-09T07:04:30.640Z","level":"INFO","event":"timer_broadcast","game":"wingo10","payload":{"minute":0,"secondtime1":3,"secondtime2":0}}
{"timestamp":"2026-09-09T07:04:30.641Z","level":"INFO","event":"timer_broadcast","game":"wingo","payload":{"minute":0,"secondtime1":3,"secondtime2":0}}
{"timestamp":"2026-09-09T07:04:30.641Z","level":"INFO","event":"timer_broadcast","game":"wingo3","payload":{"minute":1,"secondtime1":3,"secondtime2":0}}
{"timestamp":"2026-09-09T07:04:30.642Z","level":"INFO","event":"timer_broadcast","game":"wingo5","payload":{"minute":0,"secondtime1":3,"secondtime2":0}}
{"timestamp":"2026-09-09T07:04:30.643Z","level":"INFO","event":"timer_boundary","game":"wingo10","intervalSeconds":30,"totalSeconds":45270,"boundary":1509}
{"timestamp":"2026-09-09T07:04:30.980Z","level":"INFO","event":"result_emitted","game":"wingo10","period":"38463947","amount":4}
{"timestamp":"2026-09-09T07:04:31.648Z","level":"INFO","event":"timer_broadcast","game":"wingo10","payload":{"minute":0,"secondtime1":2,"secondtime2":9}}
{"timestamp":"2026-09-09T07:04:31.649Z","level":"INFO","event":"timer_broadcast","game":"wingo","payload":{"minute":0,"secondtime1":2,"secondtime2":9}}
{"timestamp":"2026-09-09T07:04:31.649Z","level":"INFO","event":"timer_broadcast","game":"wingo3","payload":{"minute":1,"secondtime1":2,"secondtime2":9}}
{"timestamp":"2026-09-09T07:04:31.649Z","level":"INFO","event":"timer_broadcast","game":"wingo5","payload":{"minute":0,"secondtime1":2,"secondtime2":9}}
{"timestamp":"2026-09-09T07:04:32.663Z","level":"INFO","event":"timer_broadcast","game":"wingo10","payload":{"minute":0,"secondtime1":2,"secondtime2":8}}
{"timestamp":"2026-09-09T07:04:32.664Z","level":"INFO","event":"timer_broadcast","game":"wingo","payload":{"minute":0,"secondtime1":2,"secondtime2":8}}
{"timestamp":"2026-09-09T07:04:32.664Z","level":"INFO","event":"timer_broadcast","game":"wingo3","payload":{"minute":1,"secondtime1":2,"secondtime2":8}}
{"timestamp":"2026-09-09T07:04:32.665Z","level":"INFO","event":"timer_broadcast","game":"wingo5","payload":{"minute":0,"secondtime1":2,"secondtime2":8}}
{"timestamp":"2026-09-09T07:04:33.665Z","level":"INFO","event":"timer_broadcast","game":"wingo10","payload":{"minute":0,"secondtime1":2,"secondtime2":7}}
{"timestamp":"2026-09-09T07:04:33.666Z","level":"INFO","event":"timer_broadcast","game":"wingo","payload":{"minute":0,"secondtime1":2,"secondtime2":7}}
{"timestamp":"2026-09-09T07:04:33.666Z","level":"INFO","event":"timer_broadcast","game":"wingo3","payload":{"minute":1,"secondtime1":2,"secondtime2":7}}
{"timestamp":"2026-09-09T07:04:33.667Z","level":"INFO","event":"timer_broadcast","game":"wingo5","payload":{"minute":0,"secondtime1":2,"secondtime2":7}}
{"timestamp":"2026-09-09T07:04:34.679Z","level":"INFO","event":"timer_broadcast","game":"wingo10","payload":{"minute":0,"secondtime1":2,"secondtime2":6}}
{"timestamp":"2026-09-09T07:04:34.680Z","level":"INFO","event":"timer_broadcast","game":"wingo","payload":{"minute":0,"secondtime1":2,"secondtime2":6}}
{"timestamp":"2026-09-09T07:04:34.681Z","level":"INFO","event":"timer_broadcast","game":"wingo3","payload":{"minute":1,"secondtime1":2,"secondtime2":6}}
{"timestamp":"2026-09-09T07:04:34.681Z","level":"INFO","event":"timer_broadcast","game":"wingo5","payload":{"minute":0,"secondtime1":2,"secondtime2":6}}
{"timestamp":"2026-09-09T07:04:35.681Z","level":"INFO","event":"timer_broadcast","game":"wingo10","payload":{"minute":0,"secondtime1":2,"secondtime2":5}}
{"timestamp":"2026-09-09T07:04:35.682Z","level":"INFO","event":"timer_broadcast","game":"wingo","payload":{"minute":0,"secondtime1":2,"secondtime2":5}}
{"timestamp":"2026-09-09T07:04:35.682Z","level":"INFO","event":"timer_broadcast","game":"wingo3","payload":{"minute":1,"secondtime1":2,"secondtime2":5}}
{"timestamp":"2026-09-09T07:04:35.682Z","level":"INFO","event":"timer_broadcast","game":"wingo5","payload":{"minute":0,"secondtime1":2,"secondtime2":5}}
{"timestamp":"2026-09-09T07:04:36.682Z","level":"INFO","event":"timer_broadcast","game":"wingo10","payload":{"minute":0,"secondtime1":2,"secondtime2":4}}
{"timestamp":"2026-09-09T07:04:36.683Z","level":"INFO","event":"timer_broadcast","game":"wingo","payload":{"minute":0,"secondtime1":2,"secondtime2":4}}
{"timestamp":"2026-09-09T07:04:36.683Z","level":"INFO","event":"timer_broadcast","game":"wingo3","payload":{"minute":1,"secondtime1":2,"secondtime2":4}}
{"timestamp":"2026-09-09T07:04:36.684Z","level":"INFO","event":"timer_broadcast","game":"wingo5","payload":{"minute":0,"secondtime1":2,"secondtime2":4}}
{"timestamp":"2026-09-09T07:04:37.684Z","level":"INFO","event":"timer_broadcast","game":"wingo10","payload":{"minute":0,"secondtime1":2,"secondtime2":3}}
{"timestamp":"2026-09-09T07:04:37.685Z","level":"INFO","event":"timer_broadcast","game":"wingo","payload":{"minute":0,"secondtime1":2,"secondtime2":3}}
{"timestamp":"2026-09-09T07:04:37.685Z","level":"INFO","event":"timer_broadcast","game":"wingo3","payload":{"minute":1,"secondtime1":2,"secondtime2":3}}
{"timestamp":"2026-09-09T07:04:37.685Z","level":"INFO","event":"timer_broadcast","game":"wingo5","payload":{"minute":0,"secondtime1":2,"secondtime2":3}}
{"timestamp":"2026-09-09T07:04:38.697Z","level":"INFO","event":"timer_broadcast","game":"wingo10","payload":{"minute":0,"secondtime1":2,"secondtime2":2}}
{"timestamp":"2026-09-09T07:04:38.697Z","level":"INFO","event":"timer_broadcast","game":"wingo","payload":{"minute":0,"secondtime1":2,"secondtime2":2}}
{"timestamp":"2026-09-09T07:04:38.698Z","level":"INFO","event":"timer_broadcast","game":"wingo3","payload":{"minute":1,"secondtime1":2,"secondtime2":2}}
{"timestamp":"2026-09-09T07:04:38.698Z","level":"INFO","event":"timer_broadcast","game":"wingo5","payload":{"minute":0,"secondtime1":2,"secondtime2":2}}
{"timestamp":"2026-09-09T07:04:39.698Z","level":"INFO","event":"timer_broadcast","game":"wingo10","payload":{"minute":0,"secondtime1":2,"secondtime2":1}}
{"timestamp":"2026-09-09T07:04:39.699Z","level":"INFO","event":"timer_broadcast","game":"wingo","payload":{"minute":0,"secondtime1":2,"secondtime2":1}}
{"timestamp":"2026-09-09T07:04:39.700Z","level":"INFO","event":"timer_broadcast","game":"wingo3","payload":{"minute":1,"secondtime1":2,"secondtime2":1}}
{"timestamp":"2026-09-09T07:04:39.700Z","level":"INFO","event":"timer_broadcast","game":"wingo5","payload":{"minute":0,"secondtime1":2,"secondtime2":1}}
{"timestamp":"2026-09-09T07:04:40.698Z","level":"INFO","event":"timer_broadcast","game":"wingo10","payload":{"minute":0,"secondtime1":2,"secondtime2":0}}
{"timestamp":"2026-09-09T07:04:40.699Z","level":"INFO","event":"timer_broadcast","game":"wingo","payload":{"minute":0,"secondtime1":2,"secondtime2":0}}
{"timestamp":"2026-09-09T07:04:40.699Z","level":"INFO","event":"timer_broadcast","game":"wingo3","payload":{"minute":1,"secondtime1":2,"secondtime2":0}}
{"timestamp":"2026-09-09T07:04:40.700Z","level":"INFO","event":"timer_broadcast","game":"wingo5","payload":{"minute":0,"secondtime1":2,"secondtime2":0}}
{"timestamp":"2026-09-09T07:04:41.199Z","level":"INFO","event":"socket_disconnected","socketId":"4OZdRegzUAungDpaAAAB","reason":"transport close"}
{"timestamp":"2026-09-09T07:04:41.710Z","level":"INFO","event":"timer_broadcast","game":"wingo10","payload":{"minute":0,"secondtime1":1,"secondtime2":9}}
{"timestamp":"2026-09-09T07:04:41.717Z","level":"INFO","event":"timer_broadcast","game":"wingo","payload":{"minute":0,"secondtime1":1,"secondtime2":9}}
{"timestamp":"2026-09-09T07:04:41.719Z","level":"INFO","event":"timer_broadcast","game":"wingo3","payload":{"minute":1,"secondtime1":1,"secondtime2":9}}
{"timestamp":"2026-09-09T07:04:41.720Z","level":"INFO","event":"timer_broadcast","game":"wingo5","payload":{"minute":0,"secondtime1":1,"secondtime2":9}}
{"timestamp":"2026-09-09T07:04:42.715Z","level":"INFO","event":"timer_broadcast","game":"wingo10","payload":{"minute":0,"secondtime1":1,"secondtime2":8}}
{"timestamp":"2026-09-09T07:04:42.715Z","level":"INFO","event":"timer_broadcast","game":"wingo","payload":{"minute":0,"secondtime1":1,"secondtime2":8}}
{"timestamp":"2026-09-09T07:04:42.716Z","level":"INFO","event":"timer_broadcast","game":"wingo3","payload":{"minute":1,"secondtime1":1,"secondtime2":8}}
{"timestamp":"2026-09-09T07:04:42.717Z","level":"INFO","event":"timer_broadcast","game":"wingo5","payload":{"minute":0,"secondtime1":1,"secondtime2":8}}
{"timestamp":"2026-09-09T07:04:42.995Z","level":"INFO","event":"socket_connected","socketId":"Zi0ZlBtNZzzTpESTAAAD"}
{"timestamp":"2026-09-09T07:04:43.717Z","level":"INFO","event":"timer_broadcast","game":"wingo10","payload":{"minute":0,"secondtime1":1,"secondtime2":7}}
{"timestamp":"2026-09-09T07:04:43.717Z","level":"INFO","event":"timer_broadcast","game":"wingo","payload":{"minute":0,"secondtime1":1,"secondtime2":7}}
{"timestamp":"2026-09-09T07:04:43.718Z","level":"INFO","event":"timer_broadcast","game":"wingo3","payload":{"minute":1,"secondtime1":1,"secondtime2":7}}
{"timestamp":"2026-09-09T07:04:43.718Z","level":"INFO","event":"timer_broadcast","game":"wingo5","payload":{"minute":0,"secondtime1":1,"secondtime2":7}}
{"timestamp":"2026-09-09T07:04:44.732Z","level":"INFO","event":"timer_broadcast","game":"wingo10","payload":{"minute":0,"secondtime1":1,"secondtime2":6}}
{"timestamp":"2026-09-09T07:04:44.733Z","level":"INFO","event":"timer_broadcast","game":"wingo","payload":{"minute":0,"secondtime1":1,"secondtime2":6}}
{"timestamp":"2026-09-09T07:04:44.733Z","level":"INFO","event":"timer_broadcast","game":"wingo3","payload":{"minute":1,"secondtime1":1,"secondtime2":6}}
{"timestamp":"2026-09-09T07:04:44.733Z","level":"INFO","event":"timer_broadcast","game":"wingo5","payload":{"minute":0,"secondtime1":1,"secondtime2":6}}
{"timestamp":"2026-09-09T07:04:45.732Z","level":"INFO","event":"timer_broadcast","game":"wingo10","payload":{"minute":0,"secondtime1":1,"secondtime2":5}}
{"timestamp":"2026-09-09T07:04:45.733Z","level":"INFO","event":"timer_broadcast","game":"wingo","payload":{"minute":0,"secondtime1":1,"secondtime2":5}}
{"timestamp":"2026-09-09T07:04:45.733Z","level":"INFO","event":"timer_broadcast","game":"wingo3","payload":{"minute":1,"secondtime1":1,"secondtime2":5}}
{"timestamp":"2026-09-09T07:04:45.734Z","level":"INFO","event":"timer_broadcast","game":"wingo5","payload":{"minute":0,"secondtime1":1,"secondtime2":5}}
{"timestamp":"2026-09-09T07:04:46.743Z","level":"INFO","event":"timer_broadcast","game":"wingo10","payload":{"minute":0,"secondtime1":1,"secondtime2":4}}
{"timestamp":"2026-09-09T07:04:46.743Z","level":"INFO","event":"timer_broadcast","game":"wingo","payload":{"minute":0,"secondtime1":1,"secondtime2":4}}
{"timestamp":"2026-09-09T07:04:46.744Z","level":"INFO","event":"timer_broadcast","game":"wingo3","payload":{"minute":1,"secondtime1":1,"secondtime2":4}}
{"timestamp":"2026-09-09T07:04:46.744Z","level":"INFO","event":"timer_broadcast","game":"wingo5","payload":{"minute":0,"secondtime1":1,"secondtime2":4}}
{"timestamp":"2026-09-09T07:04:47.749Z","level":"INFO","event":"timer_broadcast","game":"wingo10","payload":{"minute":0,"secondtime1":1,"secondtime2":3}}
{"timestamp":"2026-09-09T07:04:47.750Z","level":"INFO","event":"timer_broadcast","game":"wingo","payload":{"minute":0,"secondtime1":1,"secondtime2":3}}
{"timestamp":"2026-09-09T07:04:47.750Z","level":"INFO","event":"timer_broadcast","game":"wingo3","payload":{"minute":1,"secondtime1":1,"secondtime2":3}}
{"timestamp":"2026-09-09T07:04:47.751Z","level":"INFO","event":"timer_broadcast","game":"wingo5","payload":{"minute":0,"secondtime1":1,"secondtime2":3}}
{"timestamp":"2026-09-09T07:04:48.762Z","level":"INFO","event":"timer_broadcast","game":"wingo10","payload":{"minute":0,"secondtime1":1,"secondtime2":2}}
{"timestamp":"2026-09-09T07:04:48.763Z","level":"INFO","event":"timer_broadcast","game":"wingo","payload":{"minute":0,"secondtime1":1,"secondtime2":2}}
{"timestamp":"2026-09-09T07:04:48.763Z","level":"INFO","event":"timer_broadcast","game":"wingo3","payload":{"minute":1,"secondtime1":1,"secondtime2":2}}
{"timestamp":"2026-09-09T07:04:48.763Z","level":"INFO","event":"timer_broadcast","game":"wingo5","payload":{"minute":0,"secondtime1":1,"secondtime2":2}}
{"timestamp":"2026-09-09T07:04:49.764Z","level":"INFO","event":"timer_broadcast","game":"wingo10","payload":{"minute":0,"secondtime1":1,"secondtime2":1}}
{"timestamp":"2026-09-09T07:04:49.765Z","level":"INFO","event":"timer_broadcast","game":"wingo","payload":{"minute":0,"secondtime1":1,"secondtime2":1}}
{"timestamp":"2026-09-09T07:04:49.765Z","level":"INFO","event":"timer_broadcast","game":"wingo3","payload":{"minute":1,"secondtime1":1,"secondtime2":1}}
{"timestamp":"2026-09-09T07:04:49.766Z","level":"INFO","event":"timer_broadcast","game":"wingo5","payload":{"minute":0,"secondtime1":1,"secondtime2":1}}
{"timestamp":"2026-09-09T07:04:50.781Z","level":"INFO","event":"timer_broadcast","game":"wingo10","payload":{"minute":0,"secondtime1":1,"secondtime2":0}}
{"timestamp":"2026-09-09T07:04:50.781Z","level":"INFO","event":"timer_broadcast","game":"wingo","payload":{"minute":0,"secondtime1":1,"secondtime2":0}}
{"timestamp":"2026-09-09T07:04:50.782Z","level":"INFO","event":"timer_broadcast","game":"wingo3","payload":{"minute":1,"secondtime1":1,"secondtime2":0}}
{"timestamp":"2026-09-09T07:04:50.783Z","level":"INFO","event":"timer_broadcast","game":"wingo5","payload":{"minute":0,"secondtime1":1,"secondtime2":0}}
{"timestamp":"2026-09-09T07:04:51.782Z","level":"INFO","event":"timer_broadcast","game":"wingo10","payload":{"minute":0,"secondtime1":0,"secondtime2":9}}
{"timestamp":"2026-09-09T07:04:51.782Z","level":"INFO","event":"timer_broadcast","game":"wingo","payload":{"minute":0,"secondtime1":0,"secondtime2":9}}
{"timestamp":"2026-09-09T07:04:51.783Z","level":"INFO","event":"timer_broadcast","game":"wingo3","payload":{"minute":1,"secondtime1":0,"secondtime2":9}}
{"timestamp":"2026-09-09T07:04:51.783Z","level":"INFO","event":"timer_broadcast","game":"wingo5","payload":{"minute":0,"secondtime1":0,"secondtime2":9}}
{"timestamp":"2026-09-09T07:04:52.782Z","level":"INFO","event":"timer_broadcast","game":"wingo10","payload":{"minute":0,"secondtime1":0,"secondtime2":8}}
{"timestamp":"2026-09-09T07:04:52.783Z","level":"INFO","event":"timer_broadcast","game":"wingo","payload":{"minute":0,"secondtime1":0,"secondtime2":8}}
{"timestamp":"2026-09-09T07:04:52.784Z","level":"INFO","event":"timer_broadcast","game":"wingo3","payload":{"minute":1,"secondtime1":0,"secondtime2":8}}
{"timestamp":"2026-09-09T07:04:52.784Z","level":"INFO","event":"timer_broadcast","game":"wingo5","payload":{"minute":0,"secondtime1":0,"secondtime2":8}}
{"timestamp":"2026-09-09T07:04:53.783Z","level":"INFO","event":"timer_broadcast","game":"wingo10","payload":{"minute":0,"secondtime1":0,"secondtime2":7}}
{"timestamp":"2026-09-09T07:04:53.783Z","level":"INFO","event":"timer_broadcast","game":"wingo","payload":{"minute":0,"secondtime1":0,"secondtime2":7}}
{"timestamp":"2026-09-09T07:04:53.784Z","level":"INFO","event":"timer_broadcast","game":"wingo3","payload":{"minute":1,"secondtime1":0,"secondtime2":7}}
{"timestamp":"2026-09-09T07:04:53.785Z","level":"INFO","event":"timer_broadcast","game":"wingo5","payload":{"minute":0,"secondtime1":0,"secondtime2":7}}
{"timestamp":"2026-09-09T07:04:54.797Z","level":"INFO","event":"timer_broadcast","game":"wingo10","payload":{"minute":0,"secondtime1":0,"secondtime2":6}}
{"timestamp":"2026-09-09T07:04:54.797Z","level":"INFO","event":"timer_broadcast","game":"wingo","payload":{"minute":0,"secondtime1":0,"secondtime2":6}}
{"timestamp":"2026-09-09T07:04:54.797Z","level":"INFO","event":"timer_broadcast","game":"wingo3","payload":{"minute":1,"secondtime1":0,"secondtime2":6}}
{"timestamp":"2026-09-09T07:04:54.798Z","level":"INFO","event":"timer_broadcast","game":"wingo5","payload":{"minute":0,"secondtime1":0,"secondtime2":6}}
{"timestamp":"2026-09-09T07:04:55.797Z","level":"INFO","event":"timer_broadcast","game":"wingo10","payload":{"minute":0,"secondtime1":0,"secondtime2":5}}
{"timestamp":"2026-09-09T07:04:55.798Z","level":"INFO","event":"timer_broadcast","game":"wingo","payload":{"minute":0,"secondtime1":0,"secondtime2":5}}
{"timestamp":"2026-09-09T07:04:55.799Z","level":"INFO","event":"timer_broadcast","game":"wingo3","payload":{"minute":1,"secondtime1":0,"secondtime2":5}}
{"timestamp":"2026-09-09T07:04:55.800Z","level":"INFO","event":"timer_broadcast","game":"wingo5","payload":{"minute":0,"secondtime1":0,"secondtime2":5}}
{"timestamp":"2026-09-09T07:04:56.807Z","level":"INFO","event":"timer_broadcast","game":"wingo10","payload":{"minute":0,"secondtime1":0,"secondtime2":4}}
{"timestamp":"2026-09-09T07:04:56.808Z","level":"INFO","event":"timer_broadcast","game":"wingo","payload":{"minute":0,"secondtime1":0,"secondtime2":4}}
{"timestamp":"2026-09-09T07:04:56.808Z","level":"INFO","event":"timer_broadcast","game":"wingo3","payload":{"minute":1,"secondtime1":0,"secondtime2":4}}
{"timestamp":"2026-09-09T07:04:56.809Z","level":"INFO","event":"timer_broadcast","game":"wingo5","payload":{"minute":0,"secondtime1":0,"secondtime2":4}}
{"timestamp":"2026-09-09T07:04:57.807Z","level":"INFO","event":"timer_broadcast","game":"wingo10","payload":{"minute":0,"secondtime1":0,"secondtime2":3}}
{"timestamp":"2026-09-09T07:04:57.808Z","level":"INFO","event":"timer_broadcast","game":"wingo","payload":{"minute":0,"secondtime1":0,"secondtime2":3}}
{"timestamp":"2026-09-09T07:04:57.809Z","level":"INFO","event":"timer_broadcast","game":"wingo3","payload":{"minute":1,"secondtime1":0,"secondtime2":3}}
{"timestamp":"2026-09-09T07:04:57.809Z","level":"INFO","event":"timer_broadcast","game":"wingo5","payload":{"minute":0,"secondtime1":0,"secondtime2":3}}
{"timestamp":"2026-09-09T07:04:58.822Z","level":"INFO","event":"timer_broadcast","game":"wingo10","payload":{"minute":0,"secondtime1":0,"secondtime2":2}}
{"timestamp":"2026-09-09T07:04:58.823Z","level":"INFO","event":"timer_broadcast","game":"wingo","payload":{"minute":0,"secondtime1":0,"secondtime2":2}}
{"timestamp":"2026-09-09T07:04:58.823Z","level":"INFO","event":"timer_broadcast","game":"wingo3","payload":{"minute":1,"secondtime1":0,"secondtime2":2}}
{"timestamp":"2026-09-09T07:04:58.823Z","level":"INFO","event":"timer_broadcast","game":"wingo5","payload":{"minute":0,"secondtime1":0,"secondtime2":2}}
{"timestamp":"2026-09-09T07:04:59.826Z","level":"INFO","event":"timer_broadcast","game":"wingo10","payload":{"minute":0,"secondtime1":0,"secondtime2":1}}
{"timestamp":"2026-09-09T07:04:59.827Z","level":"INFO","event":"timer_broadcast","game":"wingo","payload":{"minute":0,"secondtime1":0,"secondtime2":1}}
{"timestamp":"2026-09-09T07:04:59.827Z","level":"INFO","event":"timer_broadcast","game":"wingo3","payload":{"minute":1,"secondtime1":0,"secondtime2":1}}
{"timestamp":"2026-09-09T07:04:59.828Z","level":"INFO","event":"timer_broadcast","game":"wingo5","payload":{"minute":0,"secondtime1":0,"secondtime2":1}}
{"timestamp":"2026-09-09T07:05:00.840Z","level":"INFO","event":"timer_broadcast","game":"wingo10","payload":{"minute":0,"secondtime1":3,"secondtime2":0}}
{"timestamp":"2026-09-09T07:05:00.841Z","level":"INFO","event":"timer_broadcast","game":"wingo","payload":{"minute":1,"secondtime1":0,"secondtime2":0}}
{"timestamp":"2026-09-09T07:05:00.842Z","level":"INFO","event":"timer_broadcast","game":"wingo3","payload":{"minute":1,"secondtime1":0,"secondtime2":0}}
{"timestamp":"2026-09-09T07:05:00.843Z","level":"INFO","event":"timer_broadcast","game":"wingo5","payload":{"minute":5,"secondtime1":0,"secondtime2":0}}
{"timestamp":"2026-09-09T07:05:00.845Z","level":"INFO","event":"timer_boundary","game":"wingo10","intervalSeconds":30,"totalSeconds":45300,"boundary":1510}
{"timestamp":"2026-09-09T07:05:00.846Z","level":"INFO","event":"timer_boundary","game":"wingo","intervalSeconds":60,"totalSeconds":45300,"boundary":755}
{"timestamp":"2026-09-09T07:05:00.847Z","level":"INFO","event":"timer_boundary","game":"wingo5","intervalSeconds":300,"totalSeconds":45300,"boundary":151}
{"timestamp":"2026-09-09T07:05:01.213Z","level":"INFO","event":"result_emitted","game":"wingo10","period":"38463949","amount":2}
{"timestamp":"2026-09-09T07:05:01.221Z","level":"INFO","event":"result_emitted","game":"wingo","period":"2667755","amount":3}
{"timestamp":"2026-09-09T07:05:01.443Z","level":"INFO","event":"result_emitted","game":"wingo5","period":"20260903100030617","amount":3}
{"timestamp":"2026-09-09T07:05:01.840Z","level":"INFO","event":"timer_broadcast","game":"wingo10","payload":{"minute":0,"secondtime1":2,"secondtime2":9}}
{"timestamp":"2026-09-09T07:05:01.841Z","level":"INFO","event":"timer_broadcast","game":"wingo","payload":{"minute":0,"secondtime1":5,"secondtime2":9}}
{"timestamp":"2026-09-09T07:05:01.842Z","level":"INFO","event":"timer_broadcast","game":"wingo3","payload":{"minute":0,"secondtime1":5,"secondtime2":9}}
{"timestamp":"2026-09-09T07:05:01.842Z","level":"INFO","event":"timer_broadcast","game":"wingo5","payload":{"minute":4,"secondtime1":5,"secondtime2":9}}
{"timestamp":"2026-09-09T07:05:02.851Z","level":"INFO","event":"timer_broadcast","game":"wingo10","payload":{"minute":0,"secondtime1":2,"secondtime2":8}}
{"timestamp":"2026-09-09T07:05:02.852Z","level":"INFO","event":"timer_broadcast","game":"wingo","payload":{"minute":0,"secondtime1":5,"secondtime2":8}}
{"timestamp":"2026-09-09T07:05:02.852Z","level":"INFO","event":"timer_broadcast","game":"wingo3","payload":{"minute":0,"secondtime1":5,"secondtime2":8}}
{"timestamp":"2026-09-09T07:05:02.853Z","level":"INFO","event":"timer_broadcast","game":"wingo5","payload":{"minute":4,"secondtime1":5,"secondtime2":8}}
{"timestamp":"2026-09-09T07:05:03.857Z","level":"INFO","event":"timer_broadcast","game":"wingo10","payload":{"minute":0,"secondtime1":2,"secondtime2":7}}
{"timestamp":"2026-09-09T07:05:03.858Z","level":"INFO","event":"timer_broadcast","game":"wingo","payload":{"minute":0,"secondtime1":5,"secondtime2":7}}
{"timestamp":"2026-09-09T07:05:03.859Z","level":"INFO","event":"timer_broadcast","game":"wingo3","payload":{"minute":0,"secondtime1":5,"secondtime2":7}}
{"timestamp":"2026-09-09T07:05:03.859Z","level":"INFO","event":"timer_broadcast","game":"wingo5","payload":{"minute":4,"secondtime1":5,"secondtime2":7}}
{"timestamp":"2026-09-09T07:05:04.865Z","level":"INFO","event":"timer_broadcast","game":"wingo10","payload":{"minute":0,"secondtime1":2,"secondtime2":6}}
{"timestamp":"2026-09-09T07:05:04.865Z","level":"INFO","event":"timer_broadcast","game":"wingo","payload":{"minute":0,"secondtime1":5,"secondtime2":6}}
{"timestamp":"2026-09-09T07:05:04.866Z","level":"INFO","event":"timer_broadcast","game":"wingo3","payload":{"minute":0,"secondtime1":5,"secondtime2":6}}
{"timestamp":"2026-09-09T07:05:04.866Z","level":"INFO","event":"timer_broadcast","game":"wingo5","payload":{"minute":4,"secondtime1":5,"secondtime2":6}}
{"timestamp":"2026-09-09T07:05:05.874Z","level":"INFO","event":"timer_broadcast","game":"wingo10","payload":{"minute":0,"secondtime1":2,"secondtime2":5}}
{"timestamp":"2026-09-09T07:05:05.875Z","level":"INFO","event":"timer_broadcast","game":"wingo","payload":{"minute":0,"secondtime1":5,"secondtime2":5}}
{"timestamp":"2026-09-09T07:05:05.876Z","level":"INFO","event":"timer_broadcast","game":"wingo3","payload":{"minute":0,"secondtime1":5,"secondtime2":5}}
{"timestamp":"2026-09-09T07:05:05.876Z","level":"INFO","event":"timer_broadcast","game":"wingo5","payload":{"minute":4,"secondtime1":5,"secondtime2":5}}
{"timestamp":"2026-09-09T07:05:06.875Z","level":"INFO","event":"timer_broadcast","game":"wingo10","payload":{"minute":0,"secondtime1":2,"secondtime2":4}}
{"timestamp":"2026-09-09T07:05:06.875Z","level":"INFO","event":"timer_broadcast","game":"wingo","payload":{"minute":0,"secondtime1":5,"secondtime2":4}}
{"timestamp":"2026-09-09T07:05:06.876Z","level":"INFO","event":"timer_broadcast","game":"wingo3","payload":{"minute":0,"secondtime1":5,"secondtime2":4}}
{"timestamp":"2026-09-09T07:05:06.876Z","level":"INFO","event":"timer_broadcast","game":"wingo5","payload":{"minute":4,"secondtime1":5,"secondtime2":4}}
{"timestamp":"2026-09-09T07:05:07.887Z","level":"INFO","event":"timer_broadcast","game":"wingo10","payload":{"minute":0,"secondtime1":2,"secondtime2":3}}
{"timestamp":"2026-09-09T07:05:07.888Z","level":"INFO","event":"timer_broadcast","game":"wingo","payload":{"minute":0,"secondtime1":5,"secondtime2":3}}
{"timestamp":"2026-09-09T07:05:07.889Z","level":"INFO","event":"timer_broadcast","game":"wingo3","payload":{"minute":0,"secondtime1":5,"secondtime2":3}}
{"timestamp":"2026-09-09T07:05:07.889Z","level":"INFO","event":"timer_broadcast","game":"wingo5","payload":{"minute":4,"secondtime1":5,"secondtime2":3}}
{"timestamp":"2026-09-09T07:05:08.888Z","level":"INFO","event":"timer_broadcast","game":"wingo10","payload":{"minute":0,"secondtime1":2,"secondtime2":2}}
{"timestamp":"2026-09-09T07:05:08.888Z","level":"INFO","event":"timer_broadcast","game":"wingo","payload":{"minute":0,"secondtime1":5,"secondtime2":2}}
{"timestamp":"2026-09-09T07:05:08.889Z","level":"INFO","event":"timer_broadcast","game":"wingo3","payload":{"minute":0,"secondtime1":5,"secondtime2":2}}
{"timestamp":"2026-09-09T07:05:08.889Z","level":"INFO","event":"timer_broadcast","game":"wingo5","payload":{"minute":4,"secondtime1":5,"secondtime2":2}}
{"timestamp":"2026-09-09T07:05:09.896Z","level":"INFO","event":"timer_broadcast","game":"wingo10","payload":{"minute":0,"secondtime1":2,"secondtime2":1}}
{"timestamp":"2026-09-09T07:05:09.896Z","level":"INFO","event":"timer_broadcast","game":"wingo","payload":{"minute":0,"secondtime1":5,"secondtime2":1}}
{"timestamp":"2026-09-09T07:05:09.897Z","level":"INFO","event":"timer_broadcast","game":"wingo3","payload":{"minute":0,"secondtime1":5,"secondtime2":1}}
{"timestamp":"2026-09-09T07:05:09.897Z","level":"INFO","event":"timer_broadcast","game":"wingo5","payload":{"minute":4,"secondtime1":5,"secondtime2":1}}
{"timestamp":"2026-09-09T07:05:10.899Z","level":"INFO","event":"timer_broadcast","game":"wingo10","payload":{"minute":0,"secondtime1":2,"secondtime2":0}}
{"timestamp":"2026-09-09T07:05:10.899Z","level":"INFO","event":"timer_broadcast","game":"wingo","payload":{"minute":0,"secondtime1":5,"secondtime2":0}}
{"timestamp":"2026-09-09T07:05:10.900Z","level":"INFO","event":"timer_broadcast","game":"wingo3","payload":{"minute":0,"secondtime1":5,"secondtime2":0}}
{"timestamp":"2026-09-09T07:05:10.900Z","level":"INFO","event":"timer_broadcast","game":"wingo5","payload":{"minute":4,"secondtime1":5,"secondtime2":0}}
{"timestamp":"2026-09-09T07:05:11.899Z","level":"INFO","event":"timer_broadcast","game":"wingo10","payload":{"minute":0,"secondtime1":1,"secondtime2":9}}
{"timestamp":"2026-09-09T07:05:11.899Z","level":"INFO","event":"timer_broadcast","game":"wingo","payload":{"minute":0,"secondtime1":4,"secondtime2":9}}
{"timestamp":"2026-09-09T07:05:11.900Z","level":"INFO","event":"timer_broadcast","game":"wingo3","payload":{"minute":0,"secondtime1":4,"secondtime2":9}}
{"timestamp":"2026-09-09T07:05:11.900Z","level":"INFO","event":"timer_broadcast","game":"wingo5","payload":{"minute":4,"secondtime1":4,"secondtime2":9}}
{"timestamp":"2026-09-09T07:05:12.899Z","level":"INFO","event":"timer_broadcast","game":"wingo10","payload":{"minute":0,"secondtime1":1,"secondtime2":8}}
{"timestamp":"2026-09-09T07:05:12.900Z","level":"INFO","event":"timer_broadcast","game":"wingo","payload":{"minute":0,"secondtime1":4,"secondtime2":8}}
{"timestamp":"2026-09-09T07:05:12.900Z","level":"INFO","event":"timer_broadcast","game":"wingo3","payload":{"minute":0,"secondtime1":4,"secondtime2":8}}
{"timestamp":"2026-09-09T07:05:12.901Z","level":"INFO","event":"timer_broadcast","game":"wingo5","payload":{"minute":4,"secondtime1":4,"secondtime2":8}}
{"timestamp":"2026-09-09T07:05:13.914Z","level":"INFO","event":"timer_broadcast","game":"wingo10","payload":{"minute":0,"secondtime1":1,"secondtime2":7}}
{"timestamp":"2026-09-09T07:05:13.915Z","level":"INFO","event":"timer_broadcast","game":"wingo","payload":{"minute":0,"secondtime1":4,"secondtime2":7}}
{"timestamp":"2026-09-09T07:05:13.916Z","level":"INFO","event":"timer_broadcast","game":"wingo3","payload":{"minute":0,"secondtime1":4,"secondtime2":7}}
{"timestamp":"2026-09-09T07:05:13.916Z","level":"INFO","event":"timer_broadcast","game":"wingo5","payload":{"minute":4,"secondtime1":4,"secondtime2":7}}
{"timestamp":"2026-09-09T07:05:14.915Z","level":"INFO","event":"timer_broadcast","game":"wingo10","payload":{"minute":0,"secondtime1":1,"secondtime2":6}}
{"timestamp":"2026-09-09T07:05:14.916Z","level":"INFO","event":"timer_broadcast","game":"wingo","payload":{"minute":0,"secondtime1":4,"secondtime2":6}}
{"timestamp":"2026-09-09T07:05:14.917Z","level":"INFO","event":"timer_broadcast","game":"wingo3","payload":{"minute":0,"secondtime1":4,"secondtime2":6}}
{"timestamp":"2026-09-09T07:05:14.918Z","level":"INFO","event":"timer_broadcast","game":"wingo5","payload":{"minute":4,"secondtime1":4,"secondtime2":6}}
{"timestamp":"2026-09-09T07:05:15.917Z","level":"INFO","event":"timer_broadcast","game":"wingo10","payload":{"minute":0,"secondtime1":1,"secondtime2":5}}
{"timestamp":"2026-09-09T07:05:15.918Z","level":"INFO","event":"timer_broadcast","game":"wingo","payload":{"minute":0,"secondtime1":4,"secondtime2":5}}
{"timestamp":"2026-09-09T07:05:15.918Z","level":"INFO","event":"timer_broadcast","game":"wingo3","payload":{"minute":0,"secondtime1":4,"secondtime2":5}}
{"timestamp":"2026-09-09T07:05:15.918Z","level":"INFO","event":"timer_broadcast","game":"wingo5","payload":{"minute":4,"secondtime1":4,"secondtime2":5}}
{"timestamp":"2026-09-09T07:05:16.933Z","level":"INFO","event":"timer_broadcast","game":"wingo10","payload":{"minute":0,"secondtime1":1,"secondtime2":4}}
{"timestamp":"2026-09-09T07:05:16.934Z","level":"INFO","event":"timer_broadcast","game":"wingo","payload":{"minute":0,"secondtime1":4,"secondtime2":4}}
{"timestamp":"2026-09-09T07:05:16.934Z","level":"INFO","event":"timer_broadcast","game":"wingo3","payload":{"minute":0,"secondtime1":4,"secondtime2":4}}
{"timestamp":"2026-09-09T07:05:16.934Z","level":"INFO","event":"timer_broadcast","game":"wingo5","payload":{"minute":4,"secondtime1":4,"secondtime2":4}}
{"timestamp":"2026-09-09T07:05:17.939Z","level":"INFO","event":"timer_broadcast","game":"wingo10","payload":{"minute":0,"secondtime1":1,"secondtime2":3}}
{"timestamp":"2026-09-09T07:05:17.939Z","level":"INFO","event":"timer_broadcast","game":"wingo","payload":{"minute":0,"secondtime1":4,"secondtime2":3}}
{"timestamp":"2026-09-09T07:05:17.940Z","level":"INFO","event":"timer_broadcast","game":"wingo3","payload":{"minute":0,"secondtime1":4,"secondtime2":3}}
{"timestamp":"2026-09-09T07:05:17.940Z","level":"INFO","event":"timer_broadcast","game":"wingo5","payload":{"minute":4,"secondtime1":4,"secondtime2":3}}
{"timestamp":"2026-09-09T07:05:18.943Z","level":"INFO","event":"timer_broadcast","game":"wingo10","payload":{"minute":0,"secondtime1":1,"secondtime2":2}}
{"timestamp":"2026-09-09T07:05:18.943Z","level":"INFO","event":"timer_broadcast","game":"wingo","payload":{"minute":0,"secondtime1":4,"secondtime2":2}}
{"timestamp":"2026-09-09T07:05:18.944Z","level":"INFO","event":"timer_broadcast","game":"wingo3","payload":{"minute":0,"secondtime1":4,"secondtime2":2}}
{"timestamp":"2026-09-09T07:05:18.945Z","level":"INFO","event":"timer_broadcast","game":"wingo5","payload":{"minute":4,"secondtime1":4,"secondtime2":2}}
{"timestamp":"2026-09-09T07:05:19.954Z","level":"INFO","event":"timer_broadcast","game":"wingo10","payload":{"minute":0,"secondtime1":1,"secondtime2":1}}
{"timestamp":"2026-09-09T07:05:19.955Z","level":"INFO","event":"timer_broadcast","game":"wingo","payload":{"minute":0,"secondtime1":4,"secondtime2":1}}
{"timestamp":"2026-09-09T07:05:19.956Z","level":"INFO","event":"timer_broadcast","game":"wingo3","payload":{"minute":0,"secondtime1":4,"secondtime2":1}}
{"timestamp":"2026-09-09T07:05:19.956Z","level":"INFO","event":"timer_broadcast","game":"wingo5","payload":{"minute":4,"secondtime1":4,"secondtime2":1}}
{"timestamp":"2026-09-09T07:05:20.957Z","level":"INFO","event":"timer_broadcast","game":"wingo10","payload":{"minute":0,"secondtime1":1,"secondtime2":0}}
{"timestamp":"2026-09-09T07:05:20.958Z","level":"INFO","event":"timer_broadcast","game":"wingo","payload":{"minute":0,"secondtime1":4,"secondtime2":0}}
{"timestamp":"2026-09-09T07:05:20.958Z","level":"INFO","event":"timer_broadcast","game":"wingo3","payload":{"minute":0,"secondtime1":4,"secondtime2":0}}
{"timestamp":"2026-09-09T07:05:20.959Z","level":"INFO","event":"timer_broadcast","game":"wingo5","payload":{"minute":4,"secondtime1":4,"secondtime2":0}}
{"timestamp":"2026-09-09T07:05:21.957Z","level":"INFO","event":"timer_broadcast","game":"wingo10","payload":{"minute":0,"secondtime1":0,"secondtime2":9}}
{"timestamp":"2026-09-09T07:05:21.958Z","level":"INFO","event":"timer_broadcast","game":"wingo","payload":{"minute":0,"secondtime1":3,"secondtime2":9}}
{"timestamp":"2026-09-09T07:05:21.958Z","level":"INFO","event":"timer_broadcast","game":"wingo3","payload":{"minute":0,"secondtime1":3,"secondtime2":9}}
{"timestamp":"2026-09-09T07:05:21.958Z","level":"INFO","event":"timer_broadcast","game":"wingo5","payload":{"minute":4,"secondtime1":3,"secondtime2":9}}
{"timestamp":"2026-09-09T07:05:22.959Z","level":"INFO","event":"timer_broadcast","game":"wingo10","payload":{"minute":0,"secondtime1":0,"secondtime2":8}}
{"timestamp":"2026-09-09T07:05:22.960Z","level":"INFO","event":"timer_broadcast","game":"wingo","payload":{"minute":0,"secondtime1":3,"secondtime2":8}}
{"timestamp":"2026-09-09T07:05:22.960Z","level":"INFO","event":"timer_broadcast","game":"wingo3","payload":{"minute":0,"secondtime1":3,"secondtime2":8}}
{"timestamp":"2026-09-09T07:05:22.961Z","level":"INFO","event":"timer_broadcast","game":"wingo5","payload":{"minute":4,"secondtime1":3,"secondtime2":8}}
{"timestamp":"2026-09-09T07:05:23.963Z","level":"INFO","event":"timer_broadcast","game":"wingo10","payload":{"minute":0,"secondtime1":0,"secondtime2":7}}
{"timestamp":"2026-09-09T07:05:23.964Z","level":"INFO","event":"timer_broadcast","game":"wingo","payload":{"minute":0,"secondtime1":3,"secondtime2":7}}
{"timestamp":"2026-09-09T07:05:23.965Z","level":"INFO","event":"timer_broadcast","game":"wingo3","payload":{"minute":0,"secondtime1":3,"secondtime2":7}}
{"timestamp":"2026-09-09T07:05:23.965Z","level":"INFO","event":"timer_broadcast","game":"wingo5","payload":{"minute":4,"secondtime1":3,"secondtime2":7}}
{"timestamp":"2026-09-09T07:05:24.965Z","level":"INFO","event":"timer_broadcast","game":"wingo10","payload":{"minute":0,"secondtime1":0,"secondtime2":6}}
{"timestamp":"2026-09-09T07:05:24.966Z","level":"INFO","event":"timer_broadcast","game":"wingo","payload":{"minute":0,"secondtime1":3,"secondtime2":6}}
{"timestamp":"2026-09-09T07:05:24.967Z","level":"INFO","event":"timer_broadcast","game":"wingo3","payload":{"minute":0,"secondtime1":3,"secondtime2":6}}
{"timestamp":"2026-09-09T07:05:24.967Z","level":"INFO","event":"timer_broadcast","game":"wingo5","payload":{"minute":4,"secondtime1":3,"secondtime2":6}}
{"timestamp":"2026-09-09T07:05:25.979Z","level":"INFO","event":"timer_broadcast","game":"wingo10","payload":{"minute":0,"secondtime1":0,"secondtime2":5}}
{"timestamp":"2026-09-09T07:05:25.979Z","level":"INFO","event":"timer_broadcast","game":"wingo","payload":{"minute":0,"secondtime1":3,"secondtime2":5}}
{"timestamp":"2026-09-09T07:05:25.980Z","level":"INFO","event":"timer_broadcast","game":"wingo3","payload":{"minute":0,"secondtime1":3,"secondtime2":5}}
{"timestamp":"2026-09-09T07:05:25.980Z","level":"INFO","event":"timer_broadcast","game":"wingo5","payload":{"minute":4,"secondtime1":3,"secondtime2":5}}
{"timestamp":"2026-09-09T07:05:26.997Z","level":"INFO","event":"timer_broadcast","game":"wingo10","payload":{"minute":0,"secondtime1":0,"secondtime2":4}}
{"timestamp":"2026-09-09T07:05:27.002Z","level":"INFO","event":"timer_broadcast","game":"wingo","payload":{"minute":0,"secondtime1":3,"secondtime2":4}}
{"timestamp":"2026-09-09T07:05:27.006Z","level":"INFO","event":"timer_broadcast","game":"wingo3","payload":{"minute":0,"secondtime1":3,"secondtime2":4}}
{"timestamp":"2026-09-09T07:05:27.007Z","level":"INFO","event":"timer_broadcast","game":"wingo5","payload":{"minute":4,"secondtime1":3,"secondtime2":4}}
{"timestamp":"2026-09-09T07:05:27.124Z","level":"INFO","event":"socket_disconnected","socketId":"Zi0ZlBtNZzzTpESTAAAD","reason":"transport close"}
{"timestamp":"2026-09-09T07:05:28.002Z","level":"INFO","event":"timer_broadcast","game":"wingo10","payload":{"minute":0,"secondtime1":0,"secondtime2":2}}
{"timestamp":"2026-09-09T07:05:28.003Z","level":"INFO","event":"timer_broadcast","game":"wingo","payload":{"minute":0,"secondtime1":3,"secondtime2":2}}
{"timestamp":"2026-09-09T07:05:28.005Z","level":"INFO","event":"timer_broadcast","game":"wingo3","payload":{"minute":0,"secondtime1":3,"secondtime2":2}}
{"timestamp":"2026-09-09T07:05:28.006Z","level":"INFO","event":"timer_broadcast","game":"wingo5","payload":{"minute":4,"secondtime1":3,"secondtime2":2}}
{"timestamp":"2026-09-09T07:05:29.017Z","level":"INFO","event":"timer_broadcast","game":"wingo10","payload":{"minute":0,"secondtime1":0,"secondtime2":1}}
{"timestamp":"2026-09-09T07:05:29.018Z","level":"INFO","event":"timer_broadcast","game":"wingo","payload":{"minute":0,"secondtime1":3,"secondtime2":1}}
{"timestamp":"2026-09-09T07:05:29.018Z","level":"INFO","event":"timer_broadcast","game":"wingo3","payload":{"minute":0,"secondtime1":3,"secondtime2":1}}
{"timestamp":"2026-09-09T07:05:29.020Z","level":"INFO","event":"timer_broadcast","game":"wingo5","payload":{"minute":4,"secondtime1":3,"secondtime2":1}}
{"timestamp":"2026-09-09T07:05:29.446Z","level":"INFO","event":"socket_connected","socketId":"I5Sy21OiU-Xtb7aHAAAG"}
{"timestamp":"2026-09-09T07:05:29.642Z","level":"INFO","event":"socket_connected","socketId":"PhnTGoaAZgM2fxirAAAI"}
{"timestamp":"2026-09-09T07:05:30.025Z","level":"INFO","event":"timer_broadcast","game":"wingo10","payload":{"minute":0,"secondtime1":3,"secondtime2":0}}
{"timestamp":"2026-09-09T07:05:30.027Z","level":"INFO","event":"timer_broadcast","game":"wingo","payload":{"minute":0,"secondtime1":3,"secondtime2":0}}
{"timestamp":"2026-09-09T07:05:30.028Z","level":"INFO","event":"timer_broadcast","game":"wingo3","payload":{"minute":0,"secondtime1":3,"secondtime2":0}}
{"timestamp":"2026-09-09T07:05:30.029Z","level":"INFO","event":"timer_broadcast","game":"wingo5","payload":{"minute":4,"secondtime1":3,"secondtime2":0}}
{"timestamp":"2026-09-09T07:05:30.213Z","level":"INFO","event":"timer_boundary","game":"wingo10","intervalSeconds":30,"totalSeconds":45330,"boundary":1511}
{"timestamp":"2026-09-09T07:05:30.886Z","level":"INFO","event":"result_emitted","game":"wingo10","period":"38463951","amount":3}
{"timestamp":"2026-09-09T07:05:31.031Z","level":"INFO","event":"timer_broadcast","game":"wingo10","payload":{"minute":0,"secondtime1":2,"secondtime2":9}}
{"timestamp":"2026-09-09T07:05:31.032Z","level":"INFO","event":"timer_broadcast","game":"wingo","payload":{"minute":0,"secondtime1":2,"secondtime2":9}}
{"timestamp":"2026-09-09T07:05:31.033Z","level":"INFO","event":"timer_broadcast","game":"wingo3","payload":{"minute":0,"secondtime1":2,"secondtime2":9}}
{"timestamp":"2026-09-09T07:05:31.034Z","level":"INFO","event":"timer_broadcast","game":"wingo5","payload":{"minute":4,"secondtime1":2,"secondtime2":9}}
{"timestamp":"2026-09-09T07:05:32.034Z","level":"INFO","event":"timer_broadcast","game":"wingo10","payload":{"minute":0,"secondtime1":2,"secondtime2":8}}
{"timestamp":"2026-09-09T07:05:32.035Z","level":"INFO","event":"timer_broadcast","game":"wingo","payload":{"minute":0,"secondtime1":2,"secondtime2":8}}
{"timestamp":"2026-09-09T07:05:32.036Z","level":"INFO","event":"timer_broadcast","game":"wingo3","payload":{"minute":0,"secondtime1":2,"secondtime2":8}}
{"timestamp":"2026-09-09T07:05:32.036Z","level":"INFO","event":"timer_broadcast","game":"wingo5","payload":{"minute":4,"secondtime1":2,"secondtime2":8}}
{"timestamp":"2026-09-09T07:05:33.035Z","level":"INFO","event":"timer_broadcast","game":"wingo10","payload":{"minute":0,"secondtime1":2,"secondtime2":7}}
{"timestamp":"2026-09-09T07:05:33.035Z","level":"INFO","event":"timer_broadcast","game":"wingo","payload":{"minute":0,"secondtime1":2,"secondtime2":7}}
{"timestamp":"2026-09-09T07:05:33.035Z","level":"INFO","event":"timer_broadcast","game":"wingo3","payload":{"minute":0,"secondtime1":2,"secondtime2":7}}
{"timestamp":"2026-09-09T07:05:33.036Z","level":"INFO","event":"timer_broadcast","game":"wingo5","payload":{"minute":4,"secondtime1":2,"secondtime2":7}}
{"timestamp":"2026-09-09T07:05:34.045Z","level":"INFO","event":"timer_broadcast","game":"wingo10","payload":{"minute":0,"secondtime1":2,"secondtime2":6}}
{"timestamp":"2026-09-09T07:05:34.046Z","level":"INFO","event":"timer_broadcast","game":"wingo","payload":{"minute":0,"secondtime1":2,"secondtime2":6}}
{"timestamp":"2026-09-09T07:05:34.047Z","level":"INFO","event":"timer_broadcast","game":"wingo3","payload":{"minute":0,"secondtime1":2,"secondtime2":6}}
{"timestamp":"2026-09-09T07:05:34.048Z","level":"INFO","event":"timer_broadcast","game":"wingo5","payload":{"minute":4,"secondtime1":2,"secondtime2":6}}
{"timestamp":"2026-09-09T07:05:35.048Z","level":"INFO","event":"timer_broadcast","game":"wingo10","payload":{"minute":0,"secondtime1":2,"secondtime2":5}}
{"timestamp":"2026-09-09T07:05:35.049Z","level":"INFO","event":"timer_broadcast","game":"wingo","payload":{"minute":0,"secondtime1":2,"secondtime2":5}}
{"timestamp":"2026-09-09T07:05:35.050Z","level":"INFO","event":"timer_broadcast","game":"wingo3","payload":{"minute":0,"secondtime1":2,"secondtime2":5}}
{"timestamp":"2026-09-09T07:05:35.051Z","level":"INFO","event":"timer_broadcast","game":"wingo5","payload":{"minute":4,"secondtime1":2,"secondtime2":5}}
{"timestamp":"2026-09-09T07:05:36.065Z","level":"INFO","event":"timer_broadcast","game":"wingo10","payload":{"minute":0,"secondtime1":2,"secondtime2":4}}
{"timestamp":"2026-09-09T07:05:36.065Z","level":"INFO","event":"timer_broadcast","game":"wingo","payload":{"minute":0,"secondtime1":2,"secondtime2":4}}
{"timestamp":"2026-09-09T07:05:36.066Z","level":"INFO","event":"timer_broadcast","game":"wingo3","payload":{"minute":0,"secondtime1":2,"secondtime2":4}}
{"timestamp":"2026-09-09T07:05:36.066Z","level":"INFO","event":"timer_broadcast","game":"wingo5","payload":{"minute":4,"secondtime1":2,"secondtime2":4}}
{"timestamp":"2026-09-09T07:05:37.065Z","level":"INFO","event":"timer_broadcast","game":"wingo10","payload":{"minute":0,"secondtime1":2,"secondtime2":3}}
{"timestamp":"2026-09-09T07:05:37.065Z","level":"INFO","event":"timer_broadcast","game":"wingo","payload":{"minute":0,"secondtime1":2,"secondtime2":3}}
{"timestamp":"2026-09-09T07:05:37.066Z","level":"INFO","event":"timer_broadcast","game":"wingo3","payload":{"minute":0,"secondtime1":2,"secondtime2":3}}
{"timestamp":"2026-09-09T07:05:37.067Z","level":"INFO","event":"timer_broadcast","game":"wingo5","payload":{"minute":4,"secondtime1":2,"secondtime2":3}}
{"timestamp":"2026-09-09T07:05:38.065Z","level":"INFO","event":"timer_broadcast","game":"wingo10","payload":{"minute":0,"secondtime1":2,"secondtime2":2}}
{"timestamp":"2026-09-09T07:05:38.066Z","level":"INFO","event":"timer_broadcast","game":"wingo","payload":{"minute":0,"secondtime1":2,"secondtime2":2}}
{"timestamp":"2026-09-09T07:05:38.067Z","level":"INFO","event":"timer_broadcast","game":"wingo3","payload":{"minute":0,"secondtime1":2,"secondtime2":2}}
{"timestamp":"2026-09-09T07:05:38.067Z","level":"INFO","event":"timer_broadcast","game":"wingo5","payload":{"minute":4,"secondtime1":2,"secondtime2":2}}
{"timestamp":"2026-09-09T07:05:39.081Z","level":"INFO","event":"timer_broadcast","game":"wingo10","payload":{"minute":0,"secondtime1":2,"secondtime2":1}}
{"timestamp":"2026-09-09T07:05:39.082Z","level":"INFO","event":"timer_broadcast","game":"wingo","payload":{"minute":0,"secondtime1":2,"secondtime2":1}}
{"timestamp":"2026-09-09T07:05:39.083Z","level":"INFO","event":"timer_broadcast","game":"wingo3","payload":{"minute":0,"secondtime1":2,"secondtime2":1}}
{"timestamp":"2026-09-09T07:05:39.083Z","level":"INFO","event":"timer_broadcast","game":"wingo5","payload":{"minute":4,"secondtime1":2,"secondtime2":1}}
{"timestamp":"2026-09-09T07:05:40.081Z","level":"INFO","event":"timer_broadcast","game":"wingo10","payload":{"minute":0,"secondtime1":2,"secondtime2":0}}
{"timestamp":"2026-09-09T07:05:40.082Z","level":"INFO","event":"timer_broadcast","game":"wingo","payload":{"minute":0,"secondtime1":2,"secondtime2":0}}
{"timestamp":"2026-09-09T07:05:40.083Z","level":"INFO","event":"timer_broadcast","game":"wingo3","payload":{"minute":0,"secondtime1":2,"secondtime2":0}}
{"timestamp":"2026-09-09T07:05:40.083Z","level":"INFO","event":"timer_broadcast","game":"wingo5","payload":{"minute":4,"secondtime1":2,"secondtime2":0}}
{"timestamp":"2026-09-09T07:05:41.084Z","level":"INFO","event":"timer_broadcast","game":"wingo10","payload":{"minute":0,"secondtime1":1,"secondtime2":9}}
{"timestamp":"2026-09-09T07:05:41.084Z","level":"INFO","event":"timer_broadcast","game":"wingo","payload":{"minute":0,"secondtime1":1,"secondtime2":9}}
{"timestamp":"2026-09-09T07:05:41.085Z","level":"INFO","event":"timer_broadcast","game":"wingo3","payload":{"minute":0,"secondtime1":1,"secondtime2":9}}
{"timestamp":"2026-09-09T07:05:41.085Z","level":"INFO","event":"timer_broadcast","game":"wingo5","payload":{"minute":4,"secondtime1":1,"secondtime2":9}}
{"timestamp":"2026-09-09T07:05:42.097Z","level":"INFO","event":"timer_broadcast","game":"wingo10","payload":{"minute":0,"secondtime1":1,"secondtime2":8}}
{"timestamp":"2026-09-09T07:05:42.098Z","level":"INFO","event":"timer_broadcast","game":"wingo","payload":{"minute":0,"secondtime1":1,"secondtime2":8}}
{"timestamp":"2026-09-09T07:05:42.099Z","level":"INFO","event":"timer_broadcast","game":"wingo3","payload":{"minute":0,"secondtime1":1,"secondtime2":8}}
{"timestamp":"2026-09-09T07:05:42.100Z","level":"INFO","event":"timer_broadcast","game":"wingo5","payload":{"minute":4,"secondtime1":1,"secondtime2":8}}
{"timestamp":"2026-09-09T07:05:43.098Z","level":"INFO","event":"timer_broadcast","game":"wingo10","payload":{"minute":0,"secondtime1":1,"secondtime2":7}}
{"timestamp":"2026-09-09T07:05:43.099Z","level":"INFO","event":"timer_broadcast","game":"wingo","payload":{"minute":0,"secondtime1":1,"secondtime2":7}}
{"timestamp":"2026-09-09T07:05:43.099Z","level":"INFO","event":"timer_broadcast","game":"wingo3","payload":{"minute":0,"secondtime1":1,"secondtime2":7}}
{"timestamp":"2026-09-09T07:05:43.100Z","level":"INFO","event":"timer_broadcast","game":"wingo5","payload":{"minute":4,"secondtime1":1,"secondtime2":7}}
{"timestamp":"2026-09-09T07:05:44.098Z","level":"INFO","event":"timer_broadcast","game":"wingo10","payload":{"minute":0,"secondtime1":1,"secondtime2":6}}
{"timestamp":"2026-09-09T07:05:44.100Z","level":"INFO","event":"timer_broadcast","game":"wingo","payload":{"minute":0,"secondtime1":1,"secondtime2":6}}
{"timestamp":"2026-09-09T07:05:44.100Z","level":"INFO","event":"timer_broadcast","game":"wingo3","payload":{"minute":0,"secondtime1":1,"secondtime2":6}}
{"timestamp":"2026-09-09T07:05:44.101Z","level":"INFO","event":"timer_broadcast","game":"wingo5","payload":{"minute":4,"secondtime1":1,"secondtime2":6}}
{"timestamp":"2026-09-09T07:05:45.099Z","level":"INFO","event":"timer_broadcast","game":"wingo10","payload":{"minute":0,"secondtime1":1,"secondtime2":5}}
{"timestamp":"2026-09-09T07:05:45.100Z","level":"INFO","event":"timer_broadcast","game":"wingo","payload":{"minute":0,"secondtime1":1,"secondtime2":5}}
{"timestamp":"2026-09-09T07:05:45.100Z","level":"INFO","event":"timer_broadcast","game":"wingo3","payload":{"minute":0,"secondtime1":1,"secondtime2":5}}
{"timestamp":"2026-09-09T07:05:45.101Z","level":"INFO","event":"timer_broadcast","game":"wingo5","payload":{"minute":4,"secondtime1":1,"secondtime2":5}}
{"timestamp":"2026-09-09T07:05:46.115Z","level":"INFO","event":"timer_broadcast","game":"wingo10","payload":{"minute":0,"secondtime1":1,"secondtime2":4}}
{"timestamp":"2026-09-09T07:05:46.116Z","level":"INFO","event":"timer_broadcast","game":"wingo","payload":{"minute":0,"secondtime1":1,"secondtime2":4}}
{"timestamp":"2026-09-09T07:05:46.117Z","level":"INFO","event":"timer_broadcast","game":"wingo3","payload":{"minute":0,"secondtime1":1,"secondtime2":4}}
{"timestamp":"2026-09-09T07:05:46.118Z","level":"INFO","event":"timer_broadcast","game":"wingo5","payload":{"minute":4,"secondtime1":1,"secondtime2":4}}
{"timestamp":"2026-09-09T07:05:47.115Z","level":"INFO","event":"timer_broadcast","game":"wingo10","payload":{"minute":0,"secondtime1":1,"secondtime2":3}}
{"timestamp":"2026-09-09T07:05:47.116Z","level":"INFO","event":"timer_broadcast","game":"wingo","payload":{"minute":0,"secondtime1":1,"secondtime2":3}}
{"timestamp":"2026-09-09T07:05:47.117Z","level":"INFO","event":"timer_broadcast","game":"wingo3","payload":{"minute":0,"secondtime1":1,"secondtime2":3}}
{"timestamp":"2026-09-09T07:05:47.118Z","level":"INFO","event":"timer_broadcast","game":"wingo5","payload":{"minute":4,"secondtime1":1,"secondtime2":3}}
{"timestamp":"2026-09-09T07:05:48.115Z","level":"INFO","event":"timer_broadcast","game":"wingo10","payload":{"minute":0,"secondtime1":1,"secondtime2":2}}
{"timestamp":"2026-09-09T07:05:48.116Z","level":"INFO","event":"timer_broadcast","game":"wingo","payload":{"minute":0,"secondtime1":1,"secondtime2":2}}
{"timestamp":"2026-09-09T07:05:48.117Z","level":"INFO","event":"timer_broadcast","game":"wingo3","payload":{"minute":0,"secondtime1":1,"secondtime2":2}}
{"timestamp":"2026-09-09T07:05:48.118Z","level":"INFO","event":"timer_broadcast","game":"wingo5","payload":{"minute":4,"secondtime1":1,"secondtime2":2}}
{"timestamp":"2026-09-09T07:05:49.115Z","level":"INFO","event":"timer_broadcast","game":"wingo10","payload":{"minute":0,"secondtime1":1,"secondtime2":1}}
{"timestamp":"2026-09-09T07:05:49.116Z","level":"INFO","event":"timer_broadcast","game":"wingo","payload":{"minute":0,"secondtime1":1,"secondtime2":1}}
{"timestamp":"2026-09-09T07:05:49.117Z","level":"INFO","event":"timer_broadcast","game":"wingo3","payload":{"minute":0,"secondtime1":1,"secondtime2":1}}
{"timestamp":"2026-09-09T07:05:49.118Z","level":"INFO","event":"timer_broadcast","game":"wingo5","payload":{"minute":4,"secondtime1":1,"secondtime2":1}}
{"timestamp":"2026-09-09T07:05:50.114Z","level":"INFO","event":"timer_broadcast","game":"wingo10","payload":{"minute":0,"secondtime1":1,"secondtime2":0}}
{"timestamp":"2026-09-09T07:05:50.116Z","level":"INFO","event":"timer_broadcast","game":"wingo","payload":{"minute":0,"secondtime1":1,"secondtime2":0}}
{"timestamp":"2026-09-09T07:05:50.117Z","level":"INFO","event":"timer_broadcast","game":"wingo3","payload":{"minute":0,"secondtime1":1,"secondtime2":0}}
{"timestamp":"2026-09-09T07:05:50.117Z","level":"INFO","event":"timer_broadcast","game":"wingo5","payload":{"minute":4,"secondtime1":1,"secondtime2":0}}
{"timestamp":"2026-09-09T07:05:51.115Z","level":"INFO","event":"timer_broadcast","game":"wingo10","payload":{"minute":0,"secondtime1":0,"secondtime2":9}}
{"timestamp":"2026-09-09T07:05:51.116Z","level":"INFO","event":"timer_broadcast","game":"wingo","payload":{"minute":0,"secondtime1":0,"secondtime2":9}}
{"timestamp":"2026-09-09T07:05:51.117Z","level":"INFO","event":"timer_broadcast","game":"wingo3","payload":{"minute":0,"secondtime1":0,"secondtime2":9}}
{"timestamp":"2026-09-09T07:05:51.117Z","level":"INFO","event":"timer_broadcast","game":"wingo5","payload":{"minute":4,"secondtime1":0,"secondtime2":9}}
{"timestamp":"2026-09-09T07:05:52.116Z","level":"INFO","event":"timer_broadcast","game":"wingo10","payload":{"minute":0,"secondtime1":0,"secondtime2":8}}
{"timestamp":"2026-09-09T07:05:52.117Z","level":"INFO","event":"timer_broadcast","game":"wingo","payload":{"minute":0,"secondtime1":0,"secondtime2":8}}
{"timestamp":"2026-09-09T07:05:52.117Z","level":"INFO","event":"timer_broadcast","game":"wingo3","payload":{"minute":0,"secondtime1":0,"secondtime2":8}}
{"timestamp":"2026-09-09T07:05:52.118Z","level":"INFO","event":"timer_broadcast","game":"wingo5","payload":{"minute":4,"secondtime1":0,"secondtime2":8}}
{"timestamp":"2026-09-09T07:05:53.116Z","level":"INFO","event":"timer_broadcast","game":"wingo10","payload":{"minute":0,"secondtime1":0,"secondtime2":7}}
{"timestamp":"2026-09-09T07:05:53.117Z","level":"INFO","event":"timer_broadcast","game":"wingo","payload":{"minute":0,"secondtime1":0,"secondtime2":7}}
{"timestamp":"2026-09-09T07:05:53.118Z","level":"INFO","event":"timer_broadcast","game":"wingo3","payload":{"minute":0,"secondtime1":0,"secondtime2":7}}
{"timestamp":"2026-09-09T07:05:53.118Z","level":"INFO","event":"timer_broadcast","game":"wingo5","payload":{"minute":4,"secondtime1":0,"secondtime2":7}}
{"timestamp":"2026-09-09T07:05:54.116Z","level":"INFO","event":"timer_broadcast","game":"wingo10","payload":{"minute":0,"secondtime1":0,"secondtime2":6}}
{"timestamp":"2026-09-09T07:05:54.116Z","level":"INFO","event":"timer_broadcast","game":"wingo","payload":{"minute":0,"secondtime1":0,"secondtime2":6}}
{"timestamp":"2026-09-09T07:05:54.117Z","level":"INFO","event":"timer_broadcast","game":"wingo3","payload":{"minute":0,"secondtime1":0,"secondtime2":6}}
{"timestamp":"2026-09-09T07:05:54.117Z","level":"INFO","event":"timer_broadcast","game":"wingo5","payload":{"minute":4,"secondtime1":0,"secondtime2":6}}
{"timestamp":"2026-09-09T07:05:55.115Z","level":"INFO","event":"timer_broadcast","game":"wingo10","payload":{"minute":0,"secondtime1":0,"secondtime2":5}}
{"timestamp":"2026-09-09T07:05:55.116Z","level":"INFO","event":"timer_broadcast","game":"wingo","payload":{"minute":0,"secondtime1":0,"secondtime2":5}}
{"timestamp":"2026-09-09T07:05:55.117Z","level":"INFO","event":"timer_broadcast","game":"wingo3","payload":{"minute":0,"secondtime1":0,"secondtime2":5}}
{"timestamp":"2026-09-09T07:05:55.117Z","level":"INFO","event":"timer_broadcast","game":"wingo5","payload":{"minute":4,"secondtime1":0,"secondtime2":5}}
{"timestamp":"2026-09-09T07:05:56.116Z","level":"INFO","event":"timer_broadcast","game":"wingo10","payload":{"minute":0,"secondtime1":0,"secondtime2":4}}
{"timestamp":"2026-09-09T07:05:56.117Z","level":"INFO","event":"timer_broadcast","game":"wingo","payload":{"minute":0,"secondtime1":0,"secondtime2":4}}
{"timestamp":"2026-09-09T07:05:56.117Z","level":"INFO","event":"timer_broadcast","game":"wingo3","payload":{"minute":0,"secondtime1":0,"secondtime2":4}}
{"timestamp":"2026-09-09T07:05:56.118Z","level":"INFO","event":"timer_broadcast","game":"wingo5","payload":{"minute":4,"secondtime1":0,"secondtime2":4}}
{"timestamp":"2026-09-09T07:05:57.115Z","level":"INFO","event":"timer_broadcast","game":"wingo10","payload":{"minute":0,"secondtime1":0,"secondtime2":3}}
{"timestamp":"2026-09-09T07:05:57.116Z","level":"INFO","event":"timer_broadcast","game":"wingo","payload":{"minute":0,"secondtime1":0,"secondtime2":3}}
{"timestamp":"2026-09-09T07:05:57.117Z","level":"INFO","event":"timer_broadcast","game":"wingo3","payload":{"minute":0,"secondtime1":0,"secondtime2":3}}
{"timestamp":"2026-09-09T07:05:57.117Z","level":"INFO","event":"timer_broadcast","game":"wingo5","payload":{"minute":4,"secondtime1":0,"secondtime2":3}}
{"timestamp":"2026-09-09T07:05:58.116Z","level":"INFO","event":"timer_broadcast","game":"wingo10","payload":{"minute":0,"secondtime1":0,"secondtime2":2}}
{"timestamp":"2026-09-09T07:05:58.117Z","level":"INFO","event":"timer_broadcast","game":"wingo","payload":{"minute":0,"secondtime1":0,"secondtime2":2}}
{"timestamp":"2026-09-09T07:05:58.117Z","level":"INFO","event":"timer_broadcast","game":"wingo3","payload":{"minute":0,"secondtime1":0,"secondtime2":2}}
{"timestamp":"2026-09-09T07:05:58.118Z","level":"INFO","event":"timer_broadcast","game":"wingo5","payload":{"minute":4,"secondtime1":0,"secondtime2":2}}
{"timestamp":"2026-09-09T07:05:59.132Z","level":"INFO","event":"timer_broadcast","game":"wingo10","payload":{"minute":0,"secondtime1":0,"secondtime2":1}}
{"timestamp":"2026-09-09T07:05:59.133Z","level":"INFO","event":"timer_broadcast","game":"wingo","payload":{"minute":0,"secondtime1":0,"secondtime2":1}}
{"timestamp":"2026-09-09T07:05:59.134Z","level":"INFO","event":"timer_broadcast","game":"wingo3","payload":{"minute":0,"secondtime1":0,"secondtime2":1}}
{"timestamp":"2026-09-09T07:05:59.134Z","level":"INFO","event":"timer_broadcast","game":"wingo5","payload":{"minute":4,"secondtime1":0,"secondtime2":1}}
{"timestamp":"2026-09-09T07:06:00.132Z","level":"INFO","event":"timer_broadcast","game":"wingo10","payload":{"minute":0,"secondtime1":3,"secondtime2":0}}
{"timestamp":"2026-09-09T07:06:00.133Z","level":"INFO","event":"timer_broadcast","game":"wingo","payload":{"minute":1,"secondtime1":0,"secondtime2":0}}
{"timestamp":"2026-09-09T07:06:00.133Z","level":"INFO","event":"timer_broadcast","game":"wingo3","payload":{"minute":3,"secondtime1":0,"secondtime2":0}}
{"timestamp":"2026-09-09T07:06:00.134Z","level":"INFO","event":"timer_broadcast","game":"wingo5","payload":{"minute":4,"secondtime1":0,"secondtime2":0}}
{"timestamp":"2026-09-09T07:06:00.135Z","level":"INFO","event":"timer_boundary","game":"wingo10","intervalSeconds":30,"totalSeconds":45360,"boundary":1512}
{"timestamp":"2026-09-09T07:06:00.137Z","level":"INFO","event":"timer_boundary","game":"wingo","intervalSeconds":60,"totalSeconds":45360,"boundary":756}
{"timestamp":"2026-09-09T07:06:00.137Z","level":"INFO","event":"timer_boundary","game":"wingo3","intervalSeconds":180,"totalSeconds":45360,"boundary":252}
{"timestamp":"2026-09-09T07:06:00.617Z","level":"INFO","event":"result_emitted","game":"wingo10","period":"38463953","amount":4}
{"timestamp":"2026-09-09T07:06:00.625Z","level":"INFO","event":"result_emitted","game":"wingo3","period":"20260903100021037","amount":2}
{"timestamp":"2026-09-09T07:06:00.652Z","level":"INFO","event":"result_emitted","game":"wingo","period":"2667757","amount":9}
{"timestamp":"2026-09-09T07:06:01.136Z","level":"INFO","event":"timer_broadcast","game":"wingo10","payload":{"minute":0,"secondtime1":2,"secondtime2":9}}
{"timestamp":"2026-09-09T07:06:01.137Z","level":"INFO","event":"timer_broadcast","game":"wingo","payload":{"minute":0,"secondtime1":5,"secondtime2":9}}
{"timestamp":"2026-09-09T07:06:01.137Z","level":"INFO","event":"timer_broadcast","game":"wingo3","payload":{"minute":2,"secondtime1":5,"secondtime2":9}}
{"timestamp":"2026-09-09T07:06:01.138Z","level":"INFO","event":"timer_broadcast","game":"wingo5","payload":{"minute":3,"secondtime1":5,"secondtime2":9}}
{"timestamp":"2026-09-09T07:06:02.191Z","level":"INFO","event":"timer_broadcast","game":"wingo10","payload":{"minute":0,"secondtime1":2,"secondtime2":8}}
{"timestamp":"2026-09-09T07:06:02.192Z","level":"INFO","event":"timer_broadcast","game":"wingo","payload":{"minute":0,"secondtime1":5,"secondtime2":8}}
{"timestamp":"2026-09-09T07:06:02.192Z","level":"INFO","event":"timer_broadcast","game":"wingo3","payload":{"minute":2,"secondtime1":5,"secondtime2":8}}
{"timestamp":"2026-09-09T07:06:02.192Z","level":"INFO","event":"timer_broadcast","game":"wingo5","payload":{"minute":3,"secondtime1":5,"secondtime2":8}}
{"timestamp":"2026-09-09T07:06:03.199Z","level":"INFO","event":"timer_broadcast","game":"wingo10","payload":{"minute":0,"secondtime1":2,"secondtime2":7}}
{"timestamp":"2026-09-09T07:06:03.199Z","level":"INFO","event":"timer_broadcast","game":"wingo","payload":{"minute":0,"secondtime1":5,"secondtime2":7}}
{"timestamp":"2026-09-09T07:06:03.200Z","level":"INFO","event":"timer_broadcast","game":"wingo3","payload":{"minute":2,"secondtime1":5,"secondtime2":7}}
{"timestamp":"2026-09-09T07:06:03.201Z","level":"INFO","event":"timer_broadcast","game":"wingo5","payload":{"minute":3,"secondtime1":5,"secondtime2":7}}
{"timestamp":"2026-09-09T07:06:04.199Z","level":"INFO","event":"timer_broadcast","game":"wingo10","payload":{"minute":0,"secondtime1":2,"secondtime2":6}}
{"timestamp":"2026-09-09T07:06:04.200Z","level":"INFO","event":"timer_broadcast","game":"wingo","payload":{"minute":0,"secondtime1":5,"secondtime2":6}}
{"timestamp":"2026-09-09T07:06:04.201Z","level":"INFO","event":"timer_broadcast","game":"wingo3","payload":{"minute":2,"secondtime1":5,"secondtime2":6}}
{"timestamp":"2026-09-09T07:06:04.202Z","level":"INFO","event":"timer_broadcast","game":"wingo5","payload":{"minute":3,"secondtime1":5,"secondtime2":6}}
{"timestamp":"2026-09-09T07:06:05.215Z","level":"INFO","event":"timer_broadcast","game":"wingo10","payload":{"minute":0,"secondtime1":2,"secondtime2":5}}
{"timestamp":"2026-09-09T07:06:05.216Z","level":"INFO","event":"timer_broadcast","game":"wingo","payload":{"minute":0,"secondtime1":5,"secondtime2":5}}
{"timestamp":"2026-09-09T07:06:05.217Z","level":"INFO","event":"timer_broadcast","game":"wingo3","payload":{"minute":2,"secondtime1":5,"secondtime2":5}}
{"timestamp":"2026-09-09T07:06:05.217Z","level":"INFO","event":"timer_broadcast","game":"wingo5","payload":{"minute":3,"secondtime1":5,"secondtime2":5}}
{"timestamp":"2026-09-09T07:06:06.215Z","level":"INFO","event":"timer_broadcast","game":"wingo10","payload":{"minute":0,"secondtime1":2,"secondtime2":4}}
{"timestamp":"2026-09-09T07:06:06.216Z","level":"INFO","event":"timer_broadcast","game":"wingo","payload":{"minute":0,"secondtime1":5,"secondtime2":4}}
{"timestamp":"2026-09-09T07:06:06.217Z","level":"INFO","event":"timer_broadcast","game":"wingo3","payload":{"minute":2,"secondtime1":5,"secondtime2":4}}
{"timestamp":"2026-09-09T07:06:06.217Z","level":"INFO","event":"timer_broadcast","game":"wingo5","payload":{"minute":3,"secondtime1":5,"secondtime2":4}}
{"timestamp":"2026-09-09T07:06:07.216Z","level":"INFO","event":"timer_broadcast","game":"wingo10","payload":{"minute":0,"secondtime1":2,"secondtime2":3}}
{"timestamp":"2026-09-09T07:06:07.217Z","level":"INFO","event":"timer_broadcast","game":"wingo","payload":{"minute":0,"secondtime1":5,"secondtime2":3}}
{"timestamp":"2026-09-09T07:06:07.218Z","level":"INFO","event":"timer_broadcast","game":"wingo3","payload":{"minute":2,"secondtime1":5,"secondtime2":3}}
{"timestamp":"2026-09-09T07:06:07.218Z","level":"INFO","event":"timer_broadcast","game":"wingo5","payload":{"minute":3,"secondtime1":5,"secondtime2":3}}
{"timestamp":"2026-09-09T07:06:08.228Z","level":"INFO","event":"timer_broadcast","game":"wingo10","payload":{"minute":0,"secondtime1":2,"secondtime2":2}}
{"timestamp":"2026-09-09T07:06:08.228Z","level":"INFO","event":"timer_broadcast","game":"wingo","payload":{"minute":0,"secondtime1":5,"secondtime2":2}}
{"timestamp":"2026-09-09T07:06:08.229Z","level":"INFO","event":"timer_broadcast","game":"wingo3","payload":{"minute":2,"secondtime1":5,"secondtime2":2}}
{"timestamp":"2026-09-09T07:06:08.229Z","level":"INFO","event":"timer_broadcast","game":"wingo5","payload":{"minute":3,"secondtime1":5,"secondtime2":2}}
{"timestamp":"2026-09-09T07:06:09.232Z","level":"INFO","event":"timer_broadcast","game":"wingo10","payload":{"minute":0,"secondtime1":2,"secondtime2":1}}
{"timestamp":"2026-09-09T07:06:09.233Z","level":"INFO","event":"timer_broadcast","game":"wingo","payload":{"minute":0,"secondtime1":5,"secondtime2":1}}
{"timestamp":"2026-09-09T07:06:09.234Z","level":"INFO","event":"timer_broadcast","game":"wingo3","payload":{"minute":2,"secondtime1":5,"secondtime2":1}}
{"timestamp":"2026-09-09T07:06:09.234Z","level":"INFO","event":"timer_broadcast","game":"wingo5","payload":{"minute":3,"secondtime1":5,"secondtime2":1}}
{"timestamp":"2026-09-09T07:06:10.250Z","level":"INFO","event":"timer_broadcast","game":"wingo10","payload":{"minute":0,"secondtime1":2,"secondtime2":0}}
{"timestamp":"2026-09-09T07:06:10.251Z","level":"INFO","event":"timer_broadcast","game":"wingo","payload":{"minute":0,"secondtime1":5,"secondtime2":0}}
{"timestamp":"2026-09-09T07:06:10.251Z","level":"INFO","event":"timer_broadcast","game":"wingo3","payload":{"minute":2,"secondtime1":5,"secondtime2":0}}
{"timestamp":"2026-09-09T07:06:10.252Z","level":"INFO","event":"timer_broadcast","game":"wingo5","payload":{"minute":3,"secondtime1":5,"secondtime2":0}}
{"timestamp":"2026-09-09T07:06:11.261Z","level":"INFO","event":"timer_broadcast","game":"wingo10","payload":{"minute":0,"secondtime1":1,"secondtime2":9}}
{"timestamp":"2026-09-09T07:06:11.261Z","level":"INFO","event":"timer_broadcast","game":"wingo","payload":{"minute":0,"secondtime1":4,"secondtime2":9}}
{"timestamp":"2026-09-09T07:06:11.262Z","level":"INFO","event":"timer_broadcast","game":"wingo3","payload":{"minute":2,"secondtime1":4,"secondtime2":9}}
{"timestamp":"2026-09-09T07:06:11.262Z","level":"INFO","event":"timer_broadcast","game":"wingo5","payload":{"minute":3,"secondtime1":4,"secondtime2":9}}
{"timestamp":"2026-09-09T07:06:12.265Z","level":"INFO","event":"timer_broadcast","game":"wingo10","payload":{"minute":0,"secondtime1":1,"secondtime2":8}}
{"timestamp":"2026-09-09T07:06:12.266Z","level":"INFO","event":"timer_broadcast","game":"wingo","payload":{"minute":0,"secondtime1":4,"secondtime2":8}}
{"timestamp":"2026-09-09T07:06:12.266Z","level":"INFO","event":"timer_broadcast","game":"wingo3","payload":{"minute":2,"secondtime1":4,"secondtime2":8}}
{"timestamp":"2026-09-09T07:06:12.266Z","level":"INFO","event":"timer_broadcast","game":"wingo5","payload":{"minute":3,"secondtime1":4,"secondtime2":8}}
{"timestamp":"2026-09-09T07:06:13.265Z","level":"INFO","event":"timer_broadcast","game":"wingo10","payload":{"minute":0,"secondtime1":1,"secondtime2":7}}
{"timestamp":"2026-09-09T07:06:13.266Z","level":"INFO","event":"timer_broadcast","game":"wingo","payload":{"minute":0,"secondtime1":4,"secondtime2":7}}
{"timestamp":"2026-09-09T07:06:13.266Z","level":"INFO","event":"timer_broadcast","game":"wingo3","payload":{"minute":2,"secondtime1":4,"secondtime2":7}}
{"timestamp":"2026-09-09T07:06:13.266Z","level":"INFO","event":"timer_broadcast","game":"wingo5","payload":{"minute":3,"secondtime1":4,"secondtime2":7}}
{"timestamp":"2026-09-09T07:06:14.266Z","level":"INFO","event":"timer_broadcast","game":"wingo10","payload":{"minute":0,"secondtime1":1,"secondtime2":6}}
{"timestamp":"2026-09-09T07:06:14.267Z","level":"INFO","event":"timer_broadcast","game":"wingo","payload":{"minute":0,"secondtime1":4,"secondtime2":6}}
{"timestamp":"2026-09-09T07:06:14.268Z","level":"INFO","event":"timer_broadcast","game":"wingo3","payload":{"minute":2,"secondtime1":4,"secondtime2":6}}
{"timestamp":"2026-09-09T07:06:14.268Z","level":"INFO","event":"timer_broadcast","game":"wingo5","payload":{"minute":3,"secondtime1":4,"secondtime2":6}}
{"timestamp":"2026-09-09T07:06:15.273Z","level":"INFO","event":"timer_broadcast","game":"wingo10","payload":{"minute":0,"secondtime1":1,"secondtime2":5}}
{"timestamp":"2026-09-09T07:06:15.273Z","level":"INFO","event":"timer_broadcast","game":"wingo","payload":{"minute":0,"secondtime1":4,"secondtime2":5}}
{"timestamp":"2026-09-09T07:06:15.274Z","level":"INFO","event":"timer_broadcast","game":"wingo3","payload":{"minute":2,"secondtime1":4,"secondtime2":5}}
{"timestamp":"2026-09-09T07:06:15.274Z","level":"INFO","event":"timer_broadcast","game":"wingo5","payload":{"minute":3,"secondtime1":4,"secondtime2":5}}
{"timestamp":"2026-09-09T07:06:16.275Z","level":"INFO","event":"timer_broadcast","game":"wingo10","payload":{"minute":0,"secondtime1":1,"secondtime2":4}}
{"timestamp":"2026-09-09T07:06:16.276Z","level":"INFO","event":"timer_broadcast","game":"wingo","payload":{"minute":0,"secondtime1":4,"secondtime2":4}}
{"timestamp":"2026-09-09T07:06:16.276Z","level":"INFO","event":"timer_broadcast","game":"wingo3","payload":{"minute":2,"secondtime1":4,"secondtime2":4}}
{"timestamp":"2026-09-09T07:06:16.276Z","level":"INFO","event":"timer_broadcast","game":"wingo5","payload":{"minute":3,"secondtime1":4,"secondtime2":4}}
{"timestamp":"2026-09-09T07:06:17.278Z","level":"INFO","event":"timer_broadcast","game":"wingo10","payload":{"minute":0,"secondtime1":1,"secondtime2":3}}
{"timestamp":"2026-09-09T07:06:17.279Z","level":"INFO","event":"timer_broadcast","game":"wingo","payload":{"minute":0,"secondtime1":4,"secondtime2":3}}
{"timestamp":"2026-09-09T07:06:17.279Z","level":"INFO","event":"timer_broadcast","game":"wingo3","payload":{"minute":2,"secondtime1":4,"secondtime2":3}}
{"timestamp":"2026-09-09T07:06:17.280Z","level":"INFO","event":"timer_broadcast","game":"wingo5","payload":{"minute":3,"secondtime1":4,"secondtime2":3}}
